Origem;Nome;Código IF / CETIP;ISIN;Status;Taxa / Remuneração;Emissão;Série;Data Emissão;Data Vencimento;Volume (R$);Devedor / Cedente;Lastro;Agente Fiduciário;Tipo / Oferta
"Opea";"CRI 609ª Emissão 1ª Série";"26E4435499";"BRRBRACIR3T7";"Ativa";"CDI + 1,1500% a.a.";"609";"1";"";"20/12/2027";"138.612,00";"BTLC II";"";"";"RCVM160RA"
"Opea";"CRI 224ª Emissão 1ª Série";"CRA026002XL";"BRRBRACRA900";"Ativa";"100,0000% CDI";"224";"1";"";"14/05/2031";"72.000,00";"Ouro Safra";"";"";"RCVM160RA"
"Opea";"CRI 601ª Emissão 1ª Série";"26E3783551";"BRRBRACIR3E9";"Ativa";"IPCA + 13,7500% a.a.";"601";"1";"";"22/05/2035";"45.000,00";"Hot Beach You Fase 2";"";"";"RCVM160RA"
"Opea";"CRI 600ª Emissão 2ª Série";"26E3077577";"BRRBRACIR3K6";"Ativa";"12,6582% a.a.";"600";"2";"";"14/05/2036";"140.953,00";"BTG Windsor";"";"";"RCVM160RA"
"Opea";"CRI 600ª Emissão 1ª Série";"26E3061336";"BRRBRACIR3J8";"Ativa";"94,0000% CDI";"600";"1";"";"14/05/2036";"205.345,00";"BTG Windsor";"";"";"RCVM160RA"
"Opea";"CRI 600ª Emissão 4ª Série";"26E3062318";"BRRBRACIR3M2";"Ativa";"96,0000% CDI";"600";"4";"";"14/05/2041";"145.880,00";"BTG Windsor";"";"";"RCVM160RA"
"Opea";"CRI 600ª Emissão 6ª Série";"26E3064087";"BRRBRACIR3O8";"Ativa";"IPCA + 6,2211% a.a.";"600";"6";"";"14/05/2041";"14.217,00";"BTG Windsor";"";"";"RCVM160RA"
"Opea";"CRI 600ª Emissão 5ª Série";"26E3143319";"BRRBRACIR3N0";"Ativa";"12,8029% a.a.";"600";"5";"";"14/05/2041";"56.982,00";"BTG Windsor";"";"";"RCVM160RA"
"Opea";"CRI 600ª Emissão 3ª Série";"26E3147193";"BRRBRACIR3L4";"Ativa";"IPCA + 6,2488% a.a.";"600";"3";"";"14/05/2036";"36.623,00";"BTG Windsor";"";"";"RCVM160RA"
"Opea";"CRI 591ª Emissão 2ª Série";"26E3499911";"BRRBRACIR3D1";"Ativa";"0,0000% a.a.";"591";"2";"";"16/09/2027";"25.000,00";"Tarjab";"";"";"RCVM160RA"
"Opea";"CRI 47ª Emissão 1ª Série";"RBRAD7";"BRRBRADBS3K1";"Ativa";"CDI + 2,5500% a.a.";"47";"1";"";"31/10/2029";"200.000,00";"Transmaroni";"";"";"RCVM160RA"
"Opea";"CRI 46ª Emissão 1ª Série";"RBRAD6";"BRRBRADBS3N5";"Ativa";"CDI + 3,9100% a.a.";"46";"1";"";"08/04/2030";"78.535.663,00";"Lokamig";"";"";"RCVM160RA"
"Opea";"CRI 45ª Emissão 1ª Série";"RBRAE5";"BRRBRADBS3O3";"Ativa";"CDI + 3,7800% a.a.";"45";"1";"";"11/09/2028";"157.908.024,00";"Tora Transportes";"";"";"RCVM160RA"
"Opea";"CRI 592ª Emissão 3ª Série";"26C4080854";"BRRBRACIR2R3";"Ativa";"CDI + 5,0000% a.a.";"592";"3";"";"21/09/2028";"1,00";"Obelisco";"";"";"RCVM160RA"
"Opea";"CRI 315ª Emissão 2ª Série";"24I1656918";"BRRBRACRIPT8";"Ativa";"CDI + 4,0000% a.a.";"315";"2";"";"21/09/2028";"6.000,00";"Raposo";"";"";"RCVM160RA"
"Opea";"CRI 315ª Emissão 3ª Série";"24I1656960";"BRRBRACRIPU6";"Ativa";"CDI + 4,0000% a.a.";"315";"3";"";"21/09/2028";"2.460,00";"Raposo";"";"";"RCVM160RA"
"Opea";"CRI 486ª Emissão 1ª Série";"26D0012201";"BRRBRACIR2H4";"Ativa";"CDI + 0,5000% a.a.";"486";"1";"";"14/04/2031";"397.715,00";"Brookfield Aqwa";"";"";"RCVM160RA"
"Opea";"CRI 582ª Emissão 1ª Série";"26D5742881";"BRRBRACIR382";"Ativa";"CDI + 1,7000% a.a.";"582";"1";"";"26/04/2046";"7.000,00";"Química Amparo (Ypê)";"";"";"RCVM160RA"
"Opea";"CRI 582ª Emissão 2ª Série";"26D5743070";"BRRBRACIR390";"Ativa";"IGPM + 10,0000% a.a.";"582";"2";"";"26/04/2046";"63.000,00";"Química Amparo (Ypê)";"";"";"RCVM160RA"
"Opea";"CRI 43ª Emissão 1ª Série";"RBRA43";"BRRBRADBS3J3";"Ativa";"CDI + 1,9000% a.a.";"43";"1";"";"09/04/2031";"500.000,00";"Multilog";"";"";"RCVM160RA"
"Opea";"CRI 579ª Emissão 1ª Série";"26C5955434";"BRRBRACIR374";"Ativa";"CDI + 3,3500% a.a.";"579";"1";"";"21/09/2028";"25.000,00";"Stay Ludolf";"";"";"RCVM160RA"
"Opea";"CRI 42ª Emissão 1ª Série";"RBRA42";"BRRBRADBS3I5";"Ativa";"16,3269% a.a.";"42";"1";"";"30/07/2030";"284.071.107,00";"MOVIDA III";"";"";"RCVM160RA"
"Opea";"CRI 593ª Emissão 1ª Série";"26C5379732";"BRRBRACIR325";"Ativa";"IPCA + 9,2567% a.a.";"593";"1";"";"21/03/2041";"62.000,00";"JHSF VI";"";"";"RCVM160RA"
"Opea";"CRI 559ª Emissão 1ª Série";"20I0047200";"BRRBRACIR3B5";"Ativa";"IPCA + 7,8000% a.a.";"559";"1";"";"24/08/2039";"975,00";"Almeida Junior III";"";"";"ICVM476"
"Opea";"CRI 559ª Emissão 2ª Série";"20I0047574";"BRRBRACIR3C3";"Ativa";"IPCA + 7,8000% a.a.";"559";"2";"";"24/08/2039";"975,00";"Almeida Junior III";"";"";"ICVM476"
"Opea";"CRI 559ª Emissão 3ª Série";"24H2371051";"BRRBRACIR3A7";"Ativa";"IPCA + 8,8500% a.a.";"559";"3";"";"24/08/2039";"500,00";"Almeida Junior III";"";"";"RCVM160RA"
"Opea";"CRI 596ª Emissão 1ª Série";"26C5001174";"BRRBRACIR333";"Ativa";"CDI + 1,2000% a.a.";"596";"1";"";"20/06/2032";"64.700,00";"MRV PRO SOLUTO II";"";"";"RCVM160RA"
"Opea";"CRI 589ª Emissão 1ª Série";"26C4863993";"BRRBRACIR309";"Ativa";"IPCA + 11,1700% a.a.";"589";"1";"";"19/07/2035";"105.615,00";"MRV FLEX IX";"";"";"RCVM160RA"
"Opea";"CRI 589ª Emissão 2ª Série";"26C4864681";"BRRBRACIR317";"Ativa";"IPCA + 9,0000% a.a.";"589";"2";"";"19/03/2041";"7.949,00";"MRV FLEX IX";"";"";"RCVM160RA"
"Opea";"CRI 590ª Emissão 1ª Série";"26C4869290";"BRRBRACIR2X1";"Ativa";"CDI + 2,5000% a.a.";"590";"1";"";"20/01/2030";"200.000,00";"MRV Pro Soluto";"";"";"RCVM160RA"
"Opea";"CRI 590ª Emissão 3ª Série";"26C4878093";"BRRBRACIR2Z6";"Ativa";"0,0000% CDI";"590";"3";"";"21/03/2032";"3.260,00";"MRV Pro Soluto";"";"";"RCVM160RA"
"Opea";"CRI 563ª Emissão 1ª Série";"26C4633292";"BRRBRACIR2V5";"Ativa";"IPCA + 8,9000% a.a.";"563";"1";"";"11/07/2034";"180.120,00";"DIÁLOGO VIII";"";"";"RCVM160RA"
"Opea";"CRI 563ª Emissão 2ª Série";"26C4633419";"BRRBRACIR2W3";"Ativa";"IPCA + 8,9000% a.a.";"563";"2";"";"11/04/2041";"199.880,00";"DIÁLOGO VIII";"";"";"RCVM160RA"
"Opea";"CRI 590ª Emissão 2ª Série";"26C4871963";"BRRBRACIR2Y9";"Ativa";"CDI + 5,0000% a.a.";"590";"2";"";"21/03/2032";"14.140,00";"MRV Pro Soluto";"";"";"RCVM160RA"
"Opea";"CRI 592ª Emissão 1ª Série";"26C4077795";"BRRBRACIR2P7";"Ativa";"0,0001% a.a.";"592";"1";"";"21/09/2028";"4.000,00";"Obelisco";"";"";"RCVM160RA"
"Opea";"CRI 592ª Emissão 2ª Série";"26C4080603";"BRRBRACIR2Q5";"Ativa";"CDI + 5,0000% a.a.";"592";"2";"";"21/09/2028";"33.845,00";"Obelisco";"";"";"RCVM160RA"
"Opea";"CRI 570ª Emissão 1ª Série";"26C3178838";"BRRBRACIR2G6";"Ativa";"IPCA + 8,5000% a.a.";"570";"1";"";"30/03/2031";"46.340,00";"Domingos Marchetti";"";"";"RCVM160RA"
"Opea";"CRI 576ª Emissão 1ª Série";"26C3930640";"BRRBRACIR2K8";"Ativa";"IPCA + 12,5500% a.a.";"576";"1";"";"23/03/2036";"11.200,00";"Novum";"";"";"RCVM160RA"
"Opea";"CRI 576ª Emissão 2ª Série";"26C3930680";"BRRBRACIR2L6";"Ativa";"IPCA + 12,5500% a.a.";"576";"2";"";"24/03/2036";"12.100,00";"Novum";"";"";"RCVM160RA"
"Opea";"CRI 221ª Emissão 1ª Série";"CRA026000XI";"BRRBRACRA8Y4";"Ativa";"CDI + 3,9000% a.a.";"221";"1";"";"16/03/2032";"116.350,00";"Primato";"";"";"RCVM160RA"
"Opea";"CRI 583ª Emissão 1ª Série";"26C3703914";"BRRBRACIR2J0";"Ativa";"CDI + 1,5000% a.a.";"583";"1";"";"25/03/2031";"191.930,00";"Passeio Paulista II";"";"";"RCVM160RA"
"Opea";"CRI 588ª Emissão 1ª Série";"26C3164285";"BRRBRACIR2C5";"Ativa";"97,0000% CDI";"588";"1";"";"11/03/2031";"646.700,00";"Allos VI";"";"";"RCVM160RA"
"Opea";"CRI 588ª Emissão 2ª Série";"26C3169856";"BRRBRACIR2D3";"Ativa";"98,0000% CDI";"588";"2";"";"13/03/2033";"115.397,00";"Allos VI";"";"";"RCVM160RA"
"Opea";"CRI 588ª Emissão 3ª Série";"26C3170159";"BRRBRACIR2E1";"Ativa";"100,0000% CDI";"588";"3";"";"11/03/2036";"237.903,00";"Allos VI";"";"";"RCVM160RA"
"Opea";"CRI 533ª Emissão 1ª Série";"26C0530515";"BRRBRACIR283";"Ativa";"IPCA + 12,9017% a.a.";"533";"1";"";"24/03/2031";"28.000,00";"Vila Convida";"";"";"RCVM160RA"
"Opea";"CRI 541ª Emissão 2ª Série";"25K2509302";"BRRBRACRIZD1";"Ativa";"CDI + 5,0050% a.a.";"541";"2";"";"19/12/2028";"4.000,00";"Bioma Apinajés";"";"";"RCVM160RA"
"Opea";"CRI 291ª Emissão 2ª Série";"26C2474993";"BRRBRACIR2F8";"Ativa";"IPCA + 13,7501% a.a.";"291";"2";"";"20/07/2032";"50.000,00";"HOT BEACH YOU";"";"";"RCVM160RA"
"Opea";"CRI 1ª Emissão 1ª Série";"NA*1";"NA*1";"Ativa";"CDI + 4,0000% a.a.";"1";"1";"";"20/08/2028";"6.990,00";"Charitas";"";"";"RCVM88"
"Opea";"CRI 220ª Emissão 1ª Série";"CRA026000XF";"BRRBRACRA8T4";"Ativa";"CDI + 2,9500% a.a.";"220";"1";"";"30/10/2031";"160.000,00";"Caeté II";"";"";"RCVM160RA"
"Opea";"CRI 584ª Emissão 1ª Série";"26B4409996";"BRRBRACIR218";"Ativa";"CDI + 2,2500% a.a.";"584";"1";"";"28/02/2036";"425.000,00";"JHSF V";"";"";"RCVM160RA"
"Opea";"CRI 40ª Emissão 1ª Série";"RBRA04";"BRRBRADBS3C8";"Ativa";"CDI + 2,1200% a.a.";"40";"1";"";"24/08/2027";"1.000.000,00";"Sec Safra";"";"";"RCVM160RA"
"Opea";"CRI 581ª Emissão 1ª Série";"26B3803595";"BRRBRACIR226";"Ativa";"CDI + 2,3500% a.a.";"581";"1";"";"16/02/2031";"25.000,00";"Amy";"";"";"RCVM160RA"
"Opea";"CRI 219ª Emissão 1ª Série";"CRA0260005U";"BRRBRACRA8U2";"Ativa";"CDI + 2,5000% a.a.";"219";"1";"";"16/02/2031";"32.239,00";"Frigol";"";"";"RCVM160RA"
"Opea";"CRI 219ª Emissão 2ª Série";"CRA0260005V";"BRRBRACRA8V0";"Ativa";"16,3670% a.a.";"219";"2";"";"16/02/2031";"182.442,00";"Frigol";"";"";"RCVM160RA"
"Opea";"CRI 219ª Emissão 3ª Série";"CRA0260005W";"BRRBRACRA8W8";"Ativa";"IPCA + 11,4044% a.a.";"219";"3";"";"14/02/2033";"35.319,00";"Frigol";"";"";"RCVM160RA"
"Opea";"CRI 41ª Emissão 1ª Série";"RBRAY1";"BRRBRADBS3E4";"Ativa";"CDI + 5,0000% a.a.";"41";"1";"";"27/02/2031";"110.000,00";"Oxymed";"";"";"RCVM160RA"
"Opea";"CRI 336ª Emissão 8ª Série";"24G2741433";"BRAPCSCRIPK7";"Ativa";"IPCA + 10,5000% a.a.";"336";"8";"";"14/03/2029";"2.000,00";"Bauten";"";"";"RCVM160RA"
"Opea";"CRI 336ª Emissão 9ª Série";"24G2741434";"BRAPCSCRIPL5";"Ativa";"IPCA + 10,5000% a.a.";"336";"9";"";"15/04/2029";"2.000,00";"Bauten";"";"";"RCVM160RA"
"Opea";"CRI 578ª Emissão 1ª Série";"26B3785481";"BRRBRACIR259";"Ativa";"CDI + 3,5000% a.a.";"578";"1";"";"25/01/2033";"16.343,00";"Gav Jeri";"";"";"RCVM160RA"
"Opea";"CRI 578ª Emissão 2ª Série";"26B3785726";"BRRBRACIR267";"Ativa";"IPCA + 11,0000% a.a.";"578";"2";"";"25/01/2033";"16.305,00";"Gav Jeri";"";"";"RCVM160RA"
"Opea";"CRI 482ª Emissão 1ª Série";"26B2337219";"BRRBRACIR1W5";"Ativa";"IPCA + 10,0000% a.a.";"482";"1";"";"09/01/2036";"62.850,00";"Mauá XII";"";"";"RCVM160RA"
"Opea";"CRI 83ª Emissão 7ª Série";"26B2617501";"BRRBRACIR1X3";"Ativa";"CDI + 3,7640% a.a.";"83";"7";"";"14/08/2029";"9.000,00";"Tael";"";"";"RCVM160RA"
"Opea";"CRI 39ª Emissão 10ª Série";"RB1039";"BRRBRADBS2W8";"Ativa";"CDI + 1,6000% a.a.";"39";"10";"";"23/12/2030";"23.116.985,00";"Neon";"";"";"RCVM160RA"
"Opea";"CRI 39ª Emissão 11ª Série";"RB1139";"BRRBRADBS2X6";"Ativa";"CDI + 1,6000% a.a.";"39";"11";"";"23/01/2031";"21.747.835,00";"Neon";"";"";"RCVM160RA"
"Opea";"CRI 39ª Emissão 12ª Série";"RB1239";"BRRBRADBS2Y4";"Ativa";"CDI + 1,6000% a.a.";"39";"12";"";"26/02/2031";"20.367.414,00";"Neon";"";"";"RCVM160RA"
"Opea";"CRI 39ª Emissão 13ª Série";"RB1339";"BRRBRADBS2Z1";"Ativa";"CDI + 1,6000% a.a.";"39";"13";"";"24/03/2031";"18.974.707,00";"Neon";"";"";"RCVM160RA"
"Opea";"CRI 39ª Emissão 14ª Série";"RB1439";"BRRBRADBS3B0";"Ativa";"CDI + 1,6000% a.a.";"39";"14";"";"24/04/2031";"17.677.896,00";"Neon";"";"";"RCVM160RA"
"Opea";"CRI 39ª Emissão 15ª Série";"RB1539";"BRRBRADBS391";"Ativa";"CDI + 1,6000% a.a.";"39";"15";"";"25/05/2031";"16.431.638,00";"Neon";"";"";"RCVM160RA"
"Opea";"CRI 39ª Emissão 16ª Série";"RB1639";"BRRBRADBS3A2";"Ativa";"CDI + 1,6000% a.a.";"39";"16";"";"24/06/2031";"15.238.380,00";"Neon";"";"";"RCVM160RA"
"Opea";"CRI 39ª Emissão 17ª Série";"RB1739";"BRRBRADBS383";"Ativa";"CDI + 1,6000% a.a.";"39";"17";"";"22/07/2031";"14.101.576,00";"Neon";"";"";"RCVM160RA"
"Opea";"CRI 39ª Emissão 18ª Série";"RB1839";"BRRBRADBS375";"Ativa";"CDI + 1,6000% a.a.";"39";"18";"";"24/08/2031";"17.480.385,00";"Neon";"";"";"RCVM160RA"
"Opea";"CRI 39ª Emissão 19ª Série";"RB1939";"BRRBRADBS367";"Ativa";"CDI + 1,6000% a.a.";"39";"19";"";"22/09/2031";"15.978.546,00";"Neon";"";"";"RCVM160RA"
"Opea";"CRI 39ª Emissão 20ª Série";"RB2039";"BRRBRADBS359";"Ativa";"CDI + 1,6000% a.a.";"39";"20";"";"22/10/2031";"14.488.046,00";"Neon";"";"";"RCVM160RA"
"Opea";"CRI 39ª Emissão 21ª Série";"RB2139";"BRRBRADBS342";"Ativa";"CDI + 1,6000% a.a.";"39";"21";"";"25/11/2031";"13.022.494,00";"Neon";"";"";"RCVM160RA"
"Opea";"CRI 39ª Emissão 22ª Série";"RB2239";"BRRBRADBS334";"Ativa";"CDI + 1,6000% a.a.";"39";"22";"";"22/12/2031";"11.587.478,00";"Neon";"";"";"RCVM160RA"
"Opea";"CRI 39ª Emissão 23ª Série";"RB2339";"BRRBRADBS326";"Ativa";"CDI + 1,6000% a.a.";"39";"23";"";"25/01/2032";"10.182.642,00";"Neon";"";"";"RCVM160RA"
"Opea";"CRI 39ª Emissão 24ª Série";"RB2439";"BRRBRADBS318";"Ativa";"CDI + 1,6000% a.a.";"39";"24";"";"25/02/2032";"8.807.664,00";"Neon";"";"";"RCVM160RA"
"Opea";"CRI 39ª Emissão 25ª Série";"RB2539";"BRRBRADBS300";"Ativa";"CDI + 1,6000% a.a.";"39";"25";"";"22/03/2032";"7.010.370,00";"Neon";"";"";"RCVM160RA"
"Opea";"CRI 39ª Emissão 26ª Série";"RB2639";"BRRBRADBS2N7";"Ativa";"CDI + 1,6000% a.a.";"39";"26";"";"25/04/2032";"4.628.986,00";"Neon";"";"";"RCVM160RA"
"Opea";"CRI 39ª Emissão 1ª Série";"RBR139";"BRRBRADBS2M9";"Ativa";"CDI + 1,6000% a.a.";"39";"1";"";"26/03/2030";"35.145.183,00";"Neon";"";"";"RCVM160RA"
"Opea";"CRI 39ª Emissão 2ª Série";"RBR239";"BRRBRADBS2O5";"Ativa";"CDI + 1,6000% a.a.";"39";"2";"";"23/04/2030";"33.819.423,00";"Neon";"";"";"RCVM160RA"
"Opea";"CRI 39ª Emissão 3ª Série";"RBR339";"BRRBRADBS2P2";"Ativa";"CDI + 1,6000% a.a.";"39";"3";"";"23/05/2030";"32.493.934,00";"Neon";"";"";"RCVM160RA"
"Opea";"CRI 39ª Emissão 4ª Série";"RBR439";"BRRBRADBS2Q0";"Ativa";"CDI + 1,6000% a.a.";"39";"4";"";"25/06/2030";"31.167.472,00";"Neon";"";"";"RCVM160RA"
"Opea";"CRI 39ª Emissão 5ª Série";"RBR539";"BRRBRADBS2R8";"Ativa";"CDI + 1,6000% a.a.";"39";"5";"";"22/07/2030";"29.838.779,00";"Neon";"";"";"RCVM160RA"
"Opea";"CRI 39ª Emissão 6ª Série";"RBR639";"BRRBRADBS2S6";"Ativa";"CDI + 1,6000% a.a.";"39";"6";"";"22/08/2030";"28.506.589,00";"Neon";"";"";"RCVM160RA"
"Opea";"CRI 39ª Emissão 7ª Série";"RBR739";"BRRBRADBS2T4";"Ativa";"CDI + 1,6000% a.a.";"39";"7";"";"23/09/2030";"27.169.615,00";"Neon";"";"";"RCVM160RA"
"Opea";"CRI 39ª Emissão 8ª Série";"RBR839";"BRRBRADBS2U2";"Ativa";"CDI + 1,6000% a.a.";"39";"8";"";"22/10/2030";"25.826.565,00";"Neon";"";"";"RCVM160RA"
"Opea";"CRI 39ª Emissão 9ª Série";"RBR939";"BRRBRADBS2V0";"Ativa";"CDI + 1,6000% a.a.";"39";"9";"";"26/11/2030";"24.476.126,00";"Neon";"";"";"RCVM160RA"
"Opea";"CRI 389ª Emissão 2ª Série";"26A4858304";"BRRBRACIR1V7";"Ativa";"IPCA + 10,2700% a.a.";"389";"2";"";"21/12/2033";"30.000,00";"SANCTA MAGGIORE 23 DE MAIO";"";"";"RCVM160RA"
"Opea";"CRI 28ª Emissão 1ª Série";"RRBRB8";"BRRBRADBS1X8";"Ativa";"CDI + 5,5000% a.a.";"28";"1";"";"06/01/2030";"123.891.680,00";"Fibra (CSN)";"";"";"RCVM160RA"
"Opea";"CRI 28ª Emissão 2ª Série";"RRBRC8";"BRRBRADBS1Y6";"Ativa";"CDI + 6,0000% a.a.";"28";"2";"";"06/01/2030";"2.221.688,00";"Fibra (CSN)";"";"";"RCVM160RA"
"Opea";"CRI 541ª Emissão 3ª Série";"25K2509352";"BRRBRACRIZE9";"Ativa";"CDI + 4,9950% a.a.";"541";"3";"";"21/01/2029";"4.000,00";"Bioma Apinajés";"";"";"RCVM160RA"
"Opea";"CRI 544ª Emissão 1ª Série";"25K2752311";"BRRBRACRIZI0";"Ativa";"CDI + 5,0200% a.a.";"544";"1";"";"21/01/2029";"1.500,00";"BIOMA SIMPATIA";"";"";"RCVM160RO"
"Opea";"CRI 575ª Emissão 1ª Série";"26A5263478";"BRRBRACIR1Q7";"Ativa";"CDI + 4,0000% a.a.";"575";"1";"";"18/01/2029";"10.000,00";"Setai III";"";"";"RCVM160RA"
"Opea";"CRI 548ª Emissão 1ª Série";"26A1798621";"BRRBRACRIZ86";"Ativa";"101,0000% CDI";"548";"1";"";"14/01/2036";"400.000,00";"ANCAR II";"";"";"RCVM160RA"
"Opea";"CRI 30ª Emissão 1ª Série";"26A3430012";"BRRBRACR00Z6";"Ativa";"CDI + 0,9500% a.a.";"30";"1";"";"26/01/2031";"112.000,00";"Cipan";"";"";"RCVM160RA"
"Opea";"CRI 222ª Emissão 1ª Série";"CRA0260005R";"BRRBRACRA8X6";"Ativa";"IPCA + 11,0000% a.a.";"222";"1";"";"22/06/2032";"42.507,00";"GERIBA";"";"";"RCVM160RA"
"Opea";"CRI 569ª Emissão 4ª Série";"26A2041239";"BRRBRACIR1N4";"Ativa";"IPCA + 0,0001% a.a.";"569";"4";"";"24/11/2030";"11.256,00";"Jalgp";"";"";"RCVM160RA"
"Opea";"CRI 569ª Emissão 3ª Série";"26A2041608";"BRRBRACIR1M6";"Ativa";"IPCA + 10,9000% a.a.";"569";"3";"";"24/11/2030";"16.337,00";"Jalgp";"";"";"RCVM160RA"
"Opea";"CRI 569ª Emissão 2ª Série";"26A2041919";"BRRBRACIR1L8";"Ativa";"IPCA + 0,0000% a.a.";"569";"2";"";"23/12/2030";"12.053,00";"Jalgp";"";"";"RCVM160RA"
"Opea";"CRI 569ª Emissão 1ª Série";"26A2042089";"BRRBRACIR1K0";"Ativa";"IPCA + 10,9000% a.a.";"569";"1";"";"23/12/2030";"17.417,00";"Jalgp";"";"";"RCVM160RA"
"Opea";"CRI 572ª Emissão 1ª Série";"26A0073288";"BRRBRACIR1H6";"Ativa";"IPCA + 9,1684% a.a.";"572";"1";"";"01/08/2028";"209.004,00";"One TF";"";"";"RCVM160RA"
"Opea";"CRI 503ª Emissão 1ª Série";"25L4588349";"BRRBRACIR1J2";"Ativa";"CDI + 3,0000% a.a.";"503";"1";"";"22/06/2038";"250.000,00";"FGR III";"";"";"RCVM160RA"
"Opea";"CRI 153ª Emissão 5ª Série";"25L4107389";"BRRBRACIR1F0";"Ativa";"CDI + 6,5000% a.a.";"153";"5";"";"26/12/2027";"20.750,00";"Patriani II";"";"";"RCVM160RA"
"Opea";"CRI 406ª Emissão 11ª Série";"25L4714638";"BRRBRACIR1O2";"Ativa";"IPCA + 12,5000% a.a.";"406";"11";"";"14/09/2032";"13.720,00";"Mirante";"";"";"RCVM160RA"
"Opea";"CRI 562ª Emissão 2ª Série";"25L2624927";"BRRBRACIR0K2";"Ativa";"CDI + 4,0400% a.a.";"562";"2";"";"20/11/2029";"3.268,00";"Bauten II";"";"";"RCVM160RA"
"Opea";"CRI 573ª Emissão 1ª Série";"25L3758199";"BRRBRACIR192";"Ativa";"CDI + 4,2500% a.a.";"573";"1";"";"29/12/2031";"178.000,00";"Tecnisa";"";"";"RCVM160RA"
"Opea";"CRI 38ª Emissão 1ª Série";"RBRAD8";"BRRBRADBS2K3";"Ativa";"CDI + 1,7000% a.a.";"38";"1";"";"27/11/2030";"30.000,00";"Cortical";"";"";"RCVM160RA"
"Opea";"CRI 38ª Emissão 2ª Série";"RBRAE8";"BRRBRADBS2L1";"Ativa";"CDI + 3,7000% a.a.";"38";"2";"";"12/12/2032";"30.000,00";"Cortical";"";"";"RCVM160RA"
"Opea";"CRI 187ª Emissão 1ª Série";"CRA02500BQ9";"BRRBRACRA8O5";"Ativa";"CDI + 0,5000% a.a.";"187";"1";"";"22/02/2028";"50.000,00";"Batatais";"";"";"RCVM160RA"
"Opea";"CRI 36ª Emissão 1ª Série";"RBRAC6";"BRRBRADBS2J5";"Ativa";"15,9000% a.a.";"36";"1";"";"29/11/2029";"424.067.189,00";"Movida II";"";"";"RCVM160RA"
"Opea";"CRI 37ª Emissão 1ª Série";"RBRAC7";"BRRBRADBS2E6";"Ativa";"CDI + 4,5000% a.a.";"37";"1";"";"01/01/2030";"70.400,00";"Posidonia";"";"";"RCVM160RA"
"Opea";"CRI 571ª Emissão 1ª Série";"25L3001403";"BRRBRACIR0Z0";"Ativa";"IPCA + 12,0000% a.a.";"571";"1";"";"14/05/2041";"223.605,00";"MRV Flex XI";"";"";"RCVM160RA"
"Opea";"CRI 565ª Emissão 1ª Série";"25L3388401";"BRRBRACIR1B9";"Ativa";"IPCA + 10,9000% a.a.";"565";"1";"";"23/12/2032";"30.532,00";"SKR Maestro Cardim";"";"";"RCVM160RA"
"Opea";"CRI 565ª Emissão 2ª Série";"25L3388592";"BRRBRACIR1C7";"Ativa";"IPCA + 0,0000% a.a.";"565";"2";"";"23/12/2032";"14.050,00";"SKR Maestro Cardim";"";"";"RCVM160RA"
"Opea";"CRI 577ª Emissão 1ª Série";"25L3506423";"BRRBRACIR176";"Ativa";"CDI + 1,7500% a.a.";"577";"1";"";"19/12/2028";"148.300,00";"MRV Flex XIII";"";"";"RCVM160RA"
"Opea";"CRI 29ª Emissão 1ª Série";"25L3832008";"BRRBRACR0111";"Ativa";"CDI + 3,9000% a.a.";"29";"1";"";"15/12/2032";"56.961.374,00";"VICUNHA";"";"";"RCVM160RA"
"Opea";"CRI 496ª Emissão 1ª Série";"25L3507143";"BRRBRACIR1D5";"Ativa";"IPCA + 9,5000% a.a.";"496";"1";"";"22/11/2035";"19.000,00";"CONE ARATU";"";"";"RCVM160RA"
"Opea";"CRI 35ª Emissão 1ª Série";"RBRAQ3";"BRRBRADBS2F3";"Ativa";"CDI + 1,2000% a.a.";"35";"1";"";"18/12/2031";"25.000,00";"Paulifer";"";"";"RCVM160RA"
"Opea";"CRI 35ª Emissão 2ª Série";"RBRAR3";"BRRBRADBS2G1";"Ativa";"CDI + 4,2000% a.a.";"35";"2";"";"20/06/2032";"6.000,00";"Paulifer";"";"";"RCVM160RA"
"Opea";"CRI 35ª Emissão 3ª Série";"RBRAS3";"BRRBRADBS2H9";"Ativa";"CDI + 4,3000% a.a.";"35";"3";"";"20/06/2033";"10.000,00";"Paulifer";"";"";"RCVM160RA"
"Opea";"CRI 35ª Emissão 4ª Série";"RBRAT3";"BRRBRADBS2I7";"Ativa";"IPCA + 12,4200% a.a.";"35";"4";"";"20/06/2033";"9.000,00";"Paulifer";"";"";"RCVM160RA"
"Opea";"CRI 566ª Emissão 1ª Série";"25L2633387";"BRRBRACIR0P1";"Ativa";"CDI + 1,7500% a.a.";"566";"1";"";"27/04/2028";"125.500,00";"MM2";"";"";"RCVM160RA"
"Opea";"CRI 567ª Emissão 1ª Série";"25L3373552";"BRRBRACIR101";"Ativa";"IPCA + 10,1000% a.a.";"567";"1";"";"25/02/2031";"55.000,00";"Direcional Quartiero";"";"";"RCVM160RA"
"Opea";"CRI 426ª Emissão 2ª Série";"25L3581217";"BRRBRACIR1A1";"Ativa";"13,0000% a.a.";"426";"2";"";"10/04/2029";"27.500,00";"INSTANT";"";"";"RCVM160RA"
"Opea";"CRI 185ª Emissão 1ª Série";"CRA02500CNL";"BRRBRACRA8P2";"Ativa";"CDI + 4,0000% a.a.";"185";"1";"";"27/12/2028";"41.196,00";"Abba";"";"";"RCVM160RA"
"Opea";"CRI 185ª Emissão 3ª Série";"CRA02500CNN";"BRRBRACRA8R8";"Ativa";"CDI + 6,5000% a.a.";"185";"3";"";"27/12/2028";"9.000,00";"ABBA";"";"";"RCVM160RA"
"Opea";"CRI 502ª Emissão 2ª Série";"25L3133633";"BRRBRACIR085";"Ativa";"CDI + 4,0000% a.a.";"502";"2";"";"16/12/2035";"75.000,00";"Allegra Pacaembu";"";"";"RCVM160RA"
"Opea";"CRI 564ª Emissão 1ª Série";"25L4477754";"BRRBRACIR0I6";"Ativa";"IPCA + 9,2000% a.a.";"564";"1";"";"14/12/2032";"210.000,00";"BGR Cidade Jardim";"";"";"RCVM160RA"
"Opea";"CRI 529ª Emissão 1ª Série";"25L0950633";"BRRBRACIR234";"Ativa";"112,5000% CDI";"529";"1";"";"14/12/2028";"118.506,00";"BRZ";"";"";"RCVM160RA"
"Opea";"CRI 529ª Emissão 2ª Série";"25L2191972";"BRRBRACIR242";"Ativa";"CDI + 1,5500% a.a.";"529";"2";"";"14/12/2028";"22.183,00";"BRZ";"";"";"RCVM160RA"
"Opea";"CRI 529ª Emissão 3ª Série";"25L2192004";"BRRBRACRIZ45";"Ativa";"15,5000% a.a.";"529";"3";"";"15/12/2030";"59.311,00";"BRZ";"";"";"RCVM160RA"
"Opea";"CRI 561ª Emissão 1ª Série";"25L2661265";"BRRBRACIR0T3";"Ativa";"CDI + 1,3500% a.a.";"561";"1";"";"19/12/2030";"60.750,00";"MRV Flex XII";"";"";"RCVM160RA"
"Opea";"CRI 561ª Emissão 2ª Série";"25L2661729";"BRRBRACIR0U1";"Ativa";"CDI + 1,7500% a.a.";"561";"2";"";"19/08/2037";"6.750,00";"MRV Flex XII";"";"";"RCVM160RA"
"Opea";"CRI 505ª Emissão 1ª Série";"25L2721516";"BRRBRACRIZH2";"Ativa";"104,0000% CDI";"505";"1";"";"15/12/2030";"100.000,00";"Emccamp";"";"";"RCVM160RA"
"Opea";"CRI 560ª Emissão 1ª Série";"25L2914176";"BRRBRACIR0A3";"Ativa";"IPCA + 8,1096% a.a.";"560";"1";"";"15/12/2030";"247.175,00";"Bresco II";"";"";"RCVM160RA"
"Opea";"CRI 558ª Emissão 1ª Série";"25L3104624";"BRRBRACIR168";"Ativa";"CDI + 6,0000% a.a.";"558";"1";"";"24/01/2027";"25.000,00";"Gafisa";"";"";"RCVM160RA"
"Opea";"CRI 502ª Emissão 1ª Série";"25L3133374";"BRRBRACIR077";"Ativa";"IPCA + 10,3885% a.a.";"502";"1";"";"16/12/2035";"275.000,00";"Allegra Pacaembu";"";"";"RCVM160RA"
"Opea";"CRI 525ª Emissão 1ª Série";"25L3506484";"BRRBRACIR1E3";"Ativa";"IPCA + 11,5000% a.a.";"525";"1";"";"23/12/2030";"55.622,00";"Cone refri";"";"";"RCVM160RA"
"Opea";"CRI 488ª Emissão 1ª Série";"25L3723350";"BRRBRACIR184";"Ativa";"FIXO + 8,7895% a.a.";"488";"1";"";"16/12/2040";"276.000,00";"Succespar";"";"";"RCVM160RA"
"Opea";"CRI 216ª Emissão 1ª Série";"CRA02500BKP";"BRRBRACRA8J5";"Ativa";"CDI + 3,0000% a.a.";"216";"1";"";"17/12/2030";"150.000,00";"Comber";"";"";"RCVM160RA"
"Opea";"CRI 216ª Emissão 2ª Série";"CRA02500BKQ";"BRRBRACRA8K3";"Ativa";"IPCA + 8,5000% a.a.";"216";"2";"";"16/12/2032";"50.000,00";"Comber";"";"";"RCVM160RA"
"Opea";"CRI 206ª Emissão 1ª Série";"CRA02500C1I";"BRRBRACRA884";"Ativa";"CDI + 1,3000% a.a.";"206";"1";"";"14/12/2031";"350.000,00";"Pluma";"";"";"RCVM160RA"
"Opea";"CRI 206ª Emissão 2ª Série";"CRA02500C1J";"BRRBRACRA892";"Ativa";"CDI + 2,7500% a.a.";"206";"2";"";"12/12/2035";"150.000,00";"Pluma";"";"";"RCVM160RA"
"Opea";"CRI 213ª Emissão 1ª Série";"CRA02500C1L";"BRRBRACRA8N7";"Ativa";"CDI + 2,0000% a.a.";"213";"1";"";"11/12/2030";"140.000,00";"Bocchi";"";"";"RCVM160RA"
"Opea";"CRI 33ª Emissão 1ª Série";"RBRAW3";"BRRBRADBS2C0";"Ativa";"CDI + 8,0000% a.a.";"33";"1";"";"16/12/2031";"200.000,00";"Oncomed";"";"";"RCVM160RA"
"Opea";"CRI 539ª Emissão 1ª Série";"25L0158987";"BRRBRACRIZ60";"Ativa";"CDI + 0,5500% a.a.";"539";"1";"";"16/12/2031";"210.000,00";"Almeida Júnior II";"";"";"RCVM160RO"
"Opea";"CRI 539ª Emissão 2ª Série";"25L0159688";"BRRBRACRIZ78";"Ativa";"IPCA + 8,5848% a.a.";"539";"2";"";"18/12/2035";"50.000,00";"Almeida Júnior II";"";"";"RCVM160RO"
"Opea";"CRI 562ª Emissão 1ª Série";"25L2625427";"BRRBRACIR0J4";"Ativa";"CDI + 4,0500% a.a.";"562";"1";"";"20/11/2029";"4.000,00";"Bauten II";"";"";"RCVM160RA"
"Opea";"CRI 550ª Emissão 1ª Série";"25L2736419";"BRRBRACIR119";"Ativa";"CDI + 20,4127% a.a.";"550";"1";"";"11/12/2029";"50.000,00";"JF START E BRISA";"";"";"RCVM160RO"
"Opea";"CRI 498ª Emissão 2ª Série";"25L4897350";"BRRBRACIR143";"Ativa";"IPCA + 10,9900% a.a.";"498";"2";"";"21/12/2037";"20.000,00";"Verde Urbanismo";"";"";"RCVM160RA"
"Opea";"CRI 214ª Emissão 1ª Série";"CRA02500BW0";"BRRBRACRA8L1";"Ativa";"CDI + 1,0000% a.a.";"214";"1";"";"15/12/2030";"50.000,00";"RIVELLI";"";"";"RCVM160RA"
"Opea";"CRI 214ª Emissão 2ª Série";"CRA02500BW4";"BRRBRACRA8M9";"Ativa";"CDI + 2,5000% a.a.";"214";"2";"";"16/12/2035";"50.000,00";"RIVELLI";"";"";"RCVM160RA"
"Opea";"CRI 540ª Emissão 1ª Série";"25L0013801";"BRRBRACRIYR4";"Ativa";"101,9000% CDI";"540";"1";"";"16/12/2032";"100.000,00";"NORTIS";"";"";"RCVM160RA"
"Opea";"CRI 498ª Emissão 1ª Série";"25L2639155";"BRRBRACIR135";"Ativa";"IPCA + 11,0000% a.a.";"498";"1";"";"21/12/2037";"20.000,00";"Verde Urbanismo";"";"";"RCVM160RA"
"Opea";"CRI 568ª Emissão 1ª Série";"25L2639507";"BRRBRACIR0W7";"Ativa";"100,0000% CDI";"568";"1";"";"18/12/2035";"77.686.065,00";"Duna";"";"";"RCVM160RA"
"Opea";"CRI 568ª Emissão 2ª Série";"25L2639530";"BRRBRACIR0X5";"Ativa";"0,0100% CDI";"568";"2";"";"18/12/2035";"440.221.037,00";"Duna";"";"";"RCVM160RA"
"Opea";"CRI 543ª Emissão 1ª Série";"25L2909516";"BRRBRACIR0Y3";"Ativa";"IPCA + 7,1500% a.a.";"543";"1";"";"01/10/2034";"60.672,00";"Sompo";"";"";"RCVM160RA"
"Opea";"CRI 534ª Emissão 1ª Série";"25L2638563";"BRRBRACIR0V9";"Ativa";"CDI + 5,5000% a.a.";"534";"1";"";"26/12/2029";"12.893,00";"Tríade";"";"";"RCVM160RA"
"Opea";"CRI 528ª Emissão 1ª Série";"25L2618541";"BRRBRACIR0R7";"Ativa";"CDI + 4,2500% a.a.";"528";"1";"";"25/09/2029";"18.000,00";"ALFA IPIRANGA";"";"";"RCVM160RA"
"Opea";"CRI 557ª Emissão 1ª Série";"25L2867995";"BRRBRACIR127";"Ativa";"CDI + 1,5500% a.a.";"557";"1";"";"17/12/2026";"44.000,00";"Senado IX";"";"";"RCVM160RA"
"Opea";"CRI 204ª Emissão 2ª Série";"CRA02500B9W";"BRRBRACRA8E6";"Ativa";"CDI + 1,5800% a.a.";"204";"2";"";"04/12/2035";"500.000,00";"Transgraos";"";"";"RCVM160RA"
"Opea";"CRI 208ª Emissão 1ª Série";"CRA025009KJ";"BRRBRACRA843";"Ativa";"CDI + 1,6000% a.a.";"208";"1";"";"08/12/2031";"50.000,00";"Salton";"";"";"RCVM160RA"
"Opea";"CRI 204ª Emissão 1ª Série";"CRA02500BA1";"BRRBRACRA8D8";"Ativa";"CDI + 0,7900% a.a.";"204";"1";"";"04/12/2030";"500.000,00";"Transgraos";"";"";"RCVM160RA"
"Opea";"CRI 551ª Emissão 1ª Série";"25L2524173";"BRRBRACIR0B1";"Ativa";"24,1200% a.a.";"551";"1";"";"23/07/2031";"114.708,00";"Setai II";"";"";"RCVM160RA"
"Opea";"CRI 207ª Emissão 1ª Série";"CRA02500AYI";"BRRBRACRA8F3";"Ativa";"CDI + 1,5000% a.a.";"207";"1";"";"03/12/2030";"50.000,00";"NB MAQUINAS";"";"";"RCVM160RO"
"Opea";"CRI 207ª Emissão 2ª Série";"CRA02500AYJ";"BRRBRACRA8G1";"Ativa";"CDI + 6,0000% a.a.";"207";"2";"";"03/12/2030";"50.000,00";"NB MAQUINAS";"";"";"RCVM160RA"
"Opea";"CRI 215ª Emissão 1ª Série";"CRA02500B44";"BRRBRACRA8H9";"Ativa";"CDI + 2,3000% a.a.";"215";"1";"";"30/12/2030";"50.000,00";"Pietá";"";"";"RCVM160RA"
"Opea";"CRI 510ª Emissão 1ª Série";"25K0169946";"BRRBRACRA868";"Ativa";"CDI + 3,3000% a.a.";"510";"1";"";"14/07/2031";"140.000,00";"SAO BENEDITO";"";"";"RCVM160RA"
"Opea";"CRI 556ª Emissão 1ª Série";"25K3757811";"BRRBRACIR0D7";"Ativa";"CDI + 4,5000% a.a.";"556";"1";"";"23/08/2029";"48.468,00";"OAD";"";"";"RCVM160RA"
"Opea";"CRI 499ª Emissão 1ª Série";"25K3753716";"BRRBRACIR0E5";"Ativa";"IPCA + 8,7600% a.a.";"499";"1";"";"24/11/2037";"245.000,00";"XP LOG";"";"";"RCVM160RA"
"Opea";"CRI 499ª Emissão 2ª Série";"25K3754062";"BRRBRACIR0F2";"Ativa";"CDI + 1,6500% a.a.";"499";"2";"";"24/11/2030";"175.000,00";"XP LOG";"";"";"RCVM160RA"
"Opea";"CRI 499ª Emissão 3ª Série";"25K3754075";"BRRBRACIR0G0";"Ativa";"CDI + 1,3000% a.a.";"499";"3";"";"23/11/2032";"42.500,00";"XP LOG";"";"";"RCVM160RA"
"Opea";"CRI 499ª Emissão 4ª Série";"25K3754180";"BRRBRACIR0H8";"Ativa";"CDI + 1,7000% a.a.";"499";"4";"";"23/11/2032";"42.500,00";"XP LOG";"";"";"RCVM160RA"
"Opea";"CRI 198ª Emissão 1ª Série";"CRA02500B9T";"BRRBRACRA8C0";"Ativa";"CDI + 6,0000% a.a.";"198";"1";"";"27/12/2029";"130.000,00";"ENERSUGAR";"";"";"RCVM160RA"
"Opea";"CRI 32ª Emissão 1ª Série";"RBRAJ3";"BRRBRADBS243";"Ativa";"60,1000% a.a.";"32";"1";"";"04/01/2027";"3.255,00";"Ceará";"";"";"RCVM160RA"
"Opea";"CRI 32ª Emissão 3ª Série";"RBRAL3";"BRRBRADBS268";"Ativa";"0,0001% a.a.";"32";"3";"";"04/01/2027";"250,00";"Ceará";"";"";"RCVM160RA"
"Opea";"CRI 34ª Emissão 1ª Série";"RBRAM3";"BRRBRADBS276";"Ativa";"CDI + 1,0000% a.a.";"34";"1";"";"29/11/2028";"525.521,00";"Sicredi";"";"";"RCVM160RA"
"Opea";"CRI 34ª Emissão 2ª Série";"RBRAN3";"BRRBRADBS284";"Ativa";"CDI + 2,0000% a.a.";"34";"2";"";"29/11/2028";"122.627,00";"Sicredi";"";"";"RCVM160RA"
"Opea";"CRI 536ª Emissão 1ª Série";"25K3416964";"BRRBRACIR093";"Ativa";"CDI + 4,0000% a.a.";"536";"1";"";"23/01/2030";"69.846,00";"Balassiano";"";"";"RCVM160RA"
"Opea";"CRI 542ª Emissão 1ª Série";"25K3782901";"BRRBRACRIZW1";"Ativa";"CDI + 2,1500% a.a.";"542";"1";"";"25/11/2029";"72.000,00";"Exto";"";"";"RCVM160RA"
"Opea";"CRI 542ª Emissão 2ª Série";"25K3782902";"BRRBRACRIZY7";"Ativa";"CDI + 3,1500% a.a.";"542";"2";"";"25/11/2029";"8.000,00";"Exto";"";"";"RCVM160RA"
"Opea";"CRI 515ª Emissão 1ª Série";"25K1934018";"BRRBRACRIYN3";"Ativa";"IPCA + 10,2235% a.a.";"515";"1";"";"15/11/2033";"150.000,00";"JMD";"";"";"RCVM160RA"
"Opea";"CRI 210ª Emissão 1ª Série";"CRA02500ASY";"BRRBRACRA8A4";"Ativa";"CDI + 1,0000% a.a.";"210";"1";"";"23/11/2032";"110.000,00";"AVIVAR";"";"";"RCVM160RA"
"Opea";"CRI 210ª Emissão 2ª Série";"CRA02500ASZ";"BRRBRACRA8B2";"Ativa";"CDI + 1,0000% a.a.";"210";"2";"";"23/11/2032";"40.000,00";"AVIVAR";"";"";"RCVM160RA"
"Opea";"CRI 31ª Emissão 1ª Série";"RBRAF1";"BRRBRADBS235";"Ativa";"0,0000% CDI";"31";"1";"";"30/11/2032";"120.000,00";"FIBRA COMPROMISSADA";"";"";"RCVM160RA"
"Opea";"CRI 541ª Emissão 1ª Série";"25K2475326";"BRRBRACRIZC3";"Ativa";"CDI + 5,0150% a.a.";"541";"1";"";"20/11/2028";"4.000,00";"Bioma Apinajés";"";"";"RCVM160RA"
"Opea";"CRI 553ª Emissão 1ª Série";"25K3796700";"BRRBRACIR002";"Ativa";"IPCA + 8,5671% a.a.";"553";"1";"";"15/11/2032";"317.450,00";"CATUAI";"";"";"RCVM160RA"
"Opea";"CRI 526ª Emissão 1ª Série";"25K2451016";"BRRBRACRIYS2";"Ativa";"IPCA + 9,0000% a.a.";"526";"1";"";"15/01/2047";"21.374,00";"TZI Minerva";"";"";"RCVM160RA"
"Opea";"CRI 336ª Emissão 7ª Série";"24G2741432";"BRAPCSCRIPJ9";"Ativa";"IPCA + 10,5000% a.a.";"336";"7";"";"14/02/2029";"1.843,00";"Bauten";"";"";"RCVM160RA"
"Opea";"CRI 491ª Emissão 1ª Série";"25K2707477";"BRRBRACRIZX9";"Ativa";"CDI + 4,5000% a.a.";"491";"1";"";"20/11/2030";"6.030,00";"Indepy";"";"";"RCVM160RA"
"Opea";"CRI 530ª Emissão 1ª Série";"25K3397285";"BRRBRACRIYO1";"Ativa";"14,7000% a.a.";"530";"1";"";"17/11/2030";"130.004,00";"BILD II";"";"";"RCVM160RA"
"Opea";"CRI 530ª Emissão 2ª Série";"25K3397629";"BRRBRACRIYP8";"Ativa";"108,0000% CDI";"530";"2";"";"17/11/2030";"69.489,00";"BILD II";"";"";"RCVM160RA"
"Opea";"CRI 530ª Emissão 3ª Série";"25K3400557";"BRRBRACRIYQ6";"Ativa";"110,0000% CDI";"530";"3";"";"15/11/2032";"507,00";"BILD II";"";"";"RCVM160RA"
"Opea";"CRI 197ª Emissão 1ª Série";"CRA02500A6R";"BRRBRACRA827";"Ativa";"16,5000% a.a.";"197";"1";"";"16/12/2029";"30.753,00";"Lasa";"";"";"RCVM160RA"
"Opea";"CRI 197ª Emissão 2ª Série";"CRA02500CI2";"BRRBRACRA835";"Ativa";"CDI + 3,9500% a.a.";"197";"2";"";"14/12/2031";"69.247,00";"Lasa";"";"";"RCVM160RA"
"Opea";"CRI 555ª Emissão 1ª Série";"25K3646412";"BRRBRACRIZN0";"Ativa";"94,5000% CDI";"555";"1";"";"15/11/2032";"120.978,00";"BTLC";"";"";"RCVM160RA"
"Opea";"CRI 555ª Emissão 2ª Série";"25K3663309";"BRRBRACRIZO8";"Ativa";"12,1891% a.a.";"555";"2";"";"15/11/2032";"214.529,00";"BTLC";"";"";"RCVM160RA"
"Opea";"CRI 555ª Emissão 3ª Série";"25K3665384";"BRRBRACRIZP5";"Ativa";"IPCA + 6,7505% a.a.";"555";"3";"";"15/11/2032";"81.223,00";"BTLC";"";"";"RCVM160RA"
"Opea";"CRI 555ª Emissão 4ª Série";"25K3666289";"BRRBRACRIZQ3";"Ativa";"96,0000% CDI";"555";"4";"";"15/11/2035";"133.659,00";"BTLC";"";"";"RCVM160RA"
"Opea";"CRI 555ª Emissão 5ª Série";"25K3667062";"BRRBRACRIZR1";"Ativa";"12,4184% a.a.";"555";"5";"";"15/11/2035";"106.349,00";"BTLC";"";"";"RCVM160RA"
"Opea";"CRI 555ª Emissão 6ª Série";"25K3667541";"BRRBRACRIZS9";"Ativa";"IPCA + 6,6679% a.a.";"555";"6";"";"15/11/2035";"63.197,00";"BTLC";"";"";"RCVM160RA"
"Opea";"CRI 555ª Emissão 7ª Série";"25K3668030";"BRRBRACRIZT7";"Ativa";"97,0000% CDI";"555";"7";"";"15/11/2040";"108.987,00";"BTLC";"";"";"RCVM160RA"
"Opea";"CRI 555ª Emissão 8ª Série";"25K3668419";"BRRBRACRIZU5";"Ativa";"12,4631% a.a.";"555";"8";"";"15/11/2040";"110.706,00";"BTLC";"";"";"RCVM160RA"
"Opea";"CRI 555ª Emissão 9ª Série";"25K3669087";"BRRBRACRIZV3";"Ativa";"IPCA + 6,6280% a.a.";"555";"9";"";"15/11/2040";"54.116,00";"BTLC";"";"";"RCVM160RA"
"Opea";"CRI 485ª Emissão 1ª Série";"25K2513233";"BRRBRACRIYH5";"Ativa";"CDI + 0,6000% a.a.";"485";"1";"";"24/11/2030";"187.000,00";"IBC MELI";"";"";"RCVM160RA"
"Opea";"CRI 191ª Emissão 2ª Série";"CRA02500A1D";"BRRBRACRA7S8";"Ativa";"IPCA + 10,7639% a.a.";"191";"2";"";"17/11/2030";"43.337,00";"Solinftec V";"";"";"RCVM160RA"
"Opea";"CRI 425ª Emissão 2ª Série";"25H0008802";"BRRBRACRIWN7";"Ativa";"CDI + 4,4500% a.a.";"425";"2";"";"24/07/2029";"5.255,00";"Caprem Imperiale";"";"";"RCVM160RA"
"Opea";"CRI 538ª Emissão 1ª Série";"25K3380908";"BRRBRACRIYT0";"Ativa";"95,5000% CDI";"538";"1";"";"15/11/2032";"385.410,00";"BTG PRIME LOG";"";"";"RCVM160RA"
"Opea";"CRI 538ª Emissão 2ª Série";"25K3380934";"BRRBRACRIYU8";"Ativa";"12,4522% a.a.";"538";"2";"";"15/11/2032";"330.565,00";"BTG PRIME LOG";"";"";"RCVM160RA"
"Opea";"CRI 538ª Emissão 3ª Série";"25K3380950";"BRRBRACRIYV6";"Ativa";"IPCA + 6,9105% a.a.";"538";"3";"";"15/11/2032";"197.071,00";"BTG PRIME LOG";"";"";"RCVM160RA"
"Opea";"CRI 538ª Emissão 4ª Série";"25K3382311";"BRRBRACRIYW4";"Ativa";"96,5000% CDI";"538";"4";"";"15/11/2035";"96.631,00";"BTG PRIME LOG";"";"";"RCVM160RA"
"Opea";"CRI 538ª Emissão 5ª Série";"25K3382735";"BRRBRACRIYX2";"Ativa";"12,7027% a.a.";"538";"5";"";"15/11/2035";"186.960,00";"BTG PRIME LOG";"";"";"RCVM160RA"
"Opea";"CRI 538ª Emissão 6ª Série";"25K3382870";"BRRBRACRIYY0";"Ativa";"IPCA + 6,8302% a.a.";"538";"6";"";"15/11/2035";"135.190,00";"BTG PRIME LOG";"";"";"RCVM160RA"
"Opea";"CRI 538ª Emissão 7ª Série";"25K3383342";"BRRBRACRIYZ7";"Ativa";"97,5000% CDI";"538";"7";"";"15/11/2040";"165.155,00";"BTG PRIME LOG";"";"";"RCVM160RA"
"Opea";"CRI 538ª Emissão 8ª Série";"25K3386828";"BRRBRACRIZ03";"Ativa";"12,6510% a.a.";"538";"8";"";"15/11/2040";"165.087,00";"BTG PRIME LOG";"";"";"RCVM160RA"
"Opea";"CRI 538ª Emissão 9ª Série";"25K3391464";"BRRBRACRIZ11";"Ativa";"IPCA + 6,7176% a.a.";"538";"9";"";"15/11/2040";"73.566,00";"BTG PRIME LOG";"";"";"RCVM160RA"
"Opea";"CRI 191ª Emissão 1ª Série";"CRA02500A1B";"BRRBRACRA7R0";"Ativa";"CDI + 2,6500% a.a.";"191";"1";"";"17/11/2030";"146.611,00";"Solinftec V";"";"";"RCVM160RA"
"Opea";"CRI 30ª Emissão 1ª Série";"RBRAC0";"BRRBRADBS1R0";"Ativa";"CDI + 1,2300% a.a.";"30";"1";"";"25/02/2027";"542.259.018,00";"Nice syngenta";"";"";"RCVM160RA"
"Opea";"CRI 30ª Emissão 2ª Série";"RBRAD0";"BRRBRADBS1S8";"Ativa";"PTAXVenda + 7,9700% a.a.";"30";"2";"";"25/02/2027";"775.265.510,00";"Nice Syngenta";"";"";"RCVM160RA"
"Opea";"CRI 30ª Emissão 4ª Série";"RBRAF0";"BRRBRADBS1U4";"Ativa";"PTAXVenda + 5,0000% a.a.";"30";"4";"";"25/02/2027";"391.562.065,00";"Nice Syngenta";"";"";"RCVM160RA"
"Opea";"CRI 30ª Emissão 5ª Série";"RBRAJ0";"BRRBRADBS1V2";"Ativa";"CDI + 1,2300% a.a.";"30";"5";"";"25/02/2027";"17.304.498,00";"Nice Syngenta";"";"";"RCVM160RA"
"Opea";"CRI 30ª Emissão 6ª Série";"RBRAK0";"BRRBRADBS1W0";"Ativa";"PTAXVenda + 7,9700% a.a.";"30";"6";"";"25/02/2027";"23.538.580,00";"Nice Syngenta";"";"";"RCVM160RA"
"Opea";"CRI 524ª Emissão 1ª Série";"25K0012206";"BRRBRACRIYI3";"Ativa";"104,0000% CDI";"524";"1";"";"14/05/2028";"150.000,00";"Tegra";"";"";"RCVM160RA"
"Opea";"CRI 524ª Emissão 2ª Série";"25K0012207";"BRRBRACRIYJ1";"Ativa";"105,5000% CDI";"524";"2";"";"12/11/2030";"100.000,00";"Tegra";"";"";"RCVM160RA"
"Opea";"CRI 458ª Emissão 2ª Série";"25K2710710";"BRRBRACIR010";"Ativa";"CDI + 4,0000% a.a.";"458";"2";"";"23/01/2029";"15.000,00";"POLLO SKYLINE";"";"";"RCVM160RA"
"Opea";"CRI 458ª Emissão 1ª Série";"25K2714334";"BRRBRACRIZZ4";"Ativa";"CDI + 4,0000% a.a.";"458";"1";"";"21/12/2028";"3.000,00";"POLLO SKYLINE";"";"";"RCVM160RA"
"Opea";"CRI 549ª Emissão 1ª Série";"25K2729143";"BRRBRACIR036";"Ativa";"CDI + 4,0000% a.a.";"549";"1";"";"22/05/2029";"9.000,00";"POLLO NATIVE";"";"";"RCVM160RA"
"Opea";"CRI 549ª Emissão 2ª Série";"25K2729905";"BRRBRACIR044";"Ativa";"CDI + 4,0000% a.a.";"549";"2";"";"21/06/2029";"15.000,00";"POLLO NATIVE";"";"";"RCVM160RA"
"Opea";"CRI 532ª Emissão 1ª Série";"25K2543702";"BRRBRACRIYC6";"Ativa";"115,0000% CDI";"532";"1";"";"11/11/2030";"150.000,00";"Mitre";"";"";"RCVM160RA"
"Opea";"CRI 285ª Emissão 2ª Série";"25K3286379";"BRRBRACRIZG4";"Ativa";"CDI + 4,7000% a.a.";"285";"2";"";"23/11/2028";"10.000,00";"Vértice & Voz";"";"";"RCVM160RA"
"Opea";"CRI 29ª Emissão 1ª Série";"RBRAB9";"BRRBRADBS219";"Ativa";"CDI + 4,4200% a.a.";"29";"1";"";"29/06/2039";"170.000,00";"RIO IACO";"";"";"RCVM160RA"
"Opea";"CRI 1ª Emissão nullª Série";"COCP.MEZ.1";"BR0Q22CTF023";"Ativa";"CDI + 2,3000% a.a.";"1";"";"";"09/12/2028";"15.000,00";"";"";"";"Privada"
"Opea";"CRI 1ª Emissão nullª Série";"COCP.SEN.1";"BR0Q22CTF007";"Ativa";"CDI + 2,3000% a.a.";"1";"";"";"09/12/2028";"95.000,00";"";"";"";"RCVM160RO"
"Opea";"CRI 1ª Emissão nullª Série";"COCP.SUB.1";"BR0Q22CTF015";"Ativa";"100,0000% CDI";"1";"";"";"09/12/2028";"1,00";"";"";"";"Privada"
"Opea";"CRI 512ª Emissão 1ª Série";"25K2899018";"BRRBRACRIZ52";"Ativa";"CDI + 4,9000% a.a.";"512";"1";"";"24/10/2030";"75.000,00";"VASCOCIVITAS";"";"";"RCVM160RA"
"Opea";"CRI 107ª Emissão 3ª Série";"25J5662856";"BRRBRACRIZA7";"Ativa";"CDI + 5,9500% a.a.";"107";"3";"";"27/06/2027";"3.227,00";"MOS II";"";"";"RCVM160RA"
"Opea";"CRI 107ª Emissão 4ª Série";"25J5662859";"BRRBRACRIZB5";"Ativa";"CDI + 5,9500% a.a.";"107";"4";"";"28/06/2027";"9.598,00";"MOS II";"";"";"RCVM160RA"
"Opea";"CRI 1ª Emissão 281ª Série";"20H0872720";"BRRBRACRI770";"Ativa";"CDI + 2,9000% a.a.";"1";"281";"";"21/08/2030";"58.263,00";"JFL Realty";"";"";"ICVM476"
"Opea";"CRI 105ª Emissão 1ª Série";"22L0147303";"BRRBRACRIFL6";"Ativa";"CDI + 2,9000% a.a.";"105";"1";"";"22/10/2030";"10.000,00";"JFL Casa dos Ipês II";"";"";"ICVM476"
"Opea";"CRI 500ª Emissão 1ª Série";"25J2737576";"BRRBRACRIY79";"Ativa";"CDI + 3,3000% a.a.";"500";"1";"";"17/10/2033";"80.000,00";"Guerini";"";"";"RCVM160RA"
"Opea";"CRI 537ª Emissão 1ª Série";"25J3640354";"BRRBRACRIYK9";"Ativa";"CDI + 1,8000% a.a.";"537";"1";"";"21/10/2040";"25.000,00";"CPSH II";"";"";"RCVM160RA"
"Opea";"CRI 537ª Emissão 2ª Série";"25J3640384";"BRRBRACRIYL7";"Ativa";"CDI + 2,3000% a.a.";"537";"2";"";"20/10/2030";"25.000,00";"CPSH II";"";"";"RCVM160RA"
"Opea";"CRI 194ª Emissão 1ª Série";"CRA025008SS";"BRRBRACRA7Y6";"Ativa";"CDI + 1,3000% a.a.";"194";"1";"";"16/01/2031";"80.000,00";"Multitécnica III";"";"";"RCVM160RA"
"Opea";"CRI 194ª Emissão 2ª Série";"CRA025008SU";"BRRBRACRA7Z3";"Ativa";"CDI + 1,5000% a.a.";"194";"2";"";"18/01/2033";"80.000,00";"Multitécnica III";"";"";"RCVM160RA"
"Opea";"CRI 194ª Emissão 3ª Série";"CRA025008SV";"BRRBRACRA7Y6";"Ativa";"CDI + 1,0000% a.a.";"194";"3";"";"16/01/2036";"80.000,00";"Multitécnica III";"";"";"RCVM160RA"
"Opea";"CRI 507ª Emissão 4ª Série";"25J2844344";"BRRBRACRIYG7";"Ativa";"IPCA + 9,7503% a.a.";"507";"4";"";"18/08/2041";"11.753,00";"CRI Oba";"";"";"RCVM160RA"
"Opea";"CRI 509ª Emissão 1ª Série";"25J3837465";"BRRBRACRIYM5";"Ativa";"CDI + 1,5000% a.a.";"509";"1";"";"28/09/2032";"52.155,00";"Lúcio";"";"";"RCVM160RA"
"Opea";"CRI 518ª Emissão 2ª Série";"25J3035137";"BRRBRACRIXZ9";"Ativa";"13,8000% a.a.";"518";"2";"";"14/10/2035";"73.927,00";"Lavvi IV";"";"";"RCVM160RA"
"Opea";"CRI 507ª Emissão 3ª Série";"25J2843984";"BRRBRACRIYF9";"Ativa";"IPCA + 9,7502% a.a.";"507";"3";"";"18/08/2041";"16.940,00";"CRI Oba";"";"";"RCVM160RA"
"Opea";"CRI 518ª Emissão 1ª Série";"25J3017471";"BRRBRACRIXY2";"Ativa";"101,0000% CDI";"518";"1";"";"14/10/2032";"257.981,00";"Lavvi IV";"";"";"RCVM160RA"
"Opea";"CRI 518ª Emissão 3ª Série";"25J3035163";"BRRBRACRIY04";"Ativa";"IPCA + 7,8942% a.a.";"518";"3";"";"14/10/2035";"68.092,00";"Lavvi IV";"";"";"RCVM160RA"
"Opea";"CRI 513ª Emissão 1ª Série";"25J5351986";"BRRBRACRIXO3";"Ativa";"CDI + 1,0500% a.a.";"513";"1";"";"14/10/2030";"89.108,00";"TENDA";"";"";"RCVM160RA"
"Opea";"CRI 513ª Emissão 2ª Série";"25J5363208";"BRRBRACRIXP0";"Ativa";"IPCA + 9,0026% a.a.";"513";"2";"";"14/10/2030";"67.814,00";"TENDA";"";"";"RCVM160RA"
"Opea";"CRI 513ª Emissão 3ª Série";"25J5363745";"BRRBRACRIXQ8";"Ativa";"14,4500% a.a.";"513";"3";"";"14/10/2030";"133.429,00";"TENDA";"";"";"RCVM160RA"
"Opea";"CRI 513ª Emissão 4ª Série";"25J5363794";"BRRBRACRIXR6";"Ativa";"IPCA + 8,9924% a.a.";"513";"4";"";"14/10/2032";"9.649,00";"TENDA";"";"";"RCVM160RA"
"Opea";"CRI 193ª Emissão 1ª Série";"CRA025008HR";"BRRBRACRA7T6";"Ativa";"IPCA + 8,4773% a.a.";"193";"1";"";"14/10/2032";"300.000,00";"Nardini II";"";"";"RCVM160RA"
"Opea";"CRI 201ª Emissão 1ª Série";"CRA025008N8";"BRRBRACRA7U4";"Ativa";"103,7500% CDI";"201";"1";"";"14/10/2030";"189.609,00";"3Tentos";"";"";"RCVM160RA"
"Opea";"CRI 201ª Emissão 2ª Série";"CRA025008N9";"BRRBRACRA7V2";"Ativa";"CDI + 0,6000% a.a.";"201";"2";"";"14/10/2032";"35.665,00";"3Tentos";"";"";"RCVM160RA"
"Opea";"CRI 201ª Emissão 3ª Série";"CRA025008NA";"BRRBRACRA7W0";"Ativa";"14,1458% a.a.";"201";"3";"";"14/10/2032";"274.726,00";"3Tentos";"";"";"RCVM160RA"
"Opea";"CRI 200ª Emissão 1ª Série";"CRA025008YL";"BRRBRACRA850";"Ativa";"CDI + 3,1500% a.a.";"200";"1";"";"14/10/2035";"52.000,00";"Jequitibá";"";"";"Privada"
"Opea";"CRI 26ª Emissão 1ª Série";"RBRAE6";"BRRBRADBS1P4";"Ativa";"CDI + 0,7000% a.a.";"26";"1";"";"17/10/2028";"500.000,00";"Afya";"";"";"RCVM160RA"
"Opea";"CRI 26ª Emissão 2ª Série";"RBRAF6";"BRRBRADBS1Q2";"Ativa";"CDI + 0,8500% a.a.";"26";"2";"";"16/10/2030";"1.000.000,00";"Afya";"";"";"RCVM160RA"
"Opea";"CRI 484ª Emissão 2ª Série";"25J3752868";"BRRBRACRIY61";"Ativa";"IPCA + 12,5000% a.a.";"484";"2";"";"19/12/2040";"17.707,00";"GS SOUTO";"";"";"RCVM160RA"
"Opea";"CRI 484ª Emissão 1ª Série";"25J3223102";"BRRBRACRIY53";"Ativa";"CDI + 4,6500% a.a.";"484";"1";"";"19/10/2037";"89.793,00";"GS SOUTO";"";"";"RCVM160RA"
"Opea";"CRI 481ª Emissão 1ª Série";"25J3037760";"BRRBRACRIY95";"Ativa";"CDI + 3,0000% a.a.";"481";"1";"";"14/09/2031";"141.544.448,00";"Kronolog II";"";"";"RCVM160RA"
"Opea";"CRI 481ª Emissão 2ª Série";"25J3037764";"BRRBRACRIYA0";"Ativa";"CDI + 3,0000% a.a.";"481";"2";"";"13/10/2031";"57.452.688,00";"Kronolog II";"";"";"RCVM160RA"
"Opea";"CRI 507ª Emissão 2ª Série";"25J2841095";"BRRBRACRIYE2";"Ativa";"IPCA + 9,7501% a.a.";"507";"2";"";"18/08/2041";"18.642,00";"CRI Oba";"";"";"RCVM160RA"
"Opea";"CRI 481ª Emissão 3ª Série";"25J3041088";"BRRBRACRIYB8";"Ativa";"CDI + 3,0000% a.a.";"481";"3";"";"13/10/2031";"70.000.000,00";"Kronolog II";"";"";"RCVM160RA"
"Opea";"CRI 2ª Emissão 1ª Série";"ICSC12";"BRICSCDBS020";"Ativa";"CDI + 0,9200% a.a.";"2";"1";"";"23/10/2035";"1.600.000,00";"Mercantil";"";"";"RCVM160RA"
"Opea";"CRI 1ª Emissão 320ª Série";"20I0620356";"BRAPCSCRI887";"Resgatada";"100,0000% CDI";"1";"320";"";"12/03/2026";"70.000,00";"Tecnisa IV";"";"";"ICVM476"
"Opea";"CRI 527ª Emissão 1ª Série";"25J2486442";"BRRBRACRIY38";"Ativa";"CDI + 2,0000% a.a.";"527";"1";"";"19/10/2031";"21.500,00";"Cahima";"";"";"RCVM160RA"
"Opea";"CRI 527ª Emissão 2ª Série";"25J2486444";"BRRBRACRIY46";"Ativa";"100,0000% CDI";"527";"2";"";"19/10/2031";"10.000,00";"Cahima";"";"";"RCVM160RA"
"Opea";"CRI 507ª Emissão 1ª Série";"25J2841065";"BRRBRACRIYD4";"Ativa";"IPCA + 9,7500% a.a.";"507";"1";"";"18/08/2041";"10.680,00";"CRI Oba";"";"";"RCVM160RA"
"Opea";"CRI 516ª Emissão 1ª Série";"25J2958608";"BRRBRACRIY87";"Ativa";"100,0000% CDI";"516";"1";"";"14/10/2030";"78.509,00";"Ancar";"";"";"RCVM160RA"
"Opea";"CRI 522ª Emissão 2ª Série";"25J2522880";"BRRBRACRIY20";"Ativa";"CDI + 6,5000% a.a.";"522";"2";"";"11/04/2028";"10.000,00";"Vieira Souto";"";"";"RCVM160RA"
"Opea";"CRI 522ª Emissão 1ª Série";"25J2521877";"BRRBRACRIY12";"Quitada";"32,2500% a.a.";"522";"1";"";"09/04/2026";"10.000,00";"Vieira Souto";"";"";"RCVM160RA"
"Opea";"CRI 202ª Emissão 1ª Série";"CRA025008NG";"BRRBRACRA819";"Ativa";"CDI + 5,0000% a.a.";"202";"1";"";"27/11/2031";"52.500,00";"IRMAOS WALKER";"";"";"RCVM160RA"
"Opea";"CRI 27ª Emissão 1ª Série";"RBRAI7";"BRRBRADBS1N9";"Ativa";"CDI + 2,0000% a.a.";"27";"1";"";"08/10/2030";"257.244.438,00";"strata";"";"";"RCVM160RA"
"Opea";"CRI 27ª Emissão 2ª Série";"RBRAJ7";"BRRBRADBS1O7";"Ativa";"1,0000% a.a.";"27";"2";"";"09/10/2040";"674.119,00";"Strata";"";"";"RCVM160RA"
"Opea";"CRI 506ª Emissão 1ª Série";"25I4731031";"BRRBRACRIXV8";"Ativa";"IPCA + 10,0000% a.a.";"506";"1";"";"15/09/2030";"14.847,00";"SIG LEBLON";"";"";"RCVM160RA"
"Opea";"CRI 519ª Emissão 1ª Série";"25I4301728";"BRRBRACRIXT2";"Ativa";"IPCA + 11,2500% a.a.";"519";"1";"";"24/07/2030";"34.000,00";"Cascavel";"";"";"RCVM160RA"
"Opea";"CRI 506ª Emissão 2ª Série";"25I4731032";"BRRBRACRIXW6";"Ativa";"INCCDI + 0,0000% a.a.";"506";"2";"";"15/09/2030";"15.691,00";"SIG LEBLON";"";"";"RCVM160RA"
"Opea";"CRI 506ª Emissão 3ª Série";"25I4731089";"BRRBRACRIXX4";"Ativa";"0,0000% a.a.";"506";"3";"";"15/09/2030";"2.660,00";"SIG LEBLON";"";"";"RCVM160RA"
"Opea";"CRI 501ª Emissão 1ª Série";"25I3848679";"BRRBRACRIXK1";"Ativa";"CDI + 3,5000% a.a.";"501";"1";"";"19/03/2028";"4.000,00";"Piimo";"";"";"RCVM160RA"
"Opea";"CRI 511ª Emissão 1ª Série";"25I4138643";"BRRBRACRIXS4";"Ativa";"CDI + 4,0000% a.a.";"511";"1";"";"29/09/2030";"18.400,00";"JATAI";"";"";"RCVM160RA"
"Opea";"CRI 474ª Emissão 1ª Série";"25I4856865";"BRRBRACRIXU0";"Ativa";"CDI + 6,0000% a.a.";"474";"1";"";"24/09/2029";"15.470,00";"Madrid";"";"";"RCVM160RA"
"Opea";"CRI 190ª Emissão 1ª Série";"CRA025008N5";"BRRBRACRA7X8";"Ativa";"CDI + 2,5000% a.a.";"190";"1";"";"28/07/2030";"400.000,00";"Copercana";"";"";"RCVM160RA"
"Opea";"CRI 24ª Emissão 1ª Série";"RBRAC4";"BRRBRADBS1L3";"Ativa";"15,8000% a.a.";"24";"1";"";"29/07/2029";"673.498,00";"Vamos IV";"";"";"RCVM160RA"
"Opea";"CRI 1ª Emissão 326ª Série";"21B0134869";"BRAPCSCRI8Y6";"Ativa";"0,0000% a.a.";"1";"326";"";"05/03/2036";"16.016.651,00";"Origo";"";"";"ICVM476"
"Opea";"CRI 25ª Emissão 1ª Série";"25I4083748";"BRRBRACR00Y9";"Ativa";"CDI + 1,2800% a.a.";"25";"1";"";"14/11/2026";"88.510,00";"Origeo ABC V";"";"";"RCVM160RA"
"Opea";"CRI 25ª Emissão 1ª Série";"RBRAD5";"BRRBRADBS1M1";"Ativa";"16,0820% a.a.";"25";"1";"";"28/07/2027";"768.913,00";"Movida I";"";"";"RCVM160RO"
"Opea";"CRI 514ª Emissão 1ª Série";"25I3740725";"BRRBRACRIXL9";"Ativa";"IPCA + 12,0000% a.a.";"514";"1";"";"15/07/2040";"235.000,00";"MRV Flex X";"";"";"RCVM160RA"
"Opea";"CRI 489ª Emissão 1ª Série";"25I2735944";"BRRBRACRIXC8";"Ativa";"IPCA + 10,7010% a.a.";"489";"1";"";"16/07/2034";"74.865.000,00";"Urba XI";"";"";"RCVM160RA"
"Opea";"CRI 489ª Emissão 2ª Série";"25I2739434";"BRRBRACRIXD6";"Ativa";"IPCA + 9,4000% a.a.";"489";"2";"";"14/07/2043";"24.955.000,00";"Urba XI";"";"";"RCVM160RA"
"Opea";"CRI 140ª Emissão 5ª Série";"23J1135622";"BRAPCSCRIKQ5";"Ativa";"IPCA + 12,6800% a.a.";"140";"5";"";"14/04/2027";"680,00";"WJL";"";"";"RCVM160RA"
"Opea";"CRI 282ª Emissão 1ª Série";"24E1605364";"BRAPCSCRIMW9";"Ativa";"INCCDI + 6,0000% a.a.";"282";"1";"";"18/05/2032";"27.500,00";"Lavvi";"";"";"RCVM160RA"
"Opea";"CRI 490ª Emissão 1ª Série";"25I0014418";"BRRBRACRIX88";"Ativa";"IPCA + 7,2182% a.a.";"490";"1";"";"16/09/2035";"115.114,00";"Rede D'Or XIII Anália Franco";"";"";"RCVM160RA"
"Opea";"CRI 490ª Emissão 2ª Série";"25I0014421";"BRRBRACRIX96";"Ativa";"IPCA + 7,0959% a.a.";"490";"2";"";"14/09/2045";"214.886,00";"Rede D'Or XIII Anália Franco";"";"";"RCVM160RA"
"Opea";"CRI 463ª Emissão 1ª Série";"25I2147442";"BRRBRACRIXH7";"Ativa";"100,0000% CDI";"463";"1";"";"21/09/2032";"53.557,00";"Higienópolis";"";"";"RCVM160RA"
"Opea";"CRI 463ª Emissão 2ª Série";"25I2150284";"BRRBRACRIXI5";"Ativa";"100,0000% CDI";"463";"2";"";"23/09/2029";"75.000,00";"Higienópolis";"";"";"RCVM160RA"
"Opea";"CRI 192ª Emissão 1ª Série";"CRA025007KK";"BRRBRACRA7N9";"Ativa";"14,1000% a.a.";"192";"1";"";"14/09/2032";"1.000.000,00";"Eldorado";"";"";"RCVM160RA"
"Opea";"CRI 196ª Emissão 1ª Série";"CRA025007PT";"BRRBRACRA7M1";"Ativa";"CDI + 0,4000% a.a.";"196";"1";"";"21/09/2033";"900.000,00";"SLC Agro";"";"";"RCVM160RA"
"Opea";"CRI 192ª Emissão 2ª Série";"CRA0250080X";"BRRBRACRA7O7";"Ativa";"IPCA + 7,7281% a.a.";"192";"2";"";"16/09/2035";"500.000,00";"Eldorado";"";"";"RCVM160RA"
"Opea";"CRI 192ª Emissão 3ª Série";"CRA0250080Y";"BRRBRACRA7P4";"Ativa";"IPCA + 7,6000% a.a.";"192";"3";"";"16/09/2040";"500.000,00";"Eldorado";"";"";"RCVM160RA"
"Opea";"CRI 497ª Emissão 1ª Série";"25I2423667";"BRRBRACRIXM7";"Ativa";"CDI + 2,5000% a.a.";"497";"1";"";"14/02/2028";"27.852,00";"Projeto Bronze";"";"";"RCVM160RA"
"Opea";"CRI 497ª Emissão 2ª Série";"25I3351807";"BRRBRACRIXN5";"Ativa";"CDI + 9,9866% a.a.";"497";"2";"";"14/02/2028";"11.910,00";"Projeto Bronze";"";"";"RCVM160RA"
"Opea";"CRI 23ª Emissão 2ª Série";"RBRAI3";"BRRBRADBS1K5";"Ativa";"CDI + 9,0000% a.a.";"23";"2";"";"14/01/2027";"1.900,00";"SPORT RECIFE";"";"";"RCVM160RA"
"Opea";"CRI 184ª Emissão 1ª Série";"CRA0250086H";"BRRBRACRA7C2";"Ativa";"PTAXVenda + 6,9900% a.a.";"184";"1";"";"17/11/2030";"2.594,00";"Bauer";"";"";"RCVM160RA"
"Opea";"CRI 188ª Emissão 1ª Série";"CRA02500810";"BRRBRACRA7Q2";"Ativa";"CDI + 4,5000% a.a.";"188";"1";"";"15/09/2030";"150.000,00";"ACP Bioenergia II";"";"";"RCVM160RA"
"Opea";"CRI 478ª Emissão 1ª Série";"25I2039269";"BRRBRACRIX47";"Ativa";"CDI + 4,5000% a.a.";"478";"1";"";"03/09/2035";"64.422,00";"Shopping Itapê";"";"";"RCVM160RA"
"Opea";"CRI 480ª Emissão 1ª Série";"25I2146381";"BRRBRACRIXF1";"Ativa";"IPCA + 10,0000% a.a.";"480";"1";"";"30/08/2037";"97.500,00";"Por do Sol";"";"";"RCVM160RA"
"Opea";"CRI 480ª Emissão 2ª Série";"25I2147042";"BRRBRACRIXG9";"Ativa";"IPCA + 14,0000% a.a.";"480";"2";"";"30/08/2037";"97.500,00";"Por do Sol";"";"";"RCVM160RA"
"Opea";"CRI 494ª Emissão 1ª Série";"25I0014209";"BRRBRACRIXA2";"Ativa";"98,0000% CDI";"494";"1";"";"18/09/2035";"500.000,00";"Multiplan";"";"";"RCVM160RA"
"Opea";"CRI 136ª Emissão 1ª Série";"23C1668294";"BRAPCSCRIH47";"Ativa";"INCCDI + 11,5000% a.a.";"136";"1";"";"30/10/2028";"38.500,00";"Mitre II";"";"";"RCVM160RA"
"Opea";"CRI 315ª Emissão 1ª Série";"24E2726390";"BRAPCSCRIP47";"Ativa";"IPCA + 10,0000% a.a.";"315";"1";"";"24/11/2042";"43.500,00";"AZ Quest";"";"";"RCVM160RA"
"Opea";"CRI 483ª Emissão 1ª Série";"25H5079794";"BRRBRACRIXB0";"Ativa";"IPCA + 11,5000% a.a.";"483";"1";"";"04/09/2029";"187.842,00";"You Inc.";"";"";"RCVM160RA"
"Opea";"CRI 479ª Emissão 1ª Série";"25H0070126";"BRRBRACRIX13";"Ativa";"CDI + 1,8000% a.a.";"479";"1";"";"25/08/2037";"98.191,00";"Baltimore";"";"";"RCVM160RA"
"Opea";"CRI 441ª Emissão 2ª Série";"25H4703760";"BRRBRACRIX70";"Ativa";"IPCA + 10,0000% a.a.";"441";"2";"";"27/12/2043";"7.250,00";"AZ Quest";"";"";"RCVM160RA"
"Opea";"CRI 21ª Emissão 1ª Série";"RBRAE1";"BRRBRADBS1H1";"Ativa";"CDI + 1,9500% a.a.";"21";"1";"";"22/08/2030";"380.000,00";"Verzani";"";"";"RCVM160RA"
"Opea";"CRI 24ª Emissão 1ª Série";"25H8249620";"BRRBRACR00X";"Ativa";"CDI + 0,9000% a.a.";"24";"1";"";"22/08/2028";"200.000,00";"SOE";"";"";"RCVM160RA"
"Opea";"CRI 367ª Emissão 3ª Série";"25H1041680";"BRRBRACRISI5";"Ativa";"IPCA + 10,9000% a.a.";"367";"3";"";"27/12/2028";"2.009,00";"Aikon";"";"";"RCVM160RA"
"Opea";"CRI 88ª Emissão 3ª Série";"25H5131703";"BRRBRACRIXE4";"Ativa";"IPCA + 6,0000% a.a.";"88";"3";"";"27/03/2028";"44.522,00";"Seed";"";"";"RCVM160RA"
"Opea";"CRI 22ª Emissão 1ª Série";"RBRAE2";"BRRBRADBS1I9";"Ativa";"CDI + 1,6000% a.a.";"22";"1";"";"19/08/2031";"150.000,00";"LWART";"";"";"RCVM160RA"
"Opea";"CRI 468ª Emissão 1ª Série";"25H3483471";"BRRBRACRIX54";"Ativa";"CDI + 3,0000% a.a.";"468";"1";"";"25/09/2029";"30.000,00";"Mitre L'avenir";"";"";"RCVM160RA"
"Opea";"CRI 189ª Emissão 4ª Série";"CRA025006SV";"BRRBRACRA7L3";"Ativa";"IPCA + 8,5374% a.a.";"189";"4";"";"16/08/2037";"25.705,00";"Boa Safra II";"";"";"RCVM160RA"
"Opea";"CRI 495ª Emissão 3ª Série";"25H0243071";"BRIMWLCRIO87";"Ativa";"14,5000% a.a.";"495";"3";"";"15/08/2032";"341.840,00";"BTSA";"";"";"RCVM160RA"
"Opea";"CRI 495ª Emissão 2ª Série";"25H0243072";"BRIMWLCRIO79";"Ativa";"107,0000% CDI";"495";"2";"";"15/08/2032";"233.196,00";"BTSA";"";"";"RCVM160RA"
"Opea";"CRI 495ª Emissão 1ª Série";"25H0243074";"BRIMWLCRIO61";"Ativa";"105,0000% CDI";"495";"1";"";"14/08/2030";"124.964,00";"BTSA";"";"";"RCVM160RA"
"Opea";"CRI 286ª Emissão 2ª Série";"25H4162216";"BRRBRACRIP05";"Ativa";"CDI + 5,0000% a.a.";"286";"2";"";"23/08/2029";"9.000,00";"Construtora Dez";"";"";"RCVM160RA"
"Opea";"CRI 23ª Emissão 1ª Série";"25H4806754";"BRRBRACR00W3";"Ativa";"CDI + 4,4000% a.a.";"23";"1";"";"05/09/2028";"52.000,00";"Supermix";"";"";"RCVM160RA"
"Opea";"CRI 189ª Emissão 1ª Série";"CRA025006SR";"BRRBRACRA7I9";"Ativa";"104,0000% CDI";"189";"1";"";"15/02/2032";"233.982,00";"Boa Safra II";"";"";"RCVM160RA"
"Opea";"CRI 189ª Emissão 2ª Série";"CRA025006SS";"BRRBRACRA7J7";"Ativa";"14,0901% a.a.";"189";"2";"";"15/02/2032";"217.191,00";"Boa Safra II";"";"";"RCVM160RA"
"Opea";"CRI 189ª Emissão 3ª Série";"CRA025006SU";"BRRBRACRA7K5";"Ativa";"14,2152% a.a.";"189";"3";"";"14/02/2034";"23.122,00";"Boa Safra II";"";"";"RCVM160RA"
"Opea";"CRI 455ª Emissão 1ª Série";"25H3372118";"BRRBRACRIX62";"Ativa";"CDI + 1,6000% a.a.";"455";"1";"";"26/08/2035";"160.000,00";"JW Marriot";"";"";"RCVM160RA"
"Opea";"CRI 20ª Emissão 1ª Série";"25H2609820";"BRRBRACR00U7";"Ativa";"CDI + 7,0000% a.a.";"20";"1";"";"05/08/2029";"25.000,00";"Gabriel";"";"";"RCVM160RA"
"Opea";"CRI 443ª Emissão 2ª Série";"25H2085333";"BRRBRACRIX39";"Ativa";"CDI + 2,5000% a.a.";"443";"2";"";"21/08/2029";"6.860,00";"FGR II";"";"";"RCVM160RO"
"Opea";"CRI 420ª Emissão 1ª Série";"25H2061408";"BRRBRACRIWV0";"Ativa";"IPCA + 9,6500% a.a.";"420";"1";"";"16/10/2039";"40.000,00";"Peugeot";"";"";"RCVM160RA"
"Opea";"CRI 420ª Emissão 2ª Série";"25H2061409";"BRRBRACRIWW8";"Ativa";"IPCA + 9,6500% a.a.";"420";"2";"";"14/09/2039";"40.000,00";"Peugeot";"";"";"RCVM160RA"
"Opea";"CRI 443ª Emissão 1ª Série";"25H2065524";"BRRBRACRIX21";"Ativa";"CDI + 2,5000% a.a.";"443";"1";"";"21/08/2029";"61.740,00";"FGR II";"";"";"RCVM160RA"
"Opea";"CRI 41ª Emissão 1ª Série";"CRA0220040H";"BRRBRACRA1U7";"Ativa";"12,0000% a.a.";"41";"1";"";"08/11/2035";"50.000,00";"Languiru";"";"";"ICVM476"
"Opea";"CRI 47ª Emissão 2ª Série";"CRA022007KM";"BRRBRACRA249";"Ativa";"12,0000% a.a.";"47";"2";"";"08/11/2035";"25.000,00";"Languiru II";"";"";"ICVM476"
"Opea";"CRI 72ª Emissão 1ª Série";"CRA02200DKZ";"BRRBRACRA2O8";"Ativa";"12,0000% a.a.";"72";"1";"";"08/11/2035";"50.000,00";"Languiru III";"";"";"ICVM476"
"Opea";"CRI 19ª Emissão 1ª Série";"RBRAA9";"BRRBRADBS1G3";"Ativa";"CDI + 2,7500% a.a.";"19";"1";"";"08/08/2035";"97.500,00";"JGP";"";"";"RCVM160RA"
"Opea";"CRI 407ª Emissão 2ª Série";"25H0016806";"BRRBRACRIWU2";"Ativa";"IPCA + 12,0000% a.a.";"407";"2";"";"24/07/2040";"1.500,00";"GSP";"";"";"RCVM160RA"
"Opea";"CRI 20ª Emissão 1ª Série";"RBRAC2";"BRRBRADBS1E8";"Ativa";"CDI + 1,3700% a.a.";"20";"1";"";"12/02/2030";"880.000,00";"Sotreq";"";"";"RCVM160RA"
"Opea";"CRI 20ª Emissão 2ª Série";"RBRAD2";"BRRBRADBS1F5";"Ativa";"CDI + 1,8500% a.a.";"20";"2";"";"12/02/2030";"120.000,00";"Sotreq";"";"";"RCVM160RA"
"Opea";"CRI 1ª Emissão 17ª Série";"13J0006684";"BRAPCSCRI0C9";"Ativa";"10,1600% a.a.";"1";"17";"";"30/09/2043";"10,00";"Itau 17 (476)";"";"";"ICVM400"
"Opea";"CRI 407ª Emissão 1ª Série";"25G5244369";"BRRBRACRIWT4";"Ativa";"IPCA + 12,0000% a.a.";"407";"1";"";"24/07/2040";"6.000,00";"GSP";"";"";"RCVM160RA"
"Opea";"CRI 183ª Emissão 1ª Série";"CRA025006HE";"BRRBRACRA7B4";"Ativa";"CDI + 4,5000% a.a.";"183";"1";"";"29/05/2028";"50.000,00";"USA";"";"";"RCVM160RA"
"Opea";"CRI 457ª Emissão 1ª Série";"25G3349043";"BRRBRACRIVT6";"Ativa";"101,5000% CDI";"457";"1";"";"21/08/2030";"103.238,00";"Diálogo Corporativo";"";"";"RCVM160RA"
"Opea";"CRI 457ª Emissão 2ª Série";"25G5835158";"BRRBRACRIVU4";"Ativa";"IPCA + 9,0330% a.a.";"457";"2";"";"21/08/2030";"96.762,00";"Diálogo Corporativo";"";"";"RCVM160RA"
"Opea";"CRI 1ª Emissão 344ª Série";"20L0675397";"BRAPCSCRI8P4";"Ativa";"CDI + 4,2500% a.a.";"1";"344";"";"27/12/2028";"50.000,00";"Tecnisa VI";"";"";"ICVM476"
"Opea";"CRI 477ª Emissão 1ª Série";"25G5321935";"BRRBRACRIWZ1";"Ativa";"CDI + 4,9000% a.a.";"477";"1";"";"21/07/2030";"40.000,00";"VIC II";"";"";"RCVM160RA"
"Opea";"CRI 477ª Emissão 2ª Série";"25G5321936";"BRRBRACRIX05";"Ativa";"IPCA + 12,6700% a.a.";"477";"2";"";"21/08/2030";"30.000,00";"VIC II";"";"";"RCVM160RA"
"Opea";"CRI 107ª Emissão 1ª Série";"22L1575688";"BRRBRACRIG55";"Ativa";"CDI + 4,9500% a.a.";"107";"1";"";"27/06/2027";"50.000,00";"MOS II";"";"";"ICVM476"
"Opea";"CRI 107ª Emissão 2ª Série";"22L2786958";"BRRBRACRIG55";"Ativa";"CDI + 4,9500% a.a.";"107";"2";"";"27/06/2027";"100.000,00";"Mos II";"";"";"RCVM160RA"
"Opea";"CRI 1ª Emissão 10ª Série";"OPA101";"BROPABDBS095";"Ativa";"CDI + 1,0000% a.a.";"1";"10";"";"17/07/2029";"139.201.548,00";"AGIBANK";"";"";"RCVM160RA"
"Opea";"CRI 1ª Emissão 11ª Série";"OPA111";"BROPABDBS0A3";"Ativa";"CDI + 1,0000% a.a.";"1";"11";"";"16/08/2029";"125.629.649,00";"AGIBANK";"";"";"RCVM160RA"
"Opea";"CRI 1ª Emissão 12ª Série";"OPA121";"BROPABDBS0B1";"Ativa";"CDI + 1,0000% a.a.";"1";"12";"";"19/09/2029";"113.363.387,00";"AGIBANK";"";"";"RCVM160RA"
"Opea";"CRI 1ª Emissão 13ª Série";"OPA131";"BROPABDBS0C9";"Ativa";"CDI + 1,0000% a.a.";"1";"13";"";"17/10/2029";"102.278.408,00";"AGIBANK";"";"";"RCVM160RA"
"Opea";"CRI 1ª Emissão 14ª Série";"OPA141";"BROPABDBS0D7";"Ativa";"CDI + 1,0000% a.a.";"1";"14";"";"21/11/2029";"92.262.111,00";"AGIBANK";"";"";"RCVM160RA"
"Opea";"CRI 1ª Emissão 15ª Série";"OPA151";"BROPABDBS0E5";"Ativa";"CDI + 1,0000% a.a.";"1";"15";"";"18/12/2029";"83.212.545,00";"AGIBANK";"";"";"RCVM160RA"
"Opea";"CRI 1ª Emissão 16ª Série";"OPA161";"BROPABDBS0F2";"Ativa";"CDI + 1,0000% a.a.";"1";"16";"";"17/01/2030";"75.037.407,00";"AGIBANK";"";"";"RCVM160RA"
"Opea";"CRI 1ª Emissão 17ª Série";"OPA171";"BROPABDBS0G0";"Ativa";"CDI + 1,0000% a.a.";"1";"17";"";"18/02/2030";"67.653.136,00";"AGIBANK";"";"";"RCVM160RA"
"Opea";"CRI 1ª Emissão 18ª Série";"OPA181";"BROPABDBS0H8";"Ativa";"CDI + 1,0000% a.a.";"1";"18";"";"20/03/2030";"60.984.089,00";"AGIBANK";"";"";"RCVM160RA"
"Opea";"CRI 1ª Emissão 19ª Série";"OPA191";"BROPABDBS0I6";"Ativa";"CDI + 1,0000% a.a.";"1";"19";"";"16/04/2030";"54.961.796,00";"AGIBANK";"";"";"RCVM160RO"
"Opea";"CRI 1ª Emissão 20ª Série";"OPA201";"BROPABDBS0J4";"Ativa";"CDI + 1,0000% a.a.";"1";"20";"";"19/05/2030";"49.524.285,00";"AGIBANK";"";"";"RCVM160RA"
"Opea";"CRI 1ª Emissão 21ª Série";"OPA211";"BROPABDBS0K2";"Ativa";"CDI + 1,0000% a.a.";"1";"21";"";"18/06/2030";"44.615.467,00";"AGIBANK";"";"";"RCVM160RA"
"Opea";"CRI 1ª Emissão 22ª Série";"OPA221";"BROPABDBS0L0";"Ativa";"CDI + 1,0000% a.a.";"1";"22";"";"16/07/2030";"40.184.586,00";"AGIBANK";"";"";"RCVM160RA"
"Opea";"CRI 1ª Emissão 23ª Série";"OPA231";"BROPABDBS0M8";"Ativa";"CDI + 1,0000% a.a.";"1";"23";"";"18/08/2030";"36.185.709,00";"AGIBANK";"";"";"RCVM160RA"
"Opea";"CRI 1ª Emissão 24ª Série";"OPA241";"BROPABDBS0N6";"Ativa";"CDI + 1,0000% a.a.";"1";"24";"";"17/09/2030";"32.577.277,00";"AGIBANK";"";"";"RCVM160RA"
"Opea";"CRI 1ª Emissão 25ª Série";"OPA251";"BROPABDBS0O4";"Ativa";"CDI + 1,0000% a.a.";"1";"25";"";"16/10/2030";"29.321.689,00";"AGIBANK";"";"";"RCVM160RA"
"Opea";"CRI 1ª Emissão 26ª Série";"OPA261";"BROPABDBS0P1";"Ativa";"CDI + 1,0000% a.a.";"1";"26";"";"20/11/2030";"26.384.927,00";"AGIBANK";"";"";"RCVM160RA"
"Opea";"CRI 1ª Emissão 27ª Série";"OPA271";"BROPABDBS0Q9";"Ativa";"CDI + 1,0000% a.a.";"1";"27";"";"17/12/2030";"23.736.221,00";"AGIBANK";"";"";"RCVM160RA"
"Opea";"CRI 1ª Emissão 28ª Série";"OPA281";"BROPABDBS0R7";"Ativa";"CDI + 1,0000% a.a.";"1";"28";"";"19/01/2031";"21.347.735,00";"AGIBANK";"";"";"RCVM160RA"
"Opea";"CRI 1ª Emissão 29ª Série";"OPA291";"BROPABDBS0S5";"Ativa";"CDI + 1,0000% a.a.";"1";"29";"";"18/02/2031";"19.194.297,00";"AGIBANK";"";"";"RCVM160RA"
"Opea";"CRI 1ª Emissão 30ª Série";"OPA301";"BROPABDBS0U1";"Ativa";"CDI + 1,0000% a.a.";"1";"30";"";"18/03/2031";"17.253.139,00";"AGIBANK";"";"";"RCVM160RA"
"Opea";"CRI 1ª Emissão 31ª Série";"OPA311";"BROPABDBS0U1";"Ativa";"CDI + 1,0000% a.a.";"1";"31";"";"17/04/2031";"47.549.337,00";"AGIBANK";"";"";"RCVM160RA"
"Opea";"CRI 1ª Emissão 32ª Série";"OPA321";"BROPABDBS0V9";"Ativa";"CDI + 1,0000% a.a.";"1";"32";"";"19/05/2031";"47.549.337,00";"AGIBANK";"";"";"RCVM160RA"
"Opea";"CRI 1ª Emissão 33ª Série";"OPA331";"BROPABDBS0W7";"Ativa";"CDI + 1,0000% a.a.";"1";"33";"";"18/06/2031";"47.549.337,00";"AGIBANK";"";"";"RCVM160RO"
"Opea";"CRI 1ª Emissão 34ª Série";"OPA341";"BROPABDBS0X5";"Ativa";"CDI + 1,0000% a.a.";"1";"34";"";"16/07/2031";"47.549.337,00";"AGIBANK";"";"";"RCVM160RA"
"Opea";"CRI 1ª Emissão 35ª Série";"OPA351";"BROPABDBS0Y3";"Ativa";"CDI + 1,0000% a.a.";"1";"35";"";"18/08/2031";"47.549.337,00";"AGIBANK";"";"";"RCVM160RA"
"Opea";"CRI 1ª Emissão 36ª Série";"OPA361";"BROPABDBS0Z0";"Ativa";"CDI + 1,0000% a.a.";"1";"36";"";"16/09/2031";"47.549.337,00";"AGIBANK";"";"";"RCVM160RA"
"Opea";"CRI 1ª Emissão 1ª Série";"OPAB11";"BROPABDBS004";"Ativa";"CDI + 1,0000% a.a.";"1";"1";"";"18/10/2028";"348.246.857,00";"AGIBANK";"";"";"RCVM160RA"
"Opea";"CRI 1ª Emissão 2ª Série";"OPAB21";"BROPABDBS012";"Ativa";"CDI + 1,0000% a.a.";"1";"2";"";"21/11/2028";"314.673.153,00";"AGIBANK";"";"";"RCVM160RA"
"Opea";"CRI 1ª Emissão 3ª Série";"OPAB31";"BROPABDBS020";"Ativa";"CDI + 1,0000% a.a.";"1";"3";"";"18/12/2028";"284.302.331,00";"AGIBANK";"";"";"RCVM160RA"
"Opea";"CRI 1ª Emissão 4ª Série";"OPAB41";"BROPABDBS038";"Ativa";"CDI + 1,0000% a.a.";"1";"4";"";"17/01/2029";"256.831.274,00";"AGIBANK";"";"";"RCVM160RA"
"Opea";"CRI 1ª Emissão 5ª Série";"OPAB51";"BROPABDBS046";"Ativa";"CDI + 1,0000% a.a.";"1";"5";"";"20/02/2029";"231.985.376,00";"AGIBANK";"";"";"RCVM160RA"
"Opea";"CRI 1ª Emissão 6ª Série";"OPAB61";"BROPABDBS053";"Ativa";"CDI + 1,0000% a.a.";"1";"6";"";"18/03/2029";"209.515.870,00";"AGIBANK";"";"";"RCVM160RA"
"Opea";"CRI 1ª Emissão 7ª Série";"OPAB71";"BROPABDBS061";"Ativa";"CDI + 1,0000% a.a.";"1";"7";"";"17/04/2029";"189.197.412,00";"AGIBANK";"";"";"RCVM160RA"
"Opea";"CRI 1ª Emissão 8ª Série";"OPAB81";"BROPABDBS079";"Ativa";"CDI + 1,0000% a.a.";"1";"8";"";"17/05/2029";"170.825.885,00";"AGIBANK";"";"";"RCVM160RA"
"Opea";"CRI 1ª Emissão 9ª Série";"OPAB91";"BROPABDBS087";"Ativa";"CDI + 1,0000% a.a.";"1";"9";"";"18/06/2029";"154.216.412,00";"AGIBANK";"";"";"RCVM160RA"
"Opea";"CRI 181ª Emissão 1ª Série";"BRRBRACRA7E8";"BRRBRACRA7E8";"Ativa";"6,6500% a.a.";"181";"1";"";"22/12/2026";"20.600,00";"RCF Cerrado IV";"";"";"Privada"
"Opea";"CRI 181ª Emissão 3ª Série";"BRRBRACRA7G3";"BRRBRACRA7G3";"Ativa";"8,0000% a.a.";"181";"3";"";"22/12/2026";"12.700,00";"RCF Cerrado IV";"";"";"Privada"
"Opea";"CRI 181ª Emissão 4ª Série";"BRRBRACRA7H1";"BRRBRACRA7H1";"Ativa";"9,5000% a.a.";"181";"4";"";"22/12/2026";"12.689,00";"RCF Cerrado IV";"";"";"Privada"
"Opea";"CRI 181ª Emissão 2ª Série";"CRA025006N9";"BRRBRACRA7F5";"Ativa";"6,2500% a.a.";"181";"2";"";"14/12/2026";"54.638.000,00";"RCF Cerrado IV";"";"";"RCVM160RA"
"Opea";"CRI 186ª Emissão 1ª Série";"CRA0250060Q";"BRRBRACRA751";"Ativa";"CDI + 3,2000% a.a.";"186";"1";"";"13/07/2031";"80.000,00";"Avenorte";"";"";"RCVM160RA"
"Opea";"CRI 186ª Emissão 2ª Série";"CRA0250060R";"BRRBRACRA769";"Ativa";"CDI + 4,8000% a.a.";"186";"2";"";"12/07/2033";"80.000,00";"Avenorte";"";"";"RCVM160RA"
"Opea";"CRI 405ª Emissão 2ª Série";"25G4176421";"BRRBRACRIWX6";"Ativa";"CDI + 2,3000% a.a.";"405";"2";"";"19/08/2030";"44.900,00";"CPSH";"";"";"RCVM160RA"
"Opea";"CRI 120ª Emissão 1ª Série";"23L1537480";"BRAPCSCRIM32";"Ativa";"CDI + 12,6800% a.a.";"120";"1";"";"14/12/2033";"20.000,00";"Penha";"";"";"RCVM160RA"
"Opea";"CRI 470ª Emissão 1ª Série";"25G0658366";"BRRBRACRIW55";"Ativa";"100,0000% CDI";"470";"1";"";"15/07/2035";"219.122,00";"Direcional";"";"";"RCVM160RA"
"Opea";"CRI 470ª Emissão 2ª Série";"25G0658368";"BRRBRACRIW63";"Ativa";"IPCA + 7,6490% a.a.";"470";"2";"";"15/07/2035";"138.755,00";"Direcional";"";"";"RCVM160RA"
"Opea";"CRI 470ª Emissão 3ª Série";"25G0658369";"BRRBRACRIW71";"Ativa";"13,7910% a.a.";"470";"3";"";"15/07/2035";"178.199,00";"Direcional";"";"";"RCVM160RA"
"Opea";"CRI 470ª Emissão 4ª Série";"25G0658978";"BRRBRACRIWD8";"Ativa";"IPCA + 7,5547% a.a.";"470";"4";"";"15/07/2040";"63.924,00";"Direcional";"";"";"RCVM160RA"
"Opea";"CRI 460ª Emissão 1ª Série";"25G2571705";"BRRBRACRIWK3";"Ativa";"16,6900% a.a.";"460";"1";"";"15/07/2035";"48.000,00";"PIEMONTE";"";"";"RCVM160RA"
"Opea";"CRI 425ª Emissão 1ª Série";"25G3489092";"BRRBRACRIWM9";"Ativa";"CDI + 4,5000% a.a.";"425";"1";"";"24/07/2029";"10.000,00";"Caprem Imperiale";"";"";"RCVM160RA"
"Opea";"CRI 180ª Emissão 1ª Série";"CRA0250053D";"BRRBRACRA785";"Ativa";"CDI + 3,3000% a.a.";"180";"1";"";"14/07/2031";"105.411,00";"GT Foods";"";"";"RCVM160RA"
"Opea";"CRI 180ª Emissão 2ª Série";"CRA0250053F";"BRRBRACRA793";"Ativa";"17,3000% a.a.";"180";"2";"";"14/07/2031";"188.998,00";"GT Foods";"";"";"RCVM160RA"
"Opea";"CRI 180ª Emissão 3ª Série";"CRA0250053G";"BRRBRACRA7A6";"Ativa";"IPCA + 11,2018% a.a.";"180";"3";"";"14/07/2031";"55.242,00";"GT Foods";"";"";"RCVM160RA"
"Opea";"CRI 180ª Emissão 4ª Série";"CRA0250053H";"BRRBRACRA777";"Ativa";"IPCA + 11,7084% a.a.";"180";"4";"";"14/07/2032";"25.349,00";"GT Foods";"";"";"RCVM160RA"
"Opea";"CRI 17ª Emissão 1ª Série";"RBRAA7";"BRRBRADBS1A6";"Ativa";"CDI + 1,1500% a.a.";"17";"1";"";"16/01/2030";"700.000,00";"Sports Media";"";"";"RCVM160RA"
"Opea";"CRI 17ª Emissão 2ª Série";"RBRAB7";"BRRBRADBS1B4";"Ativa";"CDI + 3,5000% a.a.";"17";"2";"";"16/01/2030";"250.000,00";"Sports Media";"";"";"RCVM160RA"
"Opea";"CRI 22ª Emissão 1ª Série";"25G2306493";"BRRBRACR00T9";"Ativa";"CDI + 1,5000% a.a.";"22";"1";"";"14/12/2026";"560.000,00";"Origeo IV";"";"";"RCVM160RA"
"Opea";"CRI 427ª Emissão 6ª Série";"25G3880147";"BRRBRACRIWY4";"Ativa";"IPCA + 12,6800% a.a.";"427";"6";"";"19/04/2027";"10.000,00";"LBraga";"";"";"RCVM160RA"
"Opea";"CRI 473ª Emissão 1ª Série";"25D3788063";"BRRBRACRIWE6";"Ativa";"100,0000% CDI";"473";"1";"";"16/07/2029";"50.000,00";"GGR";"";"";"RCVM160RA"
"Opea";"CRI 424ª Emissão 2ª Série";"25D4148960";"BRRBRACRIUJ9";"Ativa";"CDI + 5,5000% a.a.";"424";"2";"";"19/04/2029";"3.494,00";"Caprem San Pietro";"";"";"RCVM160RA"
"Opea";"CRI 476ª Emissão 1ª Série";"25G2997612";"BRRBRACRIWS6";"Ativa";"IPCA + 11,0000% a.a.";"476";"1";"";"08/03/2040";"31.200,00";"Crizao";"";"";"RCVM160RA"
"Opea";"CRI 69ª Emissão 2ª Série";"25G3477922";"BRRBRACRIWL1";"Ativa";"IPCA + 10,5100% a.a.";"69";"2";"";"24/06/2040";"42.755,00";"JFL LORENA";"";"";"RCVM160RA"
"Opea";"CRI 16ª Emissão 1ª Série";"RBRAA6";"BRRBRADBS151";"Ativa";"CDI + 2,9000% a.a.";"16";"1";"";"10/07/2030";"45.000,00";"GlobalFood";"";"";"RCVM160RA"
"Opea";"CRI 16ª Emissão 2ª Série";"RBRAB6";"BRRBRADBS169";"Ativa";"CDI + 4,0000% a.a.";"16";"2";"";"10/01/2031";"20.000,00";"GlobalFood";"";"";"RCVM160RA"
"Opea";"CRI 466ª Emissão 3ª Série";"25G0658104";"BRRBRACRIWI7";"Ativa";"IPCA + 6,0000% a.a.";"466";"3";"";"15/07/2040";"82.140,00";"Alianza SLB";"";"";"RCVM160RA"
"Opea";"CRI 466ª Emissão 1ª Série";"25G0675225";"BRRBRACRIWF3";"Ativa";"CDI + 3,0000% a.a.";"466";"1";"";"15/07/2040";"65.000,00";"Alianza SLB";"";"";"RCVM160RA"
"Opea";"CRI 466ª Emissão 2ª Série";"25G0686794";"BRRBRACRIWG1";"Ativa";"IPCA + 9,5000% a.a.";"466";"2";"";"15/07/2040";"55.000,00";"Alianza SLB";"";"";"RCVM160RA"
"Opea";"CRI 467ª Emissão 1ª Série";"25F7201931";"BRRBRACRIWB2";"Ativa";"CDI + 4,0000% a.a.";"467";"1";"";"26/06/2029";"20.000,00";"Hot Beach Olímpia";"";"";"RCVM160RA"
"Opea";"CRI 467ª Emissão 2ª Série";"25F7201934";"BRRBRACRIWC0";"Ativa";"CDI + 3,9500% a.a.";"467";"2";"";"26/06/2029";"4.848,00";"Hot Beach Olímpia";"";"";"RCVM160RA"
"Opea";"CRI 462ª Emissão 1ª Série";"25F4185170";"BRRBRACRIW30";"Ativa";"IPCA + 10,0420% a.a.";"462";"1";"";"27/12/2037";"78.225,00";"Urba X";"";"";"RCVM160RA"
"Opea";"CRI 462ª Emissão 2ª Série";"25F4185171";"BRRBRACRIW48";"Ativa";"IPCA + 8,0000% a.a.";"462";"2";"";"24/05/2043";"26.075,00";"Urba X";"";"";"RCVM160RA"
"Opea";"CRI 459ª Emissão 1ª Série";"25F8639014";"BRRBRACRIW06";"Ativa";"IPCA + 9,0361% a.a.";"459";"1";"";"18/06/2030";"109.897,00";"JK Square";"";"";"RCVM160RA"
"Opea";"CRI 464ª Emissão 1ª Série";"25F1669254";"BRRBRACRIVM1";"Ativa";"IPCA + 9,5733% a.a.";"464";"1";"";"19/06/2035";"207.160.000,00";"MRV Flex IX";"";"";"RCVM160RA"
"Opea";"CRI 464ª Emissão 2ª Série";"25F1669262";"BRRBRACRIVN9";"Ativa";"IPCA + 9,4500% a.a.";"464";"2";"";"20/12/2037";"46.611.000,00";"MRV Flex IX";"";"";"RCVM160RA"
"Opea";"CRI 464ª Emissão 3ª Série";"25F1686813";"BRRBRACRIVO7";"Ativa";"IPCA + 0,0001% a.a.";"464";"3";"";"20/12/2037";"5.179.000,00";"MRV Flex IX";"";"";"RCVM160RA"
"Opea";"CRI 465ª Emissão 1ª Série";"25F7064898";"BRRBRACRIWA4";"Ativa";"CDI + 1,7000% a.a.";"465";"1";"";"14/06/2033";"45.000,00";"Union II";"";"";"RCVM160RA"
"Opea";"CRI 469ª Emissão 1ª Série";"25F2190851";"BRRBRACRIVV2";"Ativa";"CDI + 1,9500% a.a.";"469";"1";"";"19/12/2029";"71.050,00";"MRV Soluto";"";"";"RCVM160RA"
"Opea";"CRI 469ª Emissão 2ª Série";"25F2250607";"BRRBRACRIVW0";"Ativa";"IPCA + 14,3220% a.a.";"469";"2";"";"19/12/2029";"76.050,00";"MRV Soluto";"";"";"RCVM160RA"
"Opea";"CRI 469ª Emissão 3ª Série";"25F2251222";"BRRBRACRIVX8";"Ativa";"CDI + 4,8000% a.a.";"469";"3";"";"19/12/2029";"15.000,00";"MRV Soluto";"";"";"RCVM160RA"
"Opea";"CRI 469ª Emissão 4ª Série";"25F2251511";"BRRBRACRIVY6";"Ativa";"CDI + 5,0000% a.a.";"469";"4";"";"20/06/2030";"11.450,00";"MRV Soluto";"";"";"RCVM160RA"
"Opea";"CRI 469ª Emissão 5ª Série";"25F2252156";"BRRBRACRIVZ3";"Ativa";"IPCA + 0,0000% a.a.";"469";"5";"";"20/06/2030";"2.650,00";"MRV Soluto";"";"";"RCVM160RA"
"Opea";"CRI 448ª Emissão 1ª Série";"25F2307094";"BRRBRACRIVA6";"Ativa";"CDI + 2,0000% a.a.";"448";"1";"";"19/12/2033";"149.515,00";"Tenda";"";"";"RCVM160RA"
"Opea";"CRI 448ª Emissão 2ª Série";"25F2307569";"BRRBRACRIVB4";"Ativa";"IPCA + 9,9000% a.a.";"448";"2";"";"19/12/2033";"74.935,00";"Tenda";"";"";"RCVM160RA"
"Opea";"CRI 448ª Emissão 3ª Série";"25F2309413";"BRRBRACRIW14";"Ativa";"IPCA + 11,0000% a.a.";"448";"3";"";"19/12/2033";"74.902,00";"Tenda";"";"";"RCVM160RA"
"Opea";"CRI 15ª Emissão 1ª Série";"RBRAA5";"BRRBRADBS177";"Ativa";"CDI + 3,5000% a.a.";"15";"1";"";"29/12/2026";"20.000,00";"Trinity Energias";"";"";"RCVM160RA"
"Opea";"CRI 15ª Emissão 2ª Série";"RBRAB5";"BRRBRADBS185";"Ativa";"CDI + 10,5000% a.a.";"15";"2";"";"29/12/2026";"35.000,00";"Trinity Energias";"";"";"RCVM160RA"
"Opea";"CRI 15ª Emissão 3ª Série";"RBRAC5";"BRRBRADBS193";"Ativa";"CDI + 1,1700% a.a.";"15";"3";"";"29/12/2026";"15.000,00";"Trinity Energias";"";"";"RCVM160RA"
"Opea";"CRI 451ª Emissão 1ª Série";"25F2919599";"BRRBRACRIW89";"Ativa";"IPCA + 8,2000% a.a.";"451";"1";"";"28/02/2030";"76.415,00";"Plano & Plano";"";"";"RCVM160RA"
"Opea";"CRI 451ª Emissão 2ª Série";"25F2921596";"BRRBRACRIW97";"Ativa";"IPCA + 8,7000% a.a.";"451";"2";"";"28/02/2030";"8.490,00";"Plano & Plano";"";"";"RCVM160RA"
"Opea";"CRI 447ª Emissão 1ª Série";"25F0010602";"BRRBRACRIVE8";"Ativa";"98,0000% CDI";"447";"1";"";"18/06/2030";"29.587,00";"Prati";"";"";"RCVM160RA"
"Opea";"CRI 447ª Emissão 2ª Série";"25F0010603";"BRRBRACRIVF5";"Ativa";"14,2000% a.a.";"447";"2";"";"16/06/2032";"141.391,00";"Prati";"";"";"RCVM160RA"
"Opea";"CRI 447ª Emissão 3ª Série";"25F0010604";"BRRBRACRIVG3";"Ativa";"IPCA + 7,7523% a.a.";"447";"3";"";"18/06/2035";"29.022,00";"Prati";"";"";"RCVM160RA"
"Opea";"CRI 456ª Emissão 1ª Série";"25F2734746";"BRRBRACRIVR0";"Ativa";"CDI + 0,9000% a.a.";"456";"1";"";"16/06/2030";"134.376,00";"All Wert";"";"";"RCVM160RA"
"Opea";"CRI 456ª Emissão 2ª Série";"25F2771214";"BRRBRACRIVS8";"Ativa";"IPCA + 8,8000% a.a.";"456";"2";"";"16/06/2030";"214.971,00";"All Wert";"";"";"RCVM160RA"
"Opea";"CRI 449ª Emissão 1ª Série";"25F2186311";"BRRBRACRIW22";"Ativa";"CDI + 4,7500% a.a.";"449";"1";"";"25/06/2029";"25.000,00";"Vista Jardins";"";"";"RCVM160RA"
"Opea";"CRI 453ª Emissão 1ª Série";"25F2091336";"BRRBRACRIVI9";"Ativa";"IPCA + 10,5000% a.a.";"453";"1";"";"19/07/2033";"30.460,00";"ITV Urbanismo";"";"";"RCVM160RA"
"Opea";"CRI 152ª Emissão 1ª Série";"24A1828538";"BRRBRACRIM24";"Ativa";"IPCA + 9,8370% a.a.";"152";"1";"";"02/12/2038";"73.247,00";"JSTX";"";"";"RCVM160RA"
"Opea";"CRI 164ª Emissão 1ª Série";"CRA02500461";"BRRBRACRA728";"Ativa";"CDI + 1,3000% a.a.";"164";"1";"";"16/05/2030";"60.000,00";"Nadiana";"";"";"RCVM160RA"
"Opea";"CRI 164ª Emissão 2ª Série";"CRA02500462";"BRRBRACRA736";"Ativa";"CDI + 1,0000% a.a.";"164";"2";"";"16/04/2037";"30.000,00";"Nadiana";"";"";"RCVM160RA"
"Opea";"CRI 164ª Emissão 3ª Série";"CRA02500463";"BRRBRACRA744";"Ativa";"CDI + 1,0000% a.a.";"164";"3";"";"16/04/2037";"50.000,00";"Nadiana";"";"";"RCVM160RA"
"Opea";"CRI 411ª Emissão 1ª Série";"25E4068927";"BRRBRACRIVK5";"Ativa";"CDI + 4,0000% a.a.";"411";"1";"";"24/09/2029";"78.238,00";"Arqos II";"";"";"RCVM160RA"
"Opea";"CRI 419ª Emissão 1ª Série";"25E3855233";"BRRBRACRIVH1";"Ativa";"CDI + 2,8000% a.a.";"419";"1";"";"23/10/2029";"6.880,00";"Mitre Chabad";"";"";"RCVM160RA"
"Opea";"CRI 175ª Emissão 1ª Série";"CRA025003JT";"BRRBRACRA702";"Ativa";"CDI + 2,3000% a.a.";"175";"1";"";"21/05/2030";"30.000,00";"Guanabara";"";"";"RCVM160RA"
"Opea";"CRI 175ª Emissão 2ª Série";"CRA025003JV";"BRRBRACRA710";"Ativa";"CDI + 4,5000% a.a.";"175";"2";"";"21/05/2030";"30.000,00";"Guanabara";"";"";"RCVM160RA"
"Opea";"CRI 53ª Emissão 5ª Série";"22G0080226";"BRAPCSCRIDH9";"Ativa";"CDI + 4,0000% a.a.";"53";"5";"";"27/12/2026";"34.867.805,00";"MDB";"";"";"ICVM476"
"Opea";"CRI 178ª Emissão 1ª Série";"CRA025003PE";"BRRBRACRA6Y8";"Ativa";"CDI + 2,9500% a.a.";"178";"1";"";"26/05/2030";"37.000,00";"Caeté";"";"";"RCVM160RA"
"Opea";"CRI 178ª Emissão 2ª Série";"CRA025003PG";"BRRBRACRA6Z5";"Ativa";"17,7600% a.a.";"178";"2";"";"26/05/2030";"35.000,00";"Caeté";"";"";"RCVM160RA"
"Opea";"CRI 450ª Emissão 1ª Série";"25E0013296";"BRRBRACRIV31";"Ativa";"102,5000% CDI";"450";"1";"";"14/05/2029";"143.281,00";"JHSF IV";"";"";"RCVM160RA"
"Opea";"CRI 450ª Emissão 2ª Série";"25E0013305";"BRRBRACRIV49";"Ativa";"105,0000% CDI";"450";"2";"";"14/05/2030";"341.972,00";"JHSF IV";"";"";"RCVM160RA"
"Opea";"CRI 450ª Emissão 3ª Série";"25E0053938";"BRRBRACRIV56";"Ativa";"14,2217% a.a.";"450";"3";"";"16/05/2032";"139.747,00";"JHSF IV";"";"";"RCVM160RA"
"Opea";"CRI 337ª Emissão 2ª Série";"25E0008802";"BRRBRACRISU0";"Ativa";"IPCA + 12,6300% a.a.";"337";"2";"";"29/04/2029";"4.420,00";"Seasons";"";"";"RCVM160RA"
"Opea";"CRI 433ª Emissão 1ª Série";"25E2369437";"BRRBRACRIVD0";"Ativa";"CDI + 1,3000% a.a.";"433";"1";"";"24/06/2029";"25.000,00";"BPGM Glória";"";"";"RCVM160RA"
"Opea";"CRI 158ª Emissão 1ª Série";"CRA025003JW";"BRRBRACRA6R2";"Ativa";"CDI + 5,0000% a.a.";"158";"1";"";"14/01/2030";"57.000,00";"Atacadista (Celm)";"";"";"RCVM160RA"
"Opea";"CRI 440ª Emissão 1ª Série";"25E0012805";"BRRBRACRIUV4";"Ativa";"103,0000% CDI";"440";"1";"";"09/05/2030";"100.000,00";"Nortis III";"";"";"RCVM160RA"
"Opea";"CRI 430ª Emissão 2ª Série";"25E2272808";"BRRBRACRIV98";"Ativa";"CDI + 6,0000% a.a.";"430";"2";"";"15/12/2026";"12.929,00";"Verticale";"";"";"RCVM160RA"
"Opea";"CRI 424ª Emissão 1ª Série";"25D4148876";"BRRBRACRIUI1";"Ativa";"CDI + 5,0000% a.a.";"424";"1";"";"19/04/2029";"33.986,00";"Caprem San Pietro";"";"";"RCVM160RA"
"Opea";"CRI 153ª Emissão 1ª Série";"23C1842756";"BRAPCSCRIH96";"Ativa";"CDI + 0,5400% a.a.";"153";"1";"";"26/03/2029";"61.300,00";"MRV XVIII (Pró Soluto)";"";"";"ICVM476"
"Opea";"CRI 153ª Emissão 2ª Série";"23C1843006";"BRAPCSCRIHA5";"Ativa";"IPCA + 10,0600% a.a.";"153";"2";"";"26/03/2029";"150.800,00";"MRV";"";"";"ICVM476"
"Opea";"CRI 154ª Emissão 1ª Série";"23C1843793";"BRAPCSCRIH70";"Ativa";"CDI + 0,5400% a.a.";"154";"1";"";"26/03/2029";"57.800,00";"MRV XIX (Pró Soluto)";"";"";"RCVM160RA"
"Opea";"CRI 154ª Emissão 2ª Série";"23C1843839";"BRAPCSCRIH88";"Ativa";"IPCA + 10,0600% a.a.";"154";"2";"";"26/03/2029";"142.400,00";"MRV XIX (Pró Soluto)";"";"";"RCVM160RA"
"Opea";"CRI 14ª Emissão 1ª Série";"RBRAA4";"BRRBRADBS144";"Ativa";"CDI + 3,5000% a.a.";"14";"1";"";"29/04/2029";"64.744,00";"Gran Coffee";"";"";"RCVM160RA"
"Opea";"CRI 1ª Emissão 469ª Série";"21L0846634";"BRAPCSCRIBQ4";"Ativa";"IPCA + 6,8700% a.a.";"1";"469";"";"25/01/2037";"175.000,00";"XP Malls II";"";"";"ICVM476"
"Opea";"CRI 435ª Emissão 1ª Série";"25D3961091";"BRRBRACRIV64";"Ativa";"CDI + 4,0000% a.a.";"435";"1";"";"24/04/2030";"24.500,00";"OR3";"";"";"RCVM160RA"
"Opea";"CRI 435ª Emissão 2ª Série";"25D3964998";"BRRBRACRIV72";"Ativa";"CDI + 4,5000% a.a.";"435";"2";"";"24/04/2030";"12.202,00";"OR3";"";"";"RCVM160RA"
"Opea";"CRI 392ª Emissão 1ª Série";"25D5062397";"BRRBRACRIUW2";"Ativa";"IPCA + 11,9000% a.a.";"392";"1";"";"25/04/2032";"108.500,00";"WINDSOCK";"";"";"RCVM160RA"
"Opea";"CRI 367ª Emissão 2ª Série";"25D0011203";"BRRBRACRISH7";"Ativa";"IPCA + 10,9500% a.a.";"367";"2";"";"27/12/2028";"6.670,00";"Aikon";"";"";"RCVM160RA"
"Opea";"CRI 434ª Emissão 1ª Série";"25D3788059";"BRRBRACRIUX0";"Ativa";"IPCA + 12,0000% a.a.";"434";"1";"";"14/10/2030";"22.171,00";"EmCash II";"";"";"RCVM160RA"
"Opea";"CRI 434ª Emissão 3ª Série";"25D3788062";"BRRBRACRIUZ5";"Ativa";"IPCA + 12,0000% a.a.";"434";"3";"";"16/02/2031";"10.192,00";"EmCash II";"";"";"RCVM160RA"
"Opea";"CRI 434ª Emissão 2ª Série";"25D3788203";"BRRBRACRIUY8";"Ativa";"IPCA + 12,0000% a.a.";"434";"2";"";"15/12/2030";"29.561,00";"EmCash II";"";"";"RCVM160RA"
"Opea";"CRI 1ª Emissão 378ª Série";"21D0694886";"BRAPCSCRI9M9";"Ativa";"IPCA + 5,3621% a.a.";"1";"378";"";"16/04/2028";"200.000,00";"Tenda I";"";"";"ICVM476"
"Opea";"CRI 408ª Emissão 1ª Série";"25D2932713";"BRRBRACRIUG5";"Ativa";"CDI + 1,5000% a.a.";"408";"1";"";"24/04/2031";"70.000,00";"Rôgga (Deb)";"";"";"RCVM160RA"
"Opea";"CRI 1ª Emissão 413ª Série";"21H0849147";"BRAPCSCRIAO1";"Ativa";"0,0000% a.a.";"1";"413";"";"14/08/2030";"18.000,00";"Evolua";"";"";"ICVM476"
"Opea";"CRI 1ª Emissão 453ª Série";"21K0518507";"BRAPCSCRIBE0";"Ativa";"IPCA + 10,0000% a.a.";"1";"453";"";"16/11/2031";"33.283,00";"Reiter";"";"";"ICVM476"
"Opea";"CRI 439ª Emissão 1ª Série";"25D0113938";"BRRBRACRIU81";"Ativa";"99,0000% CDI";"439";"1";"";"14/04/2030";"86.912,00";"Log";"";"";"RCVM160RA"
"Opea";"CRI 439ª Emissão 2ª Série";"25D0270955";"BRRBRACRIU99";"Ativa";"101,0000% CDI";"439";"2";"";"14/04/2032";"63.088,00";"Log";"";"";"RCVM160RA"
"Opea";"CRI 439ª Emissão 3ª Série";"25D0271049";"BRRBRACRIUA8";"Ativa";"14,4664% a.a.";"439";"3";"";"14/04/2032";"150.000,00";"Log";"";"";"RCVM160RA"
"Opea";"CRI 170ª Emissão 1ª Série";"CRA025002GX";"BRRBRACRA6W2";"Ativa";"CDI + 0,9500% a.a.";"170";"1";"";"23/04/2030";"80.000,00";"Atto Sementes";"";"";"RCVM160RA"
"Opea";"CRI 1ª Emissão 50ª Série";"15H0138142";"BRAPCSCRI1M6";"Ativa";"IGPM + 8,8600% a.a.";"1";"50";"";"06/01/2027";"46,00";"Maxxima III";"";"";"ICVM476"
"Opea";"CRI 409ª Emissão 1ª Série";"25D1712098";"BRRBRACRIU57";"Ativa";"CDI + 1,5000% a.a.";"409";"1";"";"24/09/2028";"65.000,00";"Rôgga (CC)";"";"";"RCVM160RA"
"Opea";"CRI 431ª Emissão 1ª Série";"25D2075129";"BRRBRACRIUT8";"Ativa";"CDI + 1,8500% a.a.";"431";"1";"";"28/03/2029";"77.050,00";"GRU VI";"";"";"RCVM160RA"
"Opea";"CRI 428ª Emissão 1ª Série";"25D0013888";"BRRBRACRIUB6";"Ativa";"103,0000% CDI";"428";"1";"";"28/03/2035";"240.000,00";"BBIG";"";"";"RCVM160RA"
"Opea";"CRI 353ª Emissão 1ª Série";"25D1625364";"BRRBRACRIUH3";"Ativa";"IPCA + 12,0000% a.a.";"353";"1";"";"19/03/2030";"10.000,00";"MRV Permuta";"";"";"RCVM160RA"
"Opea";"CRI 412ª Emissão 2ª Série";"25C0023407";"BRRBRACRITR4";"Ativa";"CDI + 4,4500% a.a.";"412";"2";"";"18/02/2035";"8.000,00";"RCP";"";"";"RCVM160RA"
"Opea";"CRI 413ª Emissão 1ª Série";"25C3933894";"BRRBRACRITZ7";"Ativa";"IPCA + 10,9305% a.a.";"413";"1";"";"24/06/2037";"75.300,00";"Urba IX";"";"";"RCVM160RA"
"Opea";"CRI 413ª Emissão 2ª Série";"25C4041310";"BRRBRACRIU08";"Ativa";"IPCA + 8,0000% a.a.";"413";"2";"";"25/12/2041";"25.100,00";"Urba IX";"";"";"RCVM160RA"
"Opea";"CRI 294ª Emissão 1ª Série";"24F1532998";"BRRBRACRIOM6";"Ativa";"CDI + 3,7000% a.a.";"294";"1";"";"26/06/2030";"107.916,00";"Yuny Brigadeiro";"";"";"RCVM160RA"
"Opea";"CRI 294ª Emissão 3ª Série";"24F2830801";"BRRBRACRIP96";"Ativa";"CDI + 3,7000% a.a.";"294";"3";"";"26/06/2030";"15.715,00";"Yuny Brigadeiro";"";"";"RCVM160RA"
"Opea";"CRI 429ª Emissão 1ª Série";"25C4767379";"BRRBRACRIU16";"Ativa";"CDI + 3,5000% a.a.";"429";"1";"";"20/05/2029";"205.000,00";"MRV ProSoluto";"";"";"RCVM160RA"
"Opea";"CRI 429ª Emissão 2ª Série";"25C4778401";"BRRBRACRIU24";"Ativa";"CDI + 5,0000% a.a.";"429";"2";"";"19/03/2030";"14.500,00";"MRV Prosoluto";"";"";"RCVM160RA"
"Opea";"CRI 429ª Emissão 3ª Série";"25C4783931";"BRRBRACRIU65";"Ativa";"IPCA + 0,0001% a.a.";"429";"3";"";"19/03/2030";"3.300,00";"MRV Prosoluto";"";"";"RCVM160RA"
"Opea";"CRI 177ª Emissão 1ª Série";"CRA025001JL";"BRRBRACRA6U6";"Ativa";"CDI + 1,9000% a.a.";"177";"1";"";"30/03/2032";"120.000,00";"Santa Colomba";"";"";"RCVM160RA"
"Opea";"CRI 177ª Emissão 2ª Série";"CRA025001JM";"BRRBRACRA6V4";"Ativa";"CDI + 3,2500% a.a.";"177";"2";"";"30/03/2032";"40.000,00";"Santa Colomba";"";"";"RCVM160RA"
"Opea";"CRI 423ª Emissão 1ª Série";"25C3917602";"BRRBRACRITV6";"Ativa";"IPCA + 9,7375% a.a.";"423";"1";"";"19/08/2035";"174.080.000,00";"MRV Flex VIII";"";"";"RCVM160RA"
"Opea";"CRI 423ª Emissão 2ª Série";"25C3917751";"BRRBRACRITW4";"Ativa";"IPCA + 11,7000% a.a.";"423";"2";"";"20/09/2037";"39.168.000,00";"MRV Flex VIII";"";"";"RCVM160RA"
"Opea";"CRI 423ª Emissão 3ª Série";"25C4014045";"BRRBRACRITX2";"Ativa";"IPCA + 0,0000% a.a.";"423";"3";"";"20/09/2037";"4.352.000,00";"MRV Flex VIII";"";"";"RCVM160RA"
"Opea";"CRI 176ª Emissão 1ª Série";"CRA025001E1";"BRRBRACRA6T8";"Ativa";"CDI + 3,0000% a.a.";"176";"1";"";"28/11/2030";"150.000,00";"Bevap III";"";"";"RCVM160RA"
"Opea";"CRI 402ª Emissão 1ª Série";"25C3470318";"BRRBRACRITY0";"Ativa";"IPCA + 11,0000% a.a.";"402";"1";"";"16/03/2037";"40.000,00";"ABMais";"";"";"RCVM160RA"
"Opea";"CRI 414ª Emissão 1ª Série";"25C0023202";"BRRBRACRITM5";"Ativa";"101,0000% CDI";"414";"1";"";"14/03/2028";"368.276,00";"JHSF III";"";"";"RCVM160RA"
"Opea";"CRI 414ª Emissão 3ª Série";"25C0023404";"BRRBRACRITO1";"Ativa";"105,0000% CDI";"414";"3";"";"14/03/2030";"324.216,00";"JHSF III";"";"";"RCVM160RA"
"Opea";"CRI 414ª Emissão 2ª Série";"25C0023405";"BRRBRACRITN3";"Ativa";"102,5000% CDI";"414";"2";"";"14/03/2029";"120.134,00";"JHSF III";"";"";"RCVM160RA"
"Opea";"CRI 414ª Emissão 4ª Série";"25C0023406";"BRRBRACRITP8";"Ativa";"14,7360% a.a.";"414";"4";"";"14/03/2032";"124.874,00";"JHSF III";"";"";"RCVM160RA"
"Opea";"CRI 16ª Emissão 1ª Série";"25C3358493";"BRRBRACR00N2";"Ativa";"CDI + 3,0000% a.a.";"16";"1";"";"24/03/2030";"40.000,00";"Clean Medical";"";"";"RCVM160RA"
"Opea";"CRI 17ª Emissão 1ª Série";"25C2937356";"BRRBRACR00P7";"Resgatada";"CDI + 1,7500% a.a.";"17";"1";"";"29/01/2026";"200.000,00";"Origeo III";"";"";"RCVM160RA"
"Opea";"CRI 334ª Emissão 3ª Série";"25C0022002";"BRRBRACRITG7";"Ativa";"CDI + 4,9000% a.a.";"334";"3";"";"24/04/2034";"4.768,00";"Prima";"";"";"RCVM160RA"
"Opea";"CRI 299ª Emissão 3ª Série";"25E0002401";"BRRBRACRIP88";"Ativa";"CDI + 4,0000% a.a.";"299";"3";"";"30/08/2034";"18.000,00";"Edificatto";"";"";"RCVM160RA"
"Opea";"CRI 1ª Emissão 112ª Série";"17I0904811";"BRAPCSCRI3Q3";"Ativa";"IPC + 12,0000% a.a.";"1";"112";"";"28/11/2029";"8.393,00";"Parque dos Passaros";"";"";"ICVM476"
"Opea";"CRI 412ª Emissão 1ª Série";"25B3165838";"BRRBRACRITQ6";"Ativa";"CDI + 4,5000% a.a.";"412";"1";"";"18/02/2035";"11.872,00";"RCP";"";"";"RCVM160RA"
"Opea";"CRI 387ª Emissão 1ª Série";"25B2974587";"BRRBRACRITS2";"Ativa";"CDI + 5,0000% a.a.";"387";"1";"";"05/03/2035";"98.000,00";"Projeto Perto";"";"";"RCVM160RA"
"Opea";"CRI 387ª Emissão 2ª Série";"25B2979856";"BRRBRACRITT0";"Ativa";"IPCA + 12,8500% a.a.";"387";"2";"";"05/03/2035";"30.000,00";"Projeto Perto";"";"";"RCVM160RA"
"Opea";"CRI 387ª Emissão 3ª Série";"25B2979857";"BRRBRACRITU8";"Ativa";"CDI + 5,0000% a.a.";"387";"3";"";"05/03/2035";"72.000,00";"Projeto Perto";"";"";"RCVM160RA"
"Opea";"CRI 334ª Emissão 2ª Série";"25B1742549";"BRRBRACRITF9";"Ativa";"CDI + 4,9500% a.a.";"334";"2";"";"24/04/2034";"5.000,00";"Prima";"";"";"RCVM160RA"
"Opea";"CRI 416ª Emissão 1ª Série";"25B3099731";"BRRBRACRITJ1";"Ativa";"96,0000% CDI";"416";"1";"";"17/02/2030";"350.000,00";"Iguatemi III";"";"";"RCVM160RA"
"Opea";"CRI 416ª Emissão 2ª Série";"25B3110439";"BRRBRACRITK9";"Ativa";"99,0000% CDI";"416";"2";"";"16/02/2032";"350.000,00";"Iguatemi III";"";"";"RCVM160RA"
"Opea";"CRI 171ª Emissão 1ª Série";"CRA025000MB";"BRRBRACRA6O9";"Ativa";"CDI + 2,5000% a.a.";"171";"1";"";"17/02/2030";"205.792,00";"Rede Sim II";"";"";"RCVM160RA"
"Opea";"CRI 171ª Emissão 2ª Série";"CRA025000MC";"BRRBRACRA6P6";"Ativa";"17,0909% a.a.";"171";"2";"";"17/02/2030";"244.208,00";"Rede Sim II";"";"";"RCVM160RA"
"Opea";"CRI 399ª Emissão 1ª Série";"25B0013406";"BRRBRACRIT76";"Ativa";"100,0000% CDI";"399";"1";"";"15/02/2032";"204.230,00";"Direcional";"";"";"RCVM160RA"
"Opea";"CRI 399ª Emissão 2ª Série";"25B0013407";"BRRBRACRIT84";"Ativa";"IPCA + 7,4500% a.a.";"399";"2";"";"14/02/2035";"51.641,00";"Direcional";"";"";"RCVM160RA"
"Opea";"CRI 399ª Emissão 3ª Série";"25B0013408";"BRRBRACRIT92";"Ativa";"14,2500% a.a.";"399";"3";"";"14/02/2035";"114.399,00";"Direcional";"";"";"RCVM160RA"
"Opea";"CRI 405ª Emissão 1ª Série";"25B2690608";"BRRBRACRITL7";"Ativa";"CDI + 1,8000% a.a.";"405";"1";"";"19/02/2040";"52.217,00";"CPSH";"";"";"RCVM160RA"
"Opea";"CRI 400ª Emissão 1ª Série";"25B2167192";"BRRBRACRITI3";"Ativa";"IPCA + 9,9800% a.a.";"400";"1";"";"17/01/2029";"60.000,00";"VFDL Infinity";"";"";"RCVM160RA"
"Opea";"CRI 334ª Emissão 1ª Série";"25B1736622";"BRRBRACRITE2";"Ativa";"CDI + 5,0000% a.a.";"334";"1";"";"24/04/2034";"22.000,00";"Prima";"";"";"RCVM160RA"
"Opea";"CRI 11ª Emissão 1ª Série";"RBRAB1";"BRRBRADBS0Q4";"Ativa";"CDI + 3,2000% a.a.";"11";"1";"";"10/02/2030";"246.000,00";"ERBE";"";"";"RCVM160RA"
"Opea";"CRI 11ª Emissão 2ª Série";"RBRAC1";"BRRBRADBS0T8";"Ativa";"TR + 0,0000% a.a.";"11";"2";"";"10/03/2030";"45.000,00";"ERBE";"";"";"RCVM160RA"
"Opea";"CRI 161ª Emissão 1ª Série";"CRA025000M9";"BRRBRACRA6M3";"Ativa";"CDI + 1,8000% a.a.";"161";"1";"";"14/01/2030";"100.000,00";"Multitécnica II";"";"";"RCVM160RA"
"Opea";"CRI 161ª Emissão 2ª Série";"CRA025000MA";"BRRBRACRA6N1";"Ativa";"CDI + 1,8000% a.a.";"161";"2";"";"14/01/2032";"50.000,00";"MultiTécnica II";"";"";"RCVM160RA"
"Opea";"CRI 12ª Emissão 1ª Série";"RBRAA2";"BRRBRADBS0R2";"Ativa";"CDI + 0,8500% a.a.";"12";"1";"";"12/02/2030";"4.750.000.000,00";"Nubank";"";"";"RCVM160RA"
"Opea";"CRI 12ª Emissão 2ª Série";"RBRAB2";"BRRBRADBS0U6";"Ativa";"CDI + 0,8500% a.a.";"12";"2";"";"12/02/2030";"250.000.000,00";"Nubank";"";"";"RCVM160RA"
"Opea";"CRI 9ª Emissão 1ª Série";"RBRA19";"BRRBRADBS0N1";"Resgatada";"CDI + 2,5100% a.a.";"9";"1";"";"16/06/2025";"380.000,00";"GD Sun";"";"";"RCVM160RA"
"Opea";"CRI 386ª Emissão 1ª Série";"25A4251636";"BRRBRACRITB8";"Ativa";"IGPM + 10,5000% a.a.";"386";"1";"";"09/02/2033";"16.795.553,00";"BUILDING";"";"";"RCVM160RA"
"Opea";"CRI 386ª Emissão 2ª Série";"25A4262016";"BRRBRACRITC6";"Ativa";"0,0000% a.a.";"386";"2";"";"11/02/2035";"5.598.519,00";"BUILDING";"";"";"RCVM160RA"
"Opea";"CRI 378ª Emissão 1ª Série";"25A2757632";"BRRBRACRIT50";"Ativa";"IPCA + 10,5000% a.a.";"378";"1";"";"19/12/2027";"5.354,00";"Summer Park";"";"";"RCVM160RA"
"Opea";"CRI 169ª Emissão 1ª Série";"CRA025000MH";"BRRBRACRA6Q4";"Ativa";"CDI + 3,5000% a.a.";"169";"1";"";"14/01/2032";"52.700,00";"MAIA";"";"";"RCVM160RA"
"Opea";"CRI 8ª Emissão 1ª Série";"RBRA18";"BRRBRADBS0M3";"Ativa";"CDI + 5,0000% a.a.";"8";"1";"";"24/01/2030";"100.000,00";"Del Rio";"";"";"RCVM160RA"
"Opea";"CRI 403ª Emissão 1ª Série";"25A3528828";"BRRBRACRA6S0";"Ativa";"CDI + 3,5000% a.a.";"403";"1";"";"14/01/2029";"26.028,00";"AW Realty";"";"";"RCVM160RA"
"Opea";"CRI 4ª Emissão 219ª Série";"25A3191016";"BRRBRACRITA0";"Ativa";"IPCA + 9,4000% a.a.";"4";"219";"";"21/01/2035";"30.000,00";"EA3 URBANISMO";"";"";"RCVM160RA"
"Opea";"CRI 395ª Emissão 1ª Série";"25A1525565";"BRRBRACRISZ9";"Ativa";"98,0000% CDI";"395";"1";"";"22/01/2030";"156.533,00";"Allos V";"";"";"RCVM160RA"
"Opea";"CRI 395ª Emissão 2ª Série";"25A1527197";"BRRBRACRIT01";"Ativa";"100,0000% CDI";"395";"2";"";"21/01/2032";"468.467,00";"Allos V";"";"";"RCVM160RA"
"Opea";"CRI 362ª Emissão 1ª Série";"25A3991496";"BRRBRACRIT35";"Ativa";"IPCA + 7,7500% a.a.";"362";"1";"";"13/08/2036";"75.000,00";"Mercado Livre";"";"";"RCVM160RA"
"Opea";"CRI 336ª Emissão 6ª Série";"24G2741431";"BRAPCSCRIPI1";"Ativa";"IPCA + 10,5000% a.a.";"336";"6";"";"14/01/2029";"2.000,00";"Bauten";"";"";"RCVM160RA"
"Opea";"CRI 347ª Emissão 1ª Série";"24L0004003";"BRRBRACRIRG1";"Ativa";"112,0000% CDI";"347";"1";"";"16/01/2029";"46.482,00";"Bild";"";"";"RCVM160RA"
"Opea";"CRI 347ª Emissão 2ª Série";"24L0004004";"BRRBRACRIRH9";"Ativa";"CDI + 1,7500% a.a.";"347";"2";"";"15/01/2030";"11.259,00";"Bild";"";"";"RCVM160RA"
"Opea";"CRI 347ª Emissão 3ª Série";"24L0004005";"BRRBRACRIRI7";"Ativa";"16,9962% a.a.";"347";"3";"";"15/01/2030";"142.259,00";"Bild";"";"";"RCVM160RA"
"Opea";"CRI 370ª Emissão 1ª Série";"25A1904683";"BRRBRACRISB0";"Ativa";"99,0000% CDI";"370";"1";"";"14/01/2030";"102.336,00";"Cury";"";"";"RCVM160RA"
"Opea";"CRI 370ª Emissão 2ª Série";"25A1945746";"BRRBRACRISC8";"Ativa";"100,0000% CDI";"370";"2";"";"14/01/2032";"61.969,00";"Cury";"";"";"RCVM160RA"
"Opea";"CRI 370ª Emissão 3ª Série";"25A1946535";"BRRBRACRISD6";"Ativa";"15,0905% a.a.";"370";"3";"";"14/01/2032";"203.669,00";"Cury";"";"";"RCVM160RA"
"Opea";"CRI 370ª Emissão 4ª Série";"25A1946537";"BRRBRACRISE4";"Ativa";"IPCA + 8,1125% a.a.";"370";"4";"";"14/01/2035";"32.026,00";"Cury";"";"";"RCVM160RA"
"Opea";"CRI 162ª Emissão 1ª Série";"CRA02500001";"BRRBRACRA6B6";"Ativa";"15,4102% a.a.";"162";"1";"";"14/01/2030";"380.074,00";"Boa Safra";"";"";"RCVM160RA"
"Opea";"CRI 162ª Emissão 2ª Série";"CRA02500003";"BRRBRACRA6C4";"Ativa";"CDI + 0,4000% a.a.";"162";"2";"";"14/01/2030";"59.718,00";"Boa Safra";"";"";"RCVM160RA"
"Opea";"CRI 162ª Emissão 4ª Série";"CRA0250005L";"BRRBRACRA6E0";"Ativa";"IPCA + 8,9518% a.a.";"162";"4";"";"14/01/2035";"24.711,00";"Boa Safra";"";"";"RCVM160RA"
"Opea";"CRI 162ª Emissão 3ª Série";"CRA0250005M";"BRRBRACRA6D2";"Ativa";"IPCA + 8,7384% a.a.";"162";"3";"";"14/01/2032";"35.497,00";"Boa Safra";"";"";"RCVM160RA"
"Opea";"CRI 393ª Emissão 1ª Série";"25A2619772";"BRRBRACRIT43";"Ativa";"CDI + 1,5000% a.a.";"393";"1";"";"24/01/2029";"302.500,00";"Sigma";"";"";"RCVM160RA"
"Opea";"CRI 159ª Emissão 1ª Série";"CRA025000B5";"BRRBRACRA6K7";"Ativa";"CDI + 2,0000% a.a.";"159";"1";"";"21/01/2030";"75.000,00";"NB";"";"";"RCVM160RA"
"Opea";"CRI 159ª Emissão 2ª Série";"CRA025000B6";"BRRBRACRA6L5";"Ativa";"CDI + 6,0000% a.a.";"159";"2";"";"21/01/2030";"75.000,00";"NB";"";"";"RCVM160RA"
"Opea";"CRI 369ª Emissão 1ª Série";"25A1807919";"BRRBRACRIS69";"Ativa";"CDI + 4,5000% a.a.";"369";"1";"";"24/05/2028";"12.810,00";"CDT Hortus";"";"";"RCVM160RA"
"Opea";"CRI 398ª Emissão 1ª Série";"25A0013328";"BRRBRACRIT19";"Ativa";"CDI + 2,6000% a.a.";"398";"1";"";"14/01/2035";"31.125,00";"TOLEDO FERRARI";"";"";"RCVM160RA"
"Opea";"CRI 406ª Emissão 10ª Série";"25A1801229";"BRRBRACRIT27";"Ativa";"IPCA + 13,0100% a.a.";"406";"10";"";"08/09/2032";"45.257,00";"Mirante";"";"";"RCVM160RA"
"Opea";"CRI 377ª Emissão 1ª Série";"24L2093500";"BRAPCSCRIR60";"Ativa";"IPCA + 10,9320% a.a.";"377";"1";"";"25/12/2039";"38.295,00";"Urba";"";"";"RCVM160RA"
"Opea";"CRI 377ª Emissão 2ª Série";"24L2093503";"BRAPCSCRIR78";"Ativa";"IPCA + 8,0000% a.a.";"377";"2";"";"24/06/2040";"12.765,00";"Urba";"";"";"RCVM160RA"
"Opea";"CRI 375ª Emissão 1ª Série";"24L2680288";"BRRBRACRISP0";"Ativa";"CDI + 1,5000% a.a.";"375";"1";"";"26/12/2029";"40.306,00";"BPGM Essência";"";"";"RCVM160RA"
"Opea";"CRI 385ª Emissão 1ª Série";"24L3102409";"BRRBRACRISQ8";"Ativa";"CDI + 4,8000% a.a.";"385";"1";"";"25/06/2028";"44.016,00";"Emoçoes";"";"";"RCVM160RA"
"Opea";"CRI 385ª Emissão 2ª Série";"24L3102411";"BRRBRACRISR6";"Ativa";"CDI + 4,8000% a.a.";"385";"2";"";"26/06/2028";"12.810,00";"Emoçoes";"";"";"RCVM160RA"
"Opea";"CRI 385ª Emissão 3ª Série";"24L3102412";"BRRBRACRISS4";"Ativa";"CDI + 4,8000% a.a.";"385";"3";"";"27/06/2028";"3.174,00";"Emoçoes";"";"";"RCVM160RA"
"Opea";"CRI 367ª Emissão 1ª Série";"24L2297125";"BRRBRACRISG9";"Ativa";"IPCA + 11,0000% a.a.";"367";"1";"";"27/12/2028";"18.000,00";"Aikon";"";"";"RCVM160RA"
"Opea";"CRI 396ª Emissão 1ª Série";"24L3217852";"BRRBRACRISX4";"Ativa";"15,0000% a.a.";"396";"1";"";"10/02/2027";"49.000,00";"Projeto Pearl";"";"";"RCVM160RA"
"Opea";"CRI 337ª Emissão 1ª Série";"24L3225586";"BRRBRACRIST2";"Ativa";"IPCA + 11,0000% a.a.";"337";"1";"";"29/04/2029";"16.500,00";"Seasons";"";"";"RCVM160RA"
"Opea";"CRI 127ª Emissão 4ª Série";"24L3400426";"BRAPCSCRIR86";"Ativa";"IPCA + 10,5000% a.a.";"127";"4";"";"09/10/2039";"24.400,00";"Crizao Mauá";"";"";"RCVM160RA"
"Opea";"CRI 388ª Emissão 1ª Série";"24L3357433";"BRRBRACRISY2";"Ativa";"CDI + 6,0000% a.a.";"388";"1";"";"14/12/2027";"8.500,00";"Terrace";"";"";"RCVM160RA"
"Opea";"CRI 391ª Emissão 1ª Série";"24L2029849";"BRRBRACRIS36";"Ativa";"CDI + 3,5000% a.a.";"391";"1";"";"14/12/2028";"10.000,00";"You INC";"";"";"RCVM160RA"
"Opea";"CRI 391ª Emissão 2ª Série";"24L2029850";"BRRBRACRIS44";"Ativa";"CDI + 4,5000% a.a.";"391";"2";"";"14/12/2028";"13.000,00";"YOU INC";"";"";"RCVM160RA"
"Opea";"CRI 15ª Emissão 2ª Série";"24L2173332";"BRRBRACR00K8";"Ativa";"100,0000% CDI";"15";"2";"";"29/11/2027";"65.916.861,00";"Synap";"";"";"RCVM160RA"
"Opea";"CRI 15ª Emissão 3ª Série";"24L2173333";"BRRBRACR00L6";"Ativa";"CDI + 1,2300% a.a.";"15";"3";"";"29/11/2027";"3.995.192,00";"Synap";"";"";"RCVM160RA"
"Opea";"CRI 229ª Emissão 4ª Série";"24L2616103";"BRRBRACRISL9";"Ativa";"IPCA + 11,5000% a.a.";"229";"4";"";"14/06/2030";"58.050,00";"EmCash";"";"";"RCVM160RA"
"Opea";"CRI 168ª Emissão 2ª Série";"CRA02400DL5";"BRRBRACRA6I1";"Ativa";"PTAXVenda + 5,0000% a.a.";"168";"2";"";"29/11/2027";"27.804.497,00";"Synap";"";"";"RCVM160RA"
"Opea";"CRI 168ª Emissão 3ª Série";"CRA02400DL6";"BRRBRACRA6J9";"Ativa";"PTAXVenda + 7,9700% a.a.";"168";"3";"";"29/11/2027";"1.684.849,00";"Synap";"";"";"RCVM160RA"
"Opea";"CRI 166ª Emissão 1ª Série";"CRA02400DL7";"BRRBRACRA6F7";"Ativa";"CDI + 3,5000% a.a.";"166";"1";"";"16/12/2027";"100.000,00";"Timbro";"";"";"RCVM160RA"
"Opea";"CRI 168ª Emissão 1ª Série";"CRA02400DL4";"BRRBRACRA6H3";"Quitada";"PTAXVenda + 7,9700% a.a.";"168";"1";"";"26/02/2026";"54.757.590,00";"Synap";"";"";"RCVM160RA"
"Opea";"CRI 336ª Emissão 5ª Série";"24G2741430";"BRAPCSCRIPH3";"Ativa";"IPCA + 10,5000% a.a.";"336";"5";"";"16/12/2028";"2.000,00";"Bauten";"";"";"RCVM160RA"
"Opea";"CRI 376ª Emissão 1ª Série";"24L0007474";"BRAPCSCRIR45";"Ativa";"IPCA + 10,5797% a.a.";"376";"1";"";"14/03/2033";"238.710,00";"MRV XXXVI";"";"";"RCVM160RA"
"Opea";"CRI 376ª Emissão 2ª Série";"24L0007521";"BRAPCSCRIR52";"Ativa";"IPCA + 7,0000% a.a.";"376";"2";"";"14/06/2037";"53.290,00";"MRV XXXVI";"";"";"RCVM160RA"
"Opea";"CRI 376ª Emissão 1ª Série";"24L2015239";"BRRBRACRIS10";"Ativa";"CDI + 3,5000% a.a.";"376";"1";"";"14/12/2036";"160.607,00";"BlueCap";"";"";"RCVM160RA"
"Opea";"CRI 160ª Emissão 1ª Série";"CRA02400DW2";"BRRBRACRA629";"Ativa";"CDI + 3,0000% a.a.";"160";"1";"";"14/08/2029";"136.832,00";"ACP Bioenergia";"";"";"RCVM160RA"
"Opea";"CRI 160ª Emissão 2ª Série";"CRA02400DW3";"BRRBRACRA637";"Ativa";"CDI + 3,3000% a.a.";"160";"2";"";"15/12/2030";"63.168,00";"ACP Bioenergia";"";"";"RCVM160RA"
"Opea";"CRI 14ª Emissão 1ª Série";"24L2128983";"BRRBRACR00I2";"Quitada";"CDI + 1,7000% a.a.";"14";"1";"";"21/12/2025";"359.220,00";"Origeo II";"";"";"RCVM160RA"
"Opea";"CRI 156ª Emissão 1ª Série";"CRA02400CNM";"BRRBRACRA686";"Ativa";"IPCA + 10,1099% a.a.";"156";"1";"";"15/12/2030";"60.000,00";"ERB";"";"";"RCVM160RA"
"Opea";"CRI 365ª Emissão 1ª Série";"24K1883748";"BRRBRACRIRW8";"Ativa";"CDI + 1,9000% a.a.";"365";"1";"";"16/12/2029";"94.300,00";"MRV PRO SOLUTO";"";"";"RCVM160RA"
"Opea";"CRI 365ª Emissão 2ª Série";"24K1883896";"BRRBRACRIRX6";"Ativa";"IPCA + 11,7128% a.a.";"365";"2";"";"16/12/2029";"86.400,00";"MRV PRO SOUTO";"";"";"RCVM160RA"
"Opea";"CRI 365ª Emissão 3ª Série";"24L1567367";"BRRBRACRIRY4";"Ativa";"CDI + 4,5500% a.a.";"365";"3";"";"16/12/2029";"86.400,00";"MRV PRO SOLUTO";"";"";"RCVM160RA"
"Opea";"CRI 289ª Emissão 1ª Série";"24L2323039";"BRRBRACRISF1";"Ativa";"CDI + 2,2500% a.a.";"289";"1";"";"23/12/2029";"324.060,00";"GRU V";"";"";"RCVM160RA"
"Opea";"CRI 361ª Emissão 1ª Série";"24L2329409";"BRRBRACRIS93";"Ativa";"CDI + 3,1500% a.a.";"361";"1";"";"12/06/2030";"79.149,00";"BM Vila Clementino";"";"";"RCVM160RA"
"Opea";"CRI 361ª Emissão 2ª Série";"24L2329410";"BRRBRACRIS77";"Ativa";"CDI + 10,5000% a.a.";"361";"2";"";"12/06/2030";"20.000,00";"BM Vila Clementino";"";"";"RCVM160RA"
"Opea";"CRI 361ª Emissão 3ª Série";"24L2329411";"BRRBRACRIS85";"Ativa";"CDI + 10,5000% a.a.";"361";"3";"";"12/06/2030";"5.000,00";"BM Vila Clementino";"";"";"RCVM160RA"
"Opea";"CRI 379ª Emissão 1ª Série";"24L2411832";"BRRBRACRISA2";"Ativa";"CDI + 1,5000% a.a.";"379";"1";"";"19/12/2028";"47.300,00";"BPGM PDC";"";"";"RCVM160RA"
"Opea";"CRI 357ª Emissão 1ª Série";"24L2679482";"BRRBRACRIS28";"Ativa";"IPCA + 9,5000% a.a.";"357";"1";"";"21/12/2039";"23.356,00";"Faz Sol";"";"";"RCVM160RA"
"Opea";"CRI 363ª Emissão 1ª Série";"24L2728136";"BRRBRACRISO3";"Ativa";"CDI + 4,0731% a.a.";"363";"1";"";"23/12/2029";"23.725,00";"Vitacon";"";"";"RCVM160RA"
"Opea";"CRI 363ª Emissão 2ª Série";"24L2728138";"BRRBRACRISM7";"Ativa";"CDI + 4,0731% a.a.";"363";"2";"";"24/04/2028";"43.875,00";"Vitacon";"";"";"RCVM160RA"
"Opea";"CRI 363ª Emissão 3ª Série";"24L2728240";"BRRBRACRISN5";"Ativa";"CDI + 8,1500% a.a.";"363";"3";"";"23/12/2029";"12.775,00";"Vitacon";"";"";"RCVM160RA"
"Opea";"CRI 363ª Emissão 4ª Série";"24L2728252";"BRRBRACRISK1";"Ativa";"CDI + 8,1500% a.a.";"363";"4";"";"24/04/2028";"23.625,00";"Vitacon";"";"";"RCVM160RA"
"Opea";"CRI 352ª Emissão 1ª Série";"24L1812703";"BRRBRACRIRO5";"Ativa";"IPCA + 10,0000% a.a.";"352";"1";"";"19/12/2039";"44.470,00";"GD Zenerg";"";"";"RCVM160RA"
"Opea";"CRI 389ª Emissão 1ª Série";"24L2169244";"BRRBRACRIS51";"Ativa";"IPCA + 10,6500% a.a.";"389";"1";"";"21/12/2033";"100.000,00";"SANCTA MAGGIORE 23 DE MAIO";"";"";"RCVM160RA"
"Opea";"CRI 299ª Emissão 2ª Série";"25A0003402";"BRRBRACRIP70";"Ativa";"IPCA + 10,5000% a.a.";"299";"2";"";"30/08/2034";"10.000,00";"Edificatto";"";"";"RCVM160RA"
"Opea";"CRI 66ª Emissão 2ª Série";"CRA02400CYS";"BRRBRACRA6A8";"Ativa";"CDI + 5,0100% a.a.";"66";"2";"";"09/12/2029";"33.712,00";"Frialto";"";"";"RCVM160RA"
"Opea";"CRI 12ª Emissão 1ª Série";"24K2757054";"BRRBRACR00F8";"Ativa";"CDI + 1,2200% a.a.";"12";"1";"";"18/12/2029";"150.000,00";"Avante";"";"";"RCVM160RA"
"Opea";"CRI 12ª Emissão 2ª Série";"24K2911750";"BRRBRACR00G6";"Ativa";"CDI + 2,5400% a.a.";"12";"2";"";"18/12/2029";"31.500,00";"Avante";"";"";"RCVM160RA"
"Opea";"CRI 167ª Emissão 1ª Série";"CRA02400D4A";"BRRBRACRA694";"Ativa";"CDI + 2,6000% a.a.";"167";"1";"";"30/06/2030";"150.000,00";"Pietá";"";"";"RCVM160RA"
"Opea";"CRI 383ª Emissão 1ª Série";"24L1681486";"BRRBRACRIRT4";"Ativa";"CDI + 1,2500% a.a.";"383";"1";"";"15/11/2032";"80.581,00";"Direcional Pro Soluto";"";"";"RCVM160RA"
"Opea";"CRI 383ª Emissão 2ª Série";"24L1681487";"BRRBRACRIRU2";"Ativa";"IPCA + 8,4586% a.a.";"383";"2";"";"16/03/2031";"120.872,00";"Direcional Pro Soluto";"";"";"RCVM160RA"
"Opea";"CRI 383ª Emissão 3ª Série";"24L1681488";"BRRBRACRIRV0";"Ativa";"IPCA + 8,4586% a.a.";"383";"3";"";"14/06/2037";"44.221,00";"Direcional Pro Soluto";"";"";"RCVM160RA"
"Opea";"CRI 356ª Emissão 1ª Série";"24L1685249";"BRRBRACRIRR8";"Ativa";"IPCA + 8,2500% a.a.";"356";"1";"";"03/07/2034";"26.935.577,00";"ZS Urbanismo";"";"";"RCVM160RA"
"Opea";"CRI 368ª Emissão 1ª Série";"24L1567349";"BRRBRACRIRZ1";"Ativa";"IPCA + 8,0000% a.a.";"368";"1";"";"19/12/2034";"95.698,00";"Campus";"";"";"RCVM160RA"
"Opea";"CRI 360ª Emissão 1ª Série";"24L2281075";"BRRBRACRIS02";"Ativa";"IPCA + 8,5000% a.a.";"360";"1";"";"24/07/2035";"37.000,00";"BTS Panorama";"";"";"RCVM160RA"
"Opea";"CRI 373ª Emissão 1ª Série";"24K2592164";"BRRBRACRIRQ0";"Ativa";"CDI + 5,5000% a.a.";"373";"1";"";"14/06/2026";"9.300,00";"Verso (you)";"";"";"RCVM160RA"
"Opea";"CRI 381ª Emissão 1ª Série";"24K2591027";"BRRBRACRIRP2";"Quitada";"CDI + 1,6000% a.a.";"381";"1";"";"21/12/2025";"42.300,00";"Senado VIII";"";"";"RCVM160RA"
"Opea";"CRI 380ª Emissão 1ª Série";"24K2690249";"BRRBRACRIRJ5";"Ativa";"IGPM + 9,5000% a.a.";"380";"1";"";"03/12/2034";"4.200,00";"Portofino";"";"";"RCVM160RA"
"Opea";"CRI 380ª Emissão 2ª Série";"24K2690541";"BRRBRACRIRK3";"Ativa";"IGPM + 10,5000% a.a.";"380";"2";"";"03/12/2034";"23.300,00";"Portofino";"";"";"RCVM160RA"
"Opea";"CRI 380ª Emissão 3ª Série";"24K2690551";"BRRBRACRIRL1";"Ativa";"IGPM + 10,5000% a.a.";"380";"3";"";"03/01/2035";"7.500,00";"Portofino";"";"";"RCVM160RA"
"Opea";"CRI 154ª Emissão 1ª Série";"CRA02400BL0";"BRRBRACRA645";"Resgatada";"PTAXVenda + 7,9700% a.a.";"154";"1";"";"09/02/2026";"683.466.765,00";"SYNGENTA";"";"";"RCVM160RA"
"Opea";"CRI 154ª Emissão 3ª Série";"CRA02400BL2";"BRRBRACRA660";"Resgatada";"PTAXVenda + 7,9700% a.a.";"154";"3";"";"09/02/2026";"21.029.946,00";"SYNGENTA";"";"";"RCVM160RA"
"Opea";"CRI 285ª Emissão 1ª Série";"24K2221808";"BRRBRACRIRN7";"Ativa";"CDI + 4,8000% a.a.";"285";"1";"";"23/11/2028";"45.000,00";"Vértice & Voz";"";"";"RCVM160RA"
"Opea";"CRI 360ª Emissão 1ª Série";"24D5115402";"BRAPCSCRIQW0";"Ativa";"IPCA + 11,5000% a.a.";"360";"1";"";"23/11/2027";"6.250,00";"Setai";"";"";"RCVM160RA"
"Opea";"CRI 360ª Emissão 2ª Série";"24D5115403";"BRAPCSCRIQX8";"Ativa";"IPCA + 11,5000% a.a.";"360";"2";"";"23/11/2027";"6.250,00";"Setai";"";"";"RCVM160RA"
"Opea";"CRI 360ª Emissão 3ª Série";"24D5115404";"BRAPCSCRIQY6";"Ativa";"CDI + 5,0000% a.a.";"360";"3";"";"23/11/2027";"6.250,00";"Setai";"";"";"RCVM160RA"
"Opea";"CRI 360ª Emissão 4ª Série";"24D5115405";"BRAPCSCRIQZ3";"Ativa";"CDI + 5,0000% a.a.";"360";"4";"";"23/11/2027";"6.250,00";"Setai";"";"";"RCVM160RA"
"Opea";"CRI 360ª Emissão 5ª Série";"24D5117888";"BRAPCSCRIR03";"Ativa";"IPCA + 11,5000% a.a.";"360";"5";"";"23/11/2027";"27.125,00";"Setai";"";"";"RCVM160RA"
"Opea";"CRI 360ª Emissão 6ª Série";"24D5117889";"BRAPCSCRIR11";"Ativa";"IPCA + 11,5000% a.a.";"360";"6";"";"23/11/2027";"18.398,00";"Setai";"";"";"RCVM160RO"
"Opea";"CRI 360ª Emissão 7ª Série";"24D5117890";"BRAPCSCRIR29";"Ativa";"CDI + 5,0000% a.a.";"360";"7";"";"23/11/2027";"27.125,00";"Setai";"";"";"RCVM160RA"
"Opea";"CRI 360ª Emissão 8ª Série";"24D5117891";"BRAPCSCRIR37";"Ativa";"CDI + 5,0000% a.a.";"360";"8";"";"23/11/2027";"18.398,00";"Setai";"";"";"RCVM160RA"
"Opea";"CRI 71ª Emissão 6ª Série";"24D5106491";"BRAPCSCRIQR0";"Ativa";"IPCA + 7,3000% a.a.";"71";"6";"";"16/01/2028";"4.244.350,00";"Crizao";"";"";"ICVM476"
"Opea";"CRI 13ª Emissão 1ª Série";"24K1883929";"BRRBRACR00D3";"Ativa";"CDI + 2,4000% a.a.";"13";"1";"";"12/11/2034";"55.000,00";"Bay Properties";"";"";"RCVM160RA"
"Opea";"CRI 13ª Emissão 2ª Série";"24K1883937";"BRRBRACR00E1";"Ativa";"0,0001% a.a.";"13";"2";"";"10/05/2035";"22.000.000,00";"Bay Properties";"";"";"RCVM160RA"
"Opea";"CRI 357ª Emissão 1ª Série";"24D5109591";"BRAPCSCRIQS8";"Ativa";"IPCA + 10,5100% a.a.";"357";"1";"";"10/11/2038";"10.000,00";"Pereda";"";"";"RCVM160RA"
"Opea";"CRI 336ª Emissão 4ª Série";"24G2741429";"BRAPCSCRIPG5";"Ativa";"IPCA + 10,5000% a.a.";"336";"4";"";"15/11/2028";"2.000,00";"Bauten";"";"";"RCVM160RA"
"Opea";"CRI 329ª Emissão 2ª Série";"24J4851828";"BRRBRACRIQL3";"Ativa";"IPCA + 10,6500% a.a.";"329";"2";"";"16/11/2031";"2.221,00";"Melchioretto";"";"";"RCVM160RA"
"Opea";"CRI 309ª Emissão 1ª Série";"24K1892305";"BRRBRACRIRF3";"Ativa";"80,0000% CDI";"309";"1";"";"26/11/2034";"13.478,00";"Edifica";"";"";"RCVM160RA"
"Opea";"CRI 366ª Emissão 1ª Série";"24J5164618";"BRRBRACRIR37";"Ativa";"102,0000% CDI";"366";"1";"";"16/11/2031";"64.945,00";"Lavvi III";"";"";"RCVM160RA"
"Opea";"CRI 366ª Emissão 2ª Série";"24J5164619";"BRRBRACRIR45";"Ativa";"14,3922% a.a.";"366";"2";"";"16/11/2031";"69.379,00";"Lavvi III";"";"";"RCVM160RA"
"Opea";"CRI 366ª Emissão 3ª Série";"24K1682290";"BRRBRACRIR52";"Ativa";"IPCA + 7,6900% a.a.";"366";"3";"";"16/11/2031";"68.071,00";"Lavvi III";"";"";"RCVM160RA"
"Opea";"CRI 349ª Emissão 1ª Série";"24K1682331";"BRRBRACRIR60";"Ativa";"IPCA + 9,9405% a.a.";"349";"1";"";"17/11/2030";"58.270,00";"Tenda";"";"";"RCVM160RA"
"Opea";"CRI 349ª Emissão 2ª Série";"24K1682338";"BRRBRACRIR78";"Ativa";"CDI + 2,7000% a.a.";"349";"2";"";"17/11/2030";"89.030,00";"Tenda";"";"";"RCVM160RA"
"Opea";"CRI 349ª Emissão 3ª Série";"24K1682437";"BRRBRACRIR86";"Ativa";"16,6364% a.a.";"349";"3";"";"17/11/2030";"40.700,00";"Tenda";"";"";"RCVM160RA"
"Opea";"CRI 375ª Emissão 1ª Série";"24D5109919";"BRAPCSCRIQU4";"Ativa";"CDI + 2,5000% a.a.";"375";"1";"";"04/03/2029";"60.000,00";"Direcional XVIII";"";"";"RCVM160RA"
"Opea";"CRI 375ª Emissão 2ª Série";"24D5109920";"BRAPCSCRIQV2";"Ativa";"CDI + 2,5000% a.a.";"375";"2";"";"06/04/2031";"6.000,00";"Direcional XVIII";"";"";"RCVM160RA"
"Opea";"CRI 4ª Emissão 548ª Série";"24K1883726";"BRRBRACRIRE6";"Ativa";"CDI + 3,5100% a.a.";"4";"548";"";"23/11/2031";"8.500,00";"PHV";"";"";"RCVM160RA"
"Opea";"CRI 355ª Emissão 1ª Série";"24K1606845";"BRRBRACRIR94";"Ativa";"CDI + 6,0000% a.a.";"355";"1";"";"17/11/2027";"23.000,00";"Nest Vila Ipojuca";"";"";"RCVM160RA"
"Opea";"CRI 338ª Emissão 1ª Série";"24J5164617";"BRRBRACRIQY6";"Ativa";"CDI + 1,5000% a.a.";"338";"1";"";"21/11/2028";"165.000,00";"Tenda Corporativo";"";"";"RCVM160RA"
"Opea";"CRI 326ª Emissão 1ª Série";"24K1368953";"BRRBRACRIQU4";"Ativa";"IPCA + 9,2800% a.a.";"326";"1";"";"15/11/2037";"9.913,00";"Voltxs";"";"";"RCVM160RA"
"Opea";"CRI 326ª Emissão 2ª Série";"24K1369216";"BRRBRACRIQV2";"Ativa";"IPCA + 20,0000% a.a.";"326";"2";"";"15/11/2037";"2.000,00";"Voltxs";"";"";"RCVM160RA"
"Opea";"CRI 340ª Emissão 1ª Série";"24K1488063";"BRRBRACRIRA4";"Ativa";"CDI + 4,9500% a.a.";"340";"1";"";"30/10/2029";"200.000,00";"Matarazzo IV";"";"";"RCVM160RA"
"Opea";"CRI 325ª Emissão 1ª Série";"24J2539958";"BRRBRACRIR11";"Ativa";"IPCA + 12,0000% a.a.";"325";"1";"";"24/11/2036";"32.000,00";"Sancan";"";"";"RCVM160RA"
"Opea";"CRI 345ª Emissão 2ª Série";"24J5126764";"BRRBRACRIQX8";"Ativa";"IPCA + 7,5000% a.a.";"345";"2";"";"01/12/2039";"125.000,00";"Diálogo VII";"";"";"RCVM160RA"
"Opea";"CRI 345ª Emissão 1ª Série";"24J5142606";"BRRBRACRIQW0";"Ativa";"IPCA + 7,5000% a.a.";"345";"1";"";"06/03/2033";"125.000,00";"Diálogo VII";"";"";"RCVM160RA"
"Opea";"CRI 269ª Emissão 2ª Série";"24L0001001";"BRRBRACRIOP9";"Ativa";"CDI + 5,0000% a.a.";"269";"2";"";"20/06/2028";"15.000,00";"Heritage";"";"";"RCVM160RA"
"Opea";"CRI 330ª Emissão 1ª Série";"24J4698095";"BRRBRACRIQJ7";"Ativa";"CDI + 1,0000% a.a.";"330";"1";"";"29/10/2028";"196.000,00";"RCH";"";"";"RCVM160RA"
"Opea";"CRI 362ª Emissão 3ª Série";"24J0943229";"BRAPCSCRIQM1";"Ativa";"IPCA + 7,1512% a.a.";"362";"3";"";"14/10/2031";"49.153,00";"LOG Properties";"";"";"RCVM160RA"
"Opea";"CRI 157ª Emissão 1ª Série";"CRA02400ANQ";"BRRBRACRA603";"Ativa";"17,2241% a.a.";"157";"1";"";"24/10/2028";"57.577,00";"JB Alcoolquímica";"";"";"RCVM160RA"
"Opea";"CRI 157ª Emissão 2ª Série";"CRA02400ANS";"BRRBRACRA611";"Ativa";"CDI + 4,2500% a.a.";"157";"2";"";"24/10/2030";"92.423,00";"JB Alcoolquímica";"";"";"RCVM160RA"
"Opea";"CRI 9ª Emissão 1ª Série";"24J4566658";"BRRBRACR00A9";"Resgatada";"CDI + 1,2300% a.a.";"9";"1";"";"06/04/2026";"299.846,00";"Syngenta";"";"";"RCVM160RA"
"Opea";"CRI 9ª Emissão 2ª Série";"24J4566766";"BRRBRACR00B7";"Resgatada";"100,0000% CDI";"9";"2";"";"06/04/2026";"152.366,00";"Syngenta";"";"";"RCVM160RA"
"Opea";"CRI 9ª Emissão 3ª Série";"24J4566799";"BRRBRACR00C5";"Resgatada";"CDI + 1,2300% a.a.";"9";"3";"";"06/04/2026";"9.227,00";"Syngenta";"";"";"RCVM160RA"
"Opea";"CRI 329ª Emissão 1ª Série";"24J4849564";"BRRBRACRIQK5";"Ativa";"IPCA + 10,7000% a.a.";"329";"1";"";"14/10/2031";"14.153,00";"Melchioretto";"";"";"RCVM160RA"
"Opea";"CRI 331ª Emissão 1ª Série";"24J5059242";"BRRBRACRIQA6";"Ativa";"IPCA + 11,6500% a.a.";"331";"1";"";"18/10/2039";"31.000,00";"Axis III";"";"";"RCVM160RA"
"Opea";"CRI 11ª Emissão 1ª Série";"24J2538077";"BRRBRACR0087";"Ativa";"CDI + 1,8100% a.a.";"11";"1";"";"14/10/2031";"27.000,00";"ECOBUILD";"";"";"RCVM160RA"
"Opea";"CRI 11ª Emissão 2ª Série";"24J2540031";"BRRBRACR0095";"Ativa";"10,5000% a.a.";"11";"2";"";"15/10/2034";"9.000,00";"ECOBUILD";"";"";"RCVM160RA"
"Opea";"CRI 343ª Emissão 1ª Série";"24J2539949";"BRRBRACRIQ61";"Ativa";"IPCA + 9,2479% a.a.";"343";"1";"";"16/10/2039";"85.000,00";"Norwind";"";"";"RCVM160RA"
"Opea";"CRI 346ª Emissão 1ª Série";"24J3438891";"BRRBRACRIQE8";"Ativa";"IPCA + 8,1800% a.a.";"346";"1";"";"12/11/2034";"67.765,00";"Data Center";"";"";"RCVM160RA"
"Opea";"CRI 346ª Emissão 2ª Série";"24J3439259";"BRRBRACRIQF5";"Ativa";"IPCA + 10,0000% a.a.";"346";"2";"";"12/11/2034";"16.942,00";"Data Center";"";"";"RCVM160RA"
"Opea";"CRI 310ª Emissão 1ª Série";"24J3446261";"BRRBRACRIQD0";"Ativa";"IPCA + 10,5000% a.a.";"310";"1";"";"26/10/2027";"20.000,00";"Bora Bora";"";"";"RCVM160RA"
"Opea";"CRI 149ª Emissão 1ª Série";"CRA02400ACC";"BRRBRACRA5X2";"Ativa";"IPCA + 10,5000% a.a.";"149";"1";"";"14/10/2029";"3.400,00";"Granja";"";"";"RCVM160RA"
"Opea";"CRI 149ª Emissão 2ª Série";"CRA02400ACD";"BRRBRACRA5Y0";"Ativa";"CDI + 4,0000% a.a.";"149";"2";"";"15/10/2028";"28.662,00";"Granja";"";"";"RCVM160RA"
"Opea";"CRI 350ª Emissão 1ª Série";"24J3438785";"BRRBRACRIQG3";"Ativa";"IPCA + 11,2500% a.a.";"350";"1";"";"18/12/2040";"110.000,00";"GS Souto";"";"";"RCVM160RA"
"Opea";"CRI 350ª Emissão 2ª Série";"24J3451435";"BRRBRACRIQH1";"Ativa";"IPCA + 12,0000% a.a.";"350";"2";"";"18/12/2040";"130.000,00";"GS Souto";"";"";"RCVM160RA"
"Opea";"CRI 327ª Emissão 1ª Série";"24J4613741";"BRRBRACRIQI9";"Ativa";"IPCA + 8,7500% a.a.";"327";"1";"";"21/10/2036";"72.108,00";"Ecopark";"";"";"RCVM160RA"
"Opea";"CRI 336ª Emissão 3ª Série";"24G2741428";"BRAPCSCRIPF7";"Ativa";"IPCA + 10,5000% a.a.";"336";"3";"";"15/10/2028";"2.000,00";"Bauten";"";"";"RCVM160RA"
"Opea";"CRI 358ª Emissão 1ª Série";"24I1980390";"BRAPCSCRIQH1";"Ativa";"110,0000% CDI";"358";"1";"";"14/10/2029";"538.669,00";"MRV XXXV";"";"";"RCVM160RA"
"Opea";"CRI 358ª Emissão 2ª Série";"24I1980417";"BRAPCSCRIQI9";"Ativa";"IPCA + 8,0483% a.a.";"358";"2";"";"14/10/2031";"102.755,00";"MRV XXXV";"";"";"RCVM160RA"
"Opea";"CRI 362ª Emissão 1ª Série";"24J0943210";"BRAPCSCRIQK5";"Ativa";"13,0180% a.a.";"362";"1";"";"14/10/2029";"191.297,00";"LOG Properties";"";"";"RCVM160RA"
"Opea";"CRI 362ª Emissão 2ª Série";"24J0943225";"BRAPCSCRIQL3";"Ativa";"CDI + 0,3000% a.a.";"362";"2";"";"14/10/2029";"59.550,00";"LOG Properties";"";"";"RCVM160RA"
"Opea";"CRI 332ª Emissão 1ª Série";"24J2479385";"BRRBRACRIQ46";"Ativa";"IPCA + 9,5000% a.a.";"332";"1";"";"14/10/2030";"15.719,00";"SKR";"";"";"RCVM160RA"
"Opea";"CRI 332ª Emissão 2ª Série";"24J2479470";"BRRBRACRIQ53";"Ativa";"IPCA + 0,0000% a.a.";"332";"2";"";"14/10/2030";"16.885,00";"SKR";"";"";"RCVM160RA"
"Opea";"CRI 341ª Emissão 1ª Série";"24J2539865";"BRRBRACRIQ79";"Ativa";"IPCA + 7,4183% a.a.";"341";"1";"";"15/10/2034";"560.851,00";"JHSF II";"";"";"RCVM160RA"
"Opea";"CRI 341ª Emissão 2ª Série";"24J2539886";"BRRBRACRIQ87";"Ativa";"IPCA + 7,4637% a.a.";"341";"2";"";"14/10/2036";"9.461,00";"JHSF II";"";"";"RCVM160RA"
"Opea";"CRI 341ª Emissão 3ª Série";"24J2539895";"BRRBRACRIQ95";"Ativa";"IPCA + 7,4954% a.a.";"341";"3";"";"16/10/2039";"29.688,00";"JHSF II";"";"";"RCVM160RA"
"Opea";"CRI 339ª Emissão 1ª Série";"24J2539918";"BRRBRACRIQC2";"Ativa";"IPCA + 8,5000% a.a.";"339";"1";"";"12/09/2028";"48.000,00";"Alianza III";"";"";"RCVM160RA"
"Opea";"CRI 307ª Emissão 1ª Série";"24I2429067";"BRAPCSCRIQJ7";"Ativa";"CDI + 2,8500% a.a.";"307";"1";"";"15/12/2030";"35.000,00";"Zarvos";"";"";"RCVM160RA"
"Opea";"CRI 335ª Emissão 1ª Série";"24J2417179";"BRRBRACRIQ12";"Ativa";"CDI + 1,5000% a.a.";"335";"1";"";"28/10/2030";"78.000,00";"HBR II";"";"";"RCVM160RA"
"Opea";"CRI 135ª Emissão 1ª Série";"CRA024003K1";"BRRBRACRIN98";"Ativa";"CDI + 3,7000% a.a.";"135";"1";"";"30/03/2028";"28.000,00";"Rovaris";"";"";"RCVM160RA"
"Opea";"CRI 97ª Emissão 1ª Série";"CRA024009EY";"BRAPCSCRA389";"Ativa";"CDI + 1,2000% a.a.";"97";"1";"";"09/10/2027";"81.250,00";"Santa Isabel";"";"";"RCVM160RA"
"Opea";"CRI 97ª Emissão 2ª Série";"CRA024009EZ";"BRAPCSCRA397";"Ativa";"CDI + 1,2500% a.a.";"97";"2";"";"09/10/2027";"568.750,00";"Santa Isabel";"";"";"RCVM160RA"
"Opea";"CRI 152ª Emissão 1ª Série";"CRA024009KI";"BRRBRACRA5V6";"Ativa";"CDI + 2,0000% a.a.";"152";"1";"";"09/10/2029";"100.000,00";"Jussara";"";"";"RCVM160RA"
"Opea";"CRI 342ª Emissão 1ª Série";"24J2347143";"BRRBRACRIQ20";"Ativa";"CDI + 1,9900% a.a.";"342";"1";"";"19/10/2034";"88.476,00";"WTC";"";"";"RCVM160RA"
"Opea";"CRI 342ª Emissão 2ª Série";"24J2347147";"BRRBRACRIQ38";"Ativa";"CDI + 2,0100% a.a.";"342";"2";"";"19/10/2034";"8.392,00";"WTC";"";"";"RCVM160RA"
"Opea";"CRI 352ª Emissão 1ª Série";"24I1980366";"BRAPCSCRIQF5";"Ativa";"CDI + 5,5000% a.a.";"352";"1";"";"19/10/2028";"38.892,00";"Colinas";"";"";"RCVM160RA"
"Opea";"CRI 53ª Emissão 4ª Série";"22G0079365";"BRAPCSCRIDG1";"Ativa";"CDI + 4,0000% a.a.";"53";"4";"";"27/12/2026";"17.433.902,00";"MDB";"";"";"ICVM476"
"Opea";"CRI 334ª Emissão 2ª Série";"24E3617804";"BRAPCSCRIQC2";"Ativa";"IPCA + 8,5000% a.a.";"334";"2";"";"24/04/2044";"291.121,00";"Extrema";"";"";"RCVM160RA"
"Opea";"CRI 347ª Emissão 1ª Série";"24E3617802";"BRAPCSCRIQD0";"Ativa";"CDI + 4,7500% a.a.";"347";"1";"";"25/09/2029";"60.000,00";"Sousa Araujo";"";"";"RCVM160RA"
"Opea";"CRI 321ª Emissão 1ª Série";"24J2128781";"BRRBRACRIPZ5";"Ativa";"IPCA + 11,0500% a.a.";"321";"1";"";"25/08/2030";"8.616,00";"Cata";"";"";"RCVM160RA"
"Opea";"CRI 321ª Emissão 2ª Série";"24J2130089";"BRRBRACRIQ04";"Ativa";"IPCA + 11,1500% a.a.";"321";"2";"";"27/09/2027";"8.616,00";"Cata";"";"";"RCVM160RA"
"Opea";"CRI 354ª Emissão 1ª Série";"24E3617805";"BRAPCSCRIQA6";"Ativa";"CDI + 5,2500% a.a.";"354";"1";"";"09/10/2029";"30.000,00";"CALVIVA";"";"";"RCVM160RA"
"Opea";"CRI 342ª Emissão 1ª Série";"24E3558401";"BRAPCSCRIPZ5";"Ativa";"IPCA + 9,9700% a.a.";"342";"1";"";"26/11/2035";"44.482,00";"URBA VII";"";"";"RCVM160RA"
"Opea";"CRI 342ª Emissão 2ª Série";"24E3558402";"BRAPCSCRIQ04";"Ativa";"IPCA + 8,0000% a.a.";"342";"2";"";"26/02/2040";"14.827,00";"URBA VII";"";"";"RCVM160RA"
"Opea";"CRI 346ª Emissão 1ª Série";"24I1419236";"BRAPCSCRIQ61";"Ativa";"IPCA + 8,2500% a.a.";"346";"1";"";"14/03/2033";"203.557.500,00";"MRV XXXIV";"";"";"RCVM160RA"
"Opea";"CRI 346ª Emissão 2ª Série";"24I1419237";"BRAPCSCRIQ79";"Ativa";"IPCA + 7,0000% a.a.";"346";"2";"";"16/11/2036";"45.442.500,00";"MRV XXXIV";"";"";"RCVM160RA"
"Opea";"CRI 229ª Emissão 3ª Série";"24I2065537";"BRRBRACRIPC4";"Ativa";"IPCA + 11,5000% a.a.";"229";"3";"";"14/06/2030";"48.582,00";"EMCASH";"";"";"RCVM160RA"
"Opea";"CRI 333ª Emissão 1ª Série";"24G2775710";"BRAPCSCRIPR2";"Ativa";"0,0000% CDI + 18,0000% a.a.";"333";"1";"";"24/02/2028";"9.800,00";"Amélia";"";"";"RCVM160RA"
"Opea";"CRI 348ª Emissão 1ª Série";"24G2816828";"BRAPCSCRIPS0";"Ativa";"CDI + 0,8000% a.a.";"348";"1";"";"24/09/2029";"250.000,00";"Lago da Pedra II";"";"";"RCVM160RA"
"Opea";"CRI 323ª Emissão 1ª Série";"24I2114588";"BRRBRACRIPV4";"Ativa";"IPCA + 7,9000% a.a.";"323";"1";"";"27/05/2034";"25.000,00";"Castelo II";"";"";"RCVM160RA"
"Opea";"CRI 323ª Emissão 2ª Série";"24I2115255";"BRRBRACRIPW2";"Ativa";"IPCA + 7,9500% a.a.";"323";"2";"";"27/06/2034";"25.000,00";"Castelo II";"";"";"RCVM160RA"
"Opea";"CRI 312ª Emissão 1ª Série";"24I2113168";"BRRBRACRIPO9";"Ativa";"CDI + 2,3500% a.a.";"312";"1";"";"23/09/2029";"70.000,00";"BRASILATA";"";"";"RCVM160RA"
"Opea";"CRI 312ª Emissão 2ª Série";"24I2113180";"BRRBRACRIPP6";"Ativa";"CDI + 1,5000% a.a.";"312";"2";"";"21/09/2034";"1.892,00";"BRASILATA";"";"";"RCVM160RA"
"Opea";"CRI 312ª Emissão 3ª Série";"24I2113229";"BRRBRACRIPQ4";"Ativa";"CDI + 1,5000% a.a.";"312";"3";"";"21/09/2034";"20.072,00";"BRASILATA";"";"";"RCVM160RA"
"Opea";"CRI 6ª Emissão 1ª Série";"APCS16";"BRAPCSDBS078";"Ativa";"14,9300% a.a.";"6";"1";"";"06/12/2026";"612.972,00";"Stellantis";"";"";"RCVM160RA"
"Opea";"CRI 6ª Emissão 2ª Série";"APCS26";"BRAPCSDBS086";"Ativa";"39,7100% a.a.";"6";"2";"";"27/08/2029";"108.172,00";"Stellantis";"";"";"RCVM160RA"
"Opea";"CRI 151ª Emissão 1ª Série";"CRA0240093W";"BRRBRACRA5W4";"Ativa";"CDI + 4,0000% a.a.";"151";"1";"";"17/09/2030";"15.000,00";"Leitíssimo II";"";"";"RCVM160RA"
"Opea";"CRI 301ª Emissão 1ª Série";"24E3617801";"BRAPCSCRIQE8";"Ativa";"IPCA + 10,7500% a.a.";"301";"1";"";"16/09/2029";"94.058,00";"Camaçari";"";"";"RCVM160RA"
"Opea";"CRI 292ª Emissão 1ª Série";"24I1966999";"BRRBRACRIPI1";"Ativa";"CDI + 5,0000% a.a.";"292";"1";"";"16/03/2028";"40.000,00";"CDT";"";"";"RCVM160RA"
"Opea";"CRI 341ª Emissão 1ª Série";"24E3560201";"BRAPCSCRIQ95";"Ativa";"CDI + 4,2000% a.a.";"341";"1";"";"14/12/2026";"35.000,00";"VERTICALE III";"";"";"RCVM160RA"
"Opea";"CRI 336ª Emissão 2ª Série";"24G2741427";"BRAPCSCRIPE0";"Ativa";"IPCA + 10,5000% a.a.";"336";"2";"";"14/09/2028";"2.000,00";"Bauten";"";"";"RCVM160RA"
"Opea";"CRI 262ª Emissão 1ª Série";"24G2828590";"BRAPCSCRIPU6";"Ativa";"IPCA + 12,5000% a.a.";"262";"1";"";"14/10/2027";"9.000,00";"Pinheiro de Sá";"";"";"RCVM160RA"
"Opea";"CRI 262ª Emissão 2ª Série";"24G2828592";"BRAPCSCRIPV4";"Ativa";"IPCA + 12,5000% a.a.";"262";"2";"";"14/10/2027";"9.000,00";"Pinheiro de Sá";"";"";"RCVM160RA"
"Opea";"CRI 262ª Emissão 3ª Série";"24G2828593";"BRAPCSCRIPW2";"Ativa";"IPCA + 12,5000% a.a.";"262";"3";"";"14/10/2027";"9.000,00";"Pinheiro de Sá";"";"";"RCVM160RA"
"Opea";"CRI 262ª Emissão 4ª Série";"24G2828594";"BRAPCSCRIPX0";"Ativa";"IPCA + 12,5000% a.a.";"262";"4";"";"14/10/2027";"5.500,00";"Pinheiro de Sá";"";"";"RCVM160RA"
"Opea";"CRI 359ª Emissão 1ª Série";"24I1345178";"BRAPCSCRIQ53";"Ativa";"IPCA + 8,2764% a.a.";"359";"1";"";"15/09/2030";"321.750,00";"Projeto Baleia";"";"";"RCVM160RA"
"Opea";"CRI 315ª Emissão 1ª Série";"24I1656914";"BRRBRACRIPS0";"Ativa";"IPCA + 11,0000% a.a.";"315";"1";"";"19/09/2028";"19.770,00";"Raposo";"";"";"RCVM160RA"
"Opea";"CRI 353ª Emissão 1ª Série";"24E3558404";"BRAPCSCRIQ46";"Ativa";"CDI + 0,6000% a.a.";"353";"1";"";"14/09/2026";"322.000,00";"Tegra";"";"";"RCVM160RA"
"Opea";"CRI 394ª Emissão 1ª Série";"25D5140446";"BRRBRACRITD4";"Ativa";"IGPM + 9,2000% a.a.";"394";"1";"";"14/10/2037";"29.420,00";"IRGA";"";"";"RCVM160RA"
"Opea";"CRI 345ª Emissão 1ª Série";"24E3558403";"BRAPCSCRIQ38";"Ativa";"IPCA + 9,0000% a.a.";"345";"1";"";"11/09/2044";"105.000,00";"Mauá";"";"";"RCVM160RA"
"Opea";"CRI 198ª Emissão 3ª Série";"24I1526194";"BRRBRACRIPN1";"Ativa";"IPCA + 11,4000% a.a.";"198";"3";"";"21/10/2035";"3.000,00";"Habiarte Soho";"";"";"RCVM160RA"
"Opea";"CRI 322ª Emissão 1ª Série";"24I1252587";"BRRBRACRIPM3";"Ativa";"CDI + 4,5000% a.a.";"322";"1";"";"26/08/2027";"50.000,00";"Cais";"";"";"RCVM160RA"
"Opea";"CRI 148ª Emissão 1ª Série";"CRA024008HM";"BRRBRACRA5U8";"Ativa";"CDI + 2,5000% a.a.";"148";"1";"";"16/05/2029";"70.000,00";"Cocari II";"";"";"RCVM160RA"
"Opea";"CRI 301ª Emissão 1ª Série";"24G2100031";"BRRBRACRIP13";"Ativa";"CDI + 1,5000% a.a.";"301";"1";"";"28/08/2036";"230.000,00";"Almeida Junior";"";"";"RCVM160RA"
"Opea";"CRI 335ª Emissão 1ª Série";"24G2759412";"BRAPCSCRIPO9";"Ativa";"IPCA + 10,0000% a.a.";"335";"1";"";"20/08/2034";"30.000,00";"Scopel";"";"";"RCVM160RA"
"Opea";"CRI 335ª Emissão 2ª Série";"24G2759413";"BRAPCSCRIPP6";"Ativa";"IPCA + 14,0000% a.a.";"335";"2";"";"20/08/2034";"12.500,00";"Scopel";"";"";"RCVM160RA"
"Opea";"CRI 335ª Emissão 3ª Série";"24G2759414";"BRAPCSCRIPQ4";"Ativa";"0,0000% a.a.";"335";"3";"";"20/08/2034";"5.861,00";"Scopel";"";"";"RCVM160RA"
"Opea";"CRI 94ª Emissão 2ª Série";"CRA024006BU";"BRAPCSCRA322";"Ativa";"CDI + 2,0000% a.a.";"94";"2";"";"16/08/2028";"200.000,00";"Dislub";"";"";"RCVM160RA"
"Opea";"CRI 276ª Emissão 1ª Série";"24H2277797";"BRRBRACRIPJ9";"Ativa";"IPCA + 12,0000% a.a.";"276";"1";"";"27/06/2028";"40.000,00";"Neo Garden";"";"";"RCVM160RA"
"Opea";"CRI 145ª Emissão 1ª Série";"CRA0240086H";"BRRBRACRA5S2";"Ativa";"CDI + 3,0000% a.a.";"145";"1";"";"22/08/2029";"255.131,00";"Rede Sim";"";"";"RCVM160RA"
"Opea";"CRI 145ª Emissão 2ª Série";"CRA0240086I";"BRRBRACRA5T0";"Ativa";"14,9855% a.a.";"145";"2";"";"22/08/2029";"144.869,00";"Rede Sim";"";"";"RCVM160RA"
"Opea";"CRI 100ª Emissão 1ª Série";"CRA0240086N";"BRAPCSCRA3A5";"Ativa";"CDI + 4,5000% a.a.";"100";"1";"";"14/08/2029";"37.938,00";"Grupo Tecoha";"";"";"RCVM160RA"
"Opea";"CRI 340ª Emissão 1ª Série";"24G2759411";"BRAPCSCRIPN1";"Ativa";"CDI + 6,5000% a.a.";"340";"1";"";"14/08/2029";"41.000,00";"Matarazzo V";"";"";"RCVM160RA"
"Opea";"CRI 316ª Emissão 1ª Série";"24H1933555";"BRRBRACRIPE0";"Ativa";"CDI + 4,0000% a.a.";"316";"1";"";"06/08/2029";"25.000,00";"VERSI";"";"";"RCVM160RA"
"Opea";"CRI 316ª Emissão 2ª Série";"24H1933558";"BRRBRACRIPF7";"Ativa";"CDI + 4,0000% a.a.";"316";"2";"";"04/09/2029";"25.000,00";"VERSI";"";"";"RCVM160RA"
"Opea";"CRI 319ª Emissão 1ª Série";"24H1938840";"BRRBRACRIPG5";"Ativa";"CDI + 3,5000% a.a.";"319";"1";"";"23/08/2029";"41.689,00";"Lux";"";"";"RCVM160RA"
"Opea";"CRI 319ª Emissão 2ª Série";"24H1943872";"BRRBRACRIPH3";"Ativa";"INCCDI + 0,0000% a.a.";"319";"2";"";"23/08/2029";"42.133,00";"Lux";"";"";"RCVM160RA"
"Opea";"CRI 96ª Emissão 1ª Série";"CRA02400795";"BRAPCSCRA330";"Quitada";"CDI + 4,5000% a.a.";"96";"1";"";"19/02/2026";"30.400,00";"Impacto";"";"";"RCVM160RA"
"Opea";"CRI 281ª Emissão 1ª Série";"24G2735282";"BRRBRACRIOT1";"Ativa";"IPCA + 9,9223% a.a.";"281";"1";"";"14/08/2034";"55.000,00";"Venâncio";"";"";"RCVM160RA"
"Opea";"CRI 336ª Emissão 1ª Série";"24G2741426";"BRAPCSCRIPD2";"Ativa";"IPCA + 10,5000% a.a.";"336";"1";"";"14/08/2028";"4.000,00";"Bauten";"";"";"RCVM160RA"
"Opea";"CRI 94ª Emissão 1ª Série";"CRA024006BT";"BRAPCSCRA314";"Ativa";"CDI + 1,6600% a.a.";"94";"1";"";"16/08/2028";"100.000,00";"Dislub";"";"";"RCVM160RA"
"Opea";"CRI 93ª Emissão 1ª Série";"CRA024007Q3";"BRAPCSCRA348";"Ativa";"FIXO + 12,8531% a.a.";"93";"1";"";"14/08/2031";"199.954,00";"SLC Maquinas";"";"";"RCVM160RA"
"Opea";"CRI 93ª Emissão 2ª Série";"CRA024007Q4";"BRAPCSCRA355";"Ativa";"CDI + 1,2000% a.a.";"93";"2";"";"14/08/2031";"200.045,00";"SLC Maquinas";"";"";"RCVM160RA"
"Opea";"CRI 93ª Emissão 3ª Série";"CRA024007Q5";"BRAPCSCRA363";"Ativa";"IPCA + 7,3100% a.a.";"93";"3";"";"14/08/2031";"200.001,00";"SLC Maquinas";"";"";"RCVM160RA"
"Opea";"CRI 142ª Emissão 1ª Série";"CRA024007VL";"BRRBRACRA5Q6";"Ativa";"CDI + 4,2500% a.a.";"142";"1";"";"14/08/2030";"229.401,00";"Rio Amambai";"";"";"RCVM160RA"
"Opea";"CRI 142ª Emissão 2ª Série";"CRA024007VM";"BRRBRACRA5R4";"Ativa";"16,2492% a.a.";"142";"2";"";"14/08/2030";"20.599,00";"Rio Amambai";"";"";"RCVM160RA"
"Opea";"CRI 344ª Emissão 1ª Série";"24G2819302";"BRAPCSCRIPT8";"Ativa";"CDI + 2,2500% a.a.";"344";"1";"";"19/08/2029";"110.500,00";"MRV XXXIII (Pró Soluto)";"";"";"RCVM160RA"
"Opea";"CRI 344ª Emissão 2ª Série";"24G2824961";"BRAPCSCRIPY8";"Ativa";"CDI + 5,2500% a.a.";"344";"2";"";"19/08/2029";"110.500,00";"MRV XXXIII (Pró Soluto)";"";"";"RCVM160RA"
"Opea";"CRI 290ª Emissão 1ª Série";"24H1396116";"BRRBRACRIPD2";"Ativa";"CDI + 4,2000% a.a.";"290";"1";"";"30/08/2028";"40.000,00";"CONX PADRE CHICO";"";"";"RCVM160RA"
"Opea";"CRI 91ª Emissão 2ª Série";"22L1668409";"BRAPCSCRIGH2";"Ativa";"CDI + 2,0000% a.a.";"91";"2";"";"20/12/2034";"30.000,00";"Mega Moda II";"";"";"RCVM160RA"
"Opea";"CRI 331ª Emissão 1ª Série";"24F1277566";"BRAPCSCRIP62";"Ativa";"103,0000% CDI";"331";"1";"";"15/07/2029";"156.321,00";"Direcional XV";"";"";"RCVM160RA"
"Opea";"CRI 331ª Emissão 2ª Série";"24F1277567";"BRAPCSCRIP70";"Ativa";"IPCA + 6,6747% a.a.";"331";"2";"";"14/07/2031";"155.613,00";"Direcional XV";"";"";"RCVM160RA"
"Opea";"CRI 137ª Emissão 1ª Série";"CRA024005EI";"BRRBRACRA5C6";"Ativa";"CDI + 2,0000% a.a.";"137";"1";"";"01/06/2027";"28.000,00";"Cereal Ouro";"";"";"RCVM160RA"
"Opea";"CRI 147ª Emissão 1ª Série";"CRA024007PX";"BRRBRACRA5N3";"Ativa";"CDI + 3,5000% a.a.";"147";"1";"";"07/08/2029";"50.000,00";"Daroit";"";"";"RCVM160RA"
"Opea";"CRI 147ª Emissão 2ª Série";"CRA024007PZ";"BRRBRACRA5O1";"Ativa";"CDI + 4,7500% a.a.";"147";"2";"";"06/08/2030";"38.000,00";"Daroit";"";"";"RCVM160RA"
"Opea";"CRI 147ª Emissão 3ª Série";"CRA024007Q0";"BRRBRACRA5P8";"Ativa";"CDI + 6,8400% a.a.";"147";"3";"";"06/08/2030";"12.000,00";"Daroit";"";"";"RCVM160RA"
"Opea";"CRI 299ª Emissão 1ª Série";"24H0121713";"BRRBRACRIP62";"Ativa";"IPCA + 10,5000% a.a.";"299";"1";"";"30/08/2034";"12.000,00";"Edificatto";"";"";"RCVM160RA"
"Opea";"CRI 1ª Emissão 516ª Série";"24E3191694";"BRAPCSCRIPC4";"Ativa";"IPCA + 9,0000% a.a.";"1";"516";"";"14/07/2031";"100.000,00";"Fibra";"";"";"ICVM476"
"Opea";"CRI 99ª Emissão 1ª Série";"CRA024007KB";"BRAPCSCRA371";"Ativa";"CDI + 4,7500% a.a.";"99";"1";"";"16/07/2028";"130.000,00";"Coruripe";"";"";"RCVM160RA"
"Opea";"CRI 211ª Emissão 3ª Série";"23J0162404";"BRAPCSCRIKJ0";"Ativa";"IPCA + 14,0000% a.a.";"211";"3";"";"14/10/2027";"3.000,00";"Visconde";"";"";"RCVM160RA"
"Opea";"CRI 296ª Emissão 1ª Série";"24G1669361";"BRRBRACRIOW5";"Ativa";"CDI + 1,3000% a.a.";"296";"1";"";"23/07/2029";"340.000,00";"WPP";"";"";"RCVM160RA"
"Opea";"CRI 286ª Emissão 1ª Série";"24G1883357";"BRRBRACRIOZ8";"Ativa";"IPCA + 12,6800% a.a.";"286";"1";"";"23/11/2027";"10.000,00";"Construtora Dez";"";"";"RCVM160RA"
"Opea";"CRI 306ª Emissão 1ª Série";"24G1806489";"BRRBRACRIOY1";"Ativa";"IPCA + 7,5000% a.a.";"306";"1";"";"18/05/2028";"16.319,00";"BR SEG";"";"";"RCVM160RA"
"Opea";"CRI 355ª Emissão 1ª Série";"24I1521991";"BRAPCSCRIQ87";"Ativa";"CDI + 2,0000% a.a.";"355";"1";"";"30/09/2029";"100.614,00";"Direcional XVII";"";"";"RCVM160RA"
"Opea";"CRI 316ª Emissão 1ª Série";"24E2531060";"BRAPCSCRIOU9";"Ativa";"CDI + 1,6000% a.a.";"316";"1";"";"15/07/2029";"100.770,00";"Moura Debeux";"";"";"RCVM160RA"
"Opea";"CRI 316ª Emissão 2ª Série";"24E2531061";"BRAPCSCRIOV7";"Ativa";"IPCA + 8,0628% a.a.";"316";"2";"";"15/07/2029";"149.230,00";"Moura Debeux";"";"";"RCVM160RA"
"Opea";"CRI 291ª Emissão 1ª Série";"24G1768866";"BRRBRACRIOX3";"Ativa";"IPCA + 13,7500% a.a.";"291";"1";"";"19/07/2032";"170.000,00";"HOT BEACH YOU";"";"";"RCVM160RA"
"Opea";"CRI 295ª Emissão 1ª Série";"24G1674002";"BRRBRACRIOG8";"Ativa";"CDI + 0,2000% a.a.";"295";"1";"";"15/07/2029";"52.150,00";"JHSF";"";"";"RCVM160RA"
"Opea";"CRI 295ª Emissão 2ª Série";"24G1674003";"BRRBRACRIOH6";"Ativa";"12,1380% a.a.";"295";"2";"";"14/07/2031";"165.030,00";"JHSF";"";"";"RCVM160RA"
"Opea";"CRI 295ª Emissão 3ª Série";"24G1674077";"BRRBRACRIOI4";"Ativa";"CDI + 0,3500% a.a.";"295";"3";"";"14/07/2031";"45.290,00";"JHSF";"";"";"RCVM160RA"
"Opea";"CRI 295ª Emissão 4ª Série";"24G1674104";"BRRBRACRIOJ2";"Ativa";"IPCA + 7,0163% a.a.";"295";"4";"";"16/07/2034";"437.530,00";"JHSF";"";"";"RCVM160RA"
"Opea";"CRI 57ª Emissão 3ª Série";"22H1575176";"BRAPCSCRIEQ8";"Ativa";"IPCA + 11,0000% a.a.";"57";"3";"";"15/08/2032";"29.898,00";"Cemara";"";"";"ICVM476"
"Opea";"CRI 277ª Emissão 1ª Série";"24G1458428";"BRRBRACRIOV7";"Ativa";"CDI + 5,0000% a.a.";"277";"1";"";"25/06/2028";"39.592,00";"Pilar Laranjeiras";"";"";"RCVM160RA"
"Opea";"CRI 324ª Emissão 1ª Série";"24E3191022";"BRAPCSCRIP88";"Ativa";"IPCA + 7,6500% a.a.";"324";"1";"";"14/06/2035";"74.000,00";"Oba";"";"";"RCVM160RA"
"Opea";"CRI 279ª Emissão 5ª Série";"24A2477856";"BRAPCSCRIN31";"Ativa";"IPCA + 10,4400% a.a.";"279";"5";"";"18/05/2027";"7.000.000,00";"Mitre Raízes";"";"";"RCVM160RA"
"Opea";"CRI 279ª Emissão 7ª Série";"24A2477894";"BRAPCSCRIN56";"Ativa";"CDI + 3,9500% a.a.";"279";"7";"";"18/05/2027";"7.000.000,00";"Mitre Raízes";"";"";"RCVM160RA"
"Opea";"CRI 91ª Emissão 2ª Série";"CRA024004XU";"BRAPCSCRA2Z4";"Ativa";"CDI + 2,0000% a.a.";"91";"2";"";"28/12/2028";"15.000,00";"Diana";"";"";"RCVM160RA"
"Opea";"CRI 321ª Emissão 1ª Série";"24E1835896";"BRAPCSCRIOS3";"Ativa";"IPCA + 6,6075% a.a.";"321";"1";"";"14/06/2034";"500.000,00";"HSL";"";"";"RCVM160RA"
"Opea";"CRI 328ª Emissão 1ª Série";"24E2538087";"BRAPCSCRIP05";"Ativa";"IPCA + 7,8700% a.a.";"328";"1";"";"14/03/2033";"259.965.000,00";"MRV XXXII (FLEX)";"";"";"RCVM160RA"
"Opea";"CRI 328ª Emissão 2ª Série";"24E2538088";"BRAPCSCRIP13";"Ativa";"IPCA + 7,0000% a.a.";"328";"2";"";"14/10/2035";"58.035.000,00";"MRV XXXII (FLEX)";"";"";"RCVM160RA"
"Opea";"CRI 327ª Emissão 1ª Série";"24F1277461";"BRRBRACRIOD5";"Ativa";"IPCA + 9,7100% a.a.";"327";"1";"";"29/04/2035";"37.935,00";"Urba VI";"";"";"RCVM160RA"
"Opea";"CRI 327ª Emissão 2ª Série";"24F1277490";"BRRBRACRIOE3";"Ativa";"IPCA + 8,0000% a.a.";"327";"2";"";"27/03/2040";"12.645,00";"Urba VI";"";"";"RCVM160RA"
"Opea";"CRI 279ª Emissão 2ª Série";"23L2755315";"BRAPCSCRIN07";"Ativa";"IPCA + 9,6000% a.a.";"279";"2";"";"18/05/2027";"38.535.926,00";"Mitre Raízes";"";"";"RCVM160RA"
"Opea";"CRI 279ª Emissão 4ª Série";"24A2477852";"BRAPCSCRIN23";"Ativa";"CDI + 3,9500% a.a.";"279";"4";"";"18/05/2027";"38.565.766,00";"Mitre Raízes";"";"";"RCVM160RA"
"Opea";"CRI 314ª Emissão 1ª Série";"24E2538085";"BRAPCSCRIOW5";"Ativa";"CDI + 3,5000% a.a.";"314";"1";"";"19/06/2029";"150.000,00";"MRV XXXI";"";"";"RCVM160RA"
"Opea";"CRI 314ª Emissão 2ª Série";"24E2538086";"BRAPCSCRIOX3";"Ativa";"CDI + 3,5000% a.a.";"314";"2";"";"19/06/2029";"80.000,00";"MRV XXXI";"";"";"RCVM160RA"
"Opea";"CRI 306ª Emissão 1ª Série";"24D3680471";"BRAPCSCRIOD5";"Ativa";"CDI + 2,4000% a.a.";"306";"1";"";"26/06/2029";"100.000,00";"BRZ";"";"";"RCVM160RA"
"Opea";"CRI 306ª Emissão 2ª Série";"24F1345887";"BRAPCSCRIP21";"Ativa";"CDI + 5,0000% a.a.";"306";"2";"";"26/06/2029";"100.000,00";"BRZ";"";"";"RCVM160RA"
"Opea";"CRI 313ª Emissão 1ª Série";"24E2388811";"BRAPCSCRIOT1";"Ativa";"CDI + 6,4000% a.a.";"313";"1";"";"24/11/2027";"19.800,00";"Villa Cambury";"";"";"RCVM160RA"
"Opea";"CRI 282ª Emissão 1ª Série";"24F1970219";"BRRBRACRIOR5";"Ativa";"CDI + 5,0000% a.a.";"282";"1";"";"24/06/2027";"13.549,00";"Spot Persa";"";"";"RCVM160RA"
"Opea";"CRI 282ª Emissão 2ª Série";"24F1972412";"BRRBRACRIOS3";"Ativa";"CDI + 6,5000% a.a.";"282";"2";"";"24/06/2027";"4.700,00";"Spot Persa";"";"";"RCVM160RA"
"Opea";"CRI 332ª Emissão 2ª Série";"24E2538853";"BRAPCSCRIOZ8";"Ativa";"IPCA + 7,5953% a.a.";"332";"2";"";"16/02/2031";"147.480,00";"Direcional XVI";"";"";"RCVM160RA"
"Opea";"CRI 332ª Emissão 1ª Série";"24E2538854";"BRAPCSCRIOY1";"Ativa";"CDI + 1,3000% a.a.";"332";"1";"";"14/12/2032";"98.320,00";"Direcional XVI";"";"";"RCVM160RA"
"Opea";"CRI 332ª Emissão 3ª Série";"24E2541339";"BRAPCSCRIP39";"Ativa";"IPCA + 7,5953% a.a.";"332";"3";"";"15/06/2036";"54.200,00";"Direcional XVI";"";"";"RCVM160RA"
"Opea";"CRI 257ª Emissão 1ª Série";"24F1342290";"BRRBRACRIOF0";"Ativa";"IPCA + 10,1077% a.a.";"257";"1";"";"16/08/2040";"88.000,00";"Axis II";"";"";"RCVM160RA"
"Opea";"CRI 298ª Emissão 1ª Série";"24F1126487";"BRRBRACRIOA1";"Ativa";"CDI + 0,3000% a.a.";"298";"1";"";"14/06/2032";"148.083,00";"Iguatemi II";"";"";"RCVM160RA"
"Opea";"CRI 298ª Emissão 2ª Série";"24F1126524";"BRRBRACRIOB9";"Ativa";"103,0000% CDI";"298";"2";"";"14/06/2032";"551.917,00";"Iguatemi II";"";"";"RCVM160RA"
"Opea";"CRI 304ª Emissão 1ª Série";"24D3691422";"BRAPCSCRIO89";"Ativa";"IPCA + 8,5000% a.a.";"304";"1";"";"30/07/2029";"9.400,00";"Persa";"";"";"RCVM160RA"
"Opea";"CRI 269ª Emissão 1ª Série";"24F1596770";"BRRBRACRIOO2";"Ativa";"CDI + 5,0000% a.a.";"269";"1";"";"20/06/2028";"15.000,00";"Heritage";"";"";"RCVM160RA"
"Opea";"CRI 294ª Emissão 2ª Série";"24F1533018";"BRRBRACRION4";"Resgatada";"CDI + 6,0000% a.a.";"294";"2";"";"26/06/2025";"9.000,00";"Yuny Brigadeiro";"";"";"RCVM160RA"
"Opea";"CRI 280ª Emissão 1ª Série";"24F1584294";"BRRBRACRIOK0";"Ativa";"IPCA + 12,0000% a.a.";"280";"1";"";"19/06/2031";"37.500,00";"Alphaville III";"";"";"RCVM160RA"
"Opea";"CRI 92ª Emissão 1ª Série";"CRA0240053F";"BRAPCSCRA306";"Ativa";"CDI + 4,9000% a.a.";"92";"1";"";"26/07/2027";"65.684,00";"Ultracheese";"";"";"RCVM160RA"
"Opea";"CRI 91ª Emissão 1ª Série";"CRA024004XT";"BRAPCSCRA2Y7";"Ativa";"CDI + 2,0000% a.a.";"91";"1";"";"28/12/2028";"85.000,00";"Diana";"";"";"RCVM160RA"
"Opea";"CRI 309ª Emissão 1ª Série";"24D3313768";"BRAPCSCRINW7";"Ativa";"102,0000% CDI";"309";"1";"";"30/05/2027";"363.091,00";"Cury";"";"";"RCVM160RA"
"Opea";"CRI 309ª Emissão 2ª Série";"24D3313855";"BRAPCSCRINX5";"Ativa";"CDI + 0,2500% a.a.";"309";"2";"";"29/05/2029";"43.816,00";"Cury";"";"";"RCVM160RA"
"Opea";"CRI 309ª Emissão 3ª Série";"24D3313888";"BRAPCSCRINY3";"Ativa";"12,4437% a.a.";"309";"3";"";"27/05/2031";"280.593,00";"Cury";"";"";"RCVM160RA"
"Opea";"CRI 304ª Emissão 2ª Série";"24D3691423";"BRAPCSCRIO97";"Ativa";"IPCA + 8,5000% a.a.";"304";"2";"";"30/08/2029";"5.600,00";"Persa";"";"";"RCVM160RA"
"Opea";"CRI 304ª Emissão 3ª Série";"24D3691425";"BRAPCSCRIOA1";"Ativa";"IPCA + 8,5000% a.a.";"304";"3";"";"27/09/2029";"4.440,00";"Persa";"";"";"RCVM160RA"
"Opea";"CRI 304ª Emissão 4ª Série";"24D3691426";"BRAPCSCRIOB9";"Ativa";"IPCA + 8,5000% a.a.";"304";"4";"";"30/10/2029";"4.440,00";"Persa";"";"";"RCVM160RA"
"Opea";"CRI 139ª Emissão 1ª Série";"CRA0240060P";"BRRBRACRA5E2";"Ativa";"CDI + 4,5000% a.a.";"139";"1";"";"22/05/2029";"70.000,00";"Grano Alimentos";"";"";"RCVM160RA"
"Opea";"CRI 326ª Emissão 1ª Série";"24E1509888";"BRAPCSCRIOF0";"Ativa";"IPCA + 8,0000% a.a.";"326";"1";"";"21/02/2034";"115.937,00";"Dutra";"";"";"RCVM160RA"
"Opea";"CRI 300ª Emissão 1ª Série";"24C2248334";"BRAPCSCRIOE3";"Ativa";"IPCA + 10,6500% a.a.";"300";"1";"";"24/06/2027";"19.750,00";"Felicità";"";"";"RCVM160RA"
"Opea";"CRI 229ª Emissão 1ª Série";"24D3680470";"BRAPCSCRIOC7";"Ativa";"IPCA + 10,5500% a.a.";"229";"1";"";"23/05/2034";"40.000,00";"Moby";"";"";"RCVM160RA"
"Opea";"CRI 254ª Emissão 1ª Série";"24E1751024";"BRRBRACRINK2";"Ativa";"CDI + 4,2500% a.a.";"254";"1";"";"16/05/2028";"52.000,00";"Alfa Realty";"";"";"RCVM160RA"
"Opea";"CRI 271ª Emissão 1ª Série";"24E1752048";"BRRBRACRIO89";"Ativa";"CDI + 2,5000% a.a.";"271";"1";"";"27/05/2027";"53.648,00";"One Perdizes";"";"";"RCVM160RA"
"Opea";"CRI 271ª Emissão 2ª Série";"24E1752053";"BRRBRACRIO97";"Ativa";"CDI + 5,5000% a.a.";"271";"2";"";"27/05/2027";"22.976,00";"One Perdizes";"";"";"RCVM160RA"
"Opea";"CRI 138ª Emissão 1ª Série";"CRA024005PL";"BRRBRACRA5D4";"Ativa";"CDI + 6,0000% a.a.";"138";"1";"";"26/12/2029";"50.000,00";"NH Agro";"";"";"RCVM160RA"
"Opea";"CRI 267ª Emissão 1ª Série";"24E1453010";"BRRBRACRINH8";"Ativa";"IPCA + 8,2500% a.a.";"267";"1";"";"21/05/2034";"13.048,00";"Viverde II";"";"";"RCVM160RA"
"Opea";"CRI 267ª Emissão 2ª Série";"24E1453917";"BRRBRACRINI6";"Ativa";"IPCA + 10,9500% a.a.";"267";"2";"";"21/05/2034";"13.048,00";"Viverde II";"";"";"RCVM160RA"
"Opea";"CRI 267ª Emissão 3ª Série";"24E1454292";"BRRBRACRINJ4";"Ativa";"IPCA + 9,6000% a.a.";"267";"3";"";"19/09/2034";"11.185,00";"Viverde II";"";"";"RCVM160RA"
"Opea";"CRI 253ª Emissão 1ª Série";"24E1280914";"BRRBRACRIN31";"Ativa";"CDI + 4,2000% a.a.";"253";"1";"";"16/11/2026";"79.986,00";"Metaforma";"";"";"RCVM160RA"
"Opea";"CRI 279ª Emissão 1ª Série";"24E1127893";"BRRBRACRIO48";"Ativa";"CDI + 1,8500% a.a.";"279";"1";"";"14/03/2033";"101.450,00";"Eldorado";"";"";"RCVM160RA"
"Opea";"CRI 279ª Emissão 2ª Série";"24E1128021";"BRRBRACRIO55";"Ativa";"IPCA + 7,1500% a.a.";"279";"2";"";"14/03/2033";"80.000,00";"Eldorado";"";"";"RCVM160RA"
"Opea";"CRI 83ª Emissão 5ª Série";"24D3680473";"BRAPCSCRIO63";"Ativa";"CDI + 3,0000% a.a.";"83";"5";"";"16/09/2029";"10.000,00";"TAEL";"";"";"RCVM160RA"
"Opea";"CRI 288ª Emissão 1ª Série";"24D3469262";"BRAPCSCRINZ0";"Ativa";"IPCA + 8,9921% a.a.";"288";"1";"";"15/04/2029";"25.000,00";"TANIA BULHOES";"";"";"RCVM160RA"
"Opea";"CRI 288ª Emissão 2ª Série";"24D3469389";"BRAPCSCRIO06";"Ativa";"IPCA + 10,3637% a.a.";"288";"2";"";"15/04/2029";"25.000,00";"TANIA BULHOES";"";"";"RCVM160RA"
"Opea";"CRI 5ª Emissão 1ª Série";"APCS15";"BRAPCSDBS060";"Ativa";"15,0090% a.a.";"5";"1";"";"30/05/2028";"1.204.634,00";"Vamos";"";"";"RCVM160RA"
"Opea";"CRI 6ª Emissão 1ª Série";"24D3314427";"BRRBRACR0046";"Ativa";"CDI + 1,2000% a.a.";"6";"1";"";"26/04/2027";"170.000,00";"E-Brasil";"";"";"RCVM160RA"
"Opea";"CRI 6ª Emissão 2ª Série";"24D3314713";"BRRBRACR0053";"Ativa";"CDI + 1,5000% a.a.";"6";"2";"";"26/04/2027";"30.000,00";"E-Brasil";"";"";"RCVM160RA"
"Opea";"CRI 287ª Emissão 2ª Série";"24D3158944";"BRAPCSCRINU1";"Ativa";"CDI + 1,9500% a.a.";"287";"2";"";"16/04/2028";"30.000,00";"Centerlar";"";"";"RCVM160RA"
"Opea";"CRI 287ª Emissão 1ª Série";"24D3158958";"BRAPCSCRINT3";"Ativa";"CDI + 1,9500% a.a.";"287";"1";"";"16/04/2028";"30.000,00";"Centerlar";"";"";"RCVM160RA"
"Opea";"CRI 317ª Emissão 2ª Série";"24D3470150";"BRAPCSCRIO22";"Ativa";"CDI + 5,0000% a.a.";"317";"2";"";"09/04/2029";"35.000,00";"Planova";"";"";"RCVM160RA"
"Opea";"CRI 317ª Emissão 1ª Série";"24D3470125";"BRAPCSCRIO14";"Quitada";"CDI + 5,0000% a.a.";"317";"1";"";"09/04/2026";"15.000,00";"Planova";"";"";"RCVM160RA"
"Opea";"CRI 255ª Emissão 1ª Série";"24D3410758";"BRRBRACRIO14";"Ativa";"IPCA + 13,0000% a.a.";"255";"1";"";"23/04/2036";"20.000,00";"GR Loteamento";"";"";"RCVM160RA"
"Opea";"CRI 255ª Emissão 2ª Série";"24D3411151";"BRRBRACRIO22";"Ativa";"IPCA + 13,0000% a.a.";"255";"2";"";"25/05/2036";"5.000,00";"GR Loteamento";"";"";"RCVM160RA"
"Opea";"CRI 4ª Emissão 1ª Série";"APCS14";"BRAPCSDBS037";"Ativa";"CDI + 2,5500% a.a.";"4";"1";"";"15/04/2029";"40.000,00";"Eurobike";"";"";"RCVM160RA"
"Opea";"CRI 4ª Emissão 2ª Série";"APCS24";"BRAPCSDBS045";"Ativa";"CDI + 4,0000% a.a.";"4";"2";"";"15/04/2029";"10.000,00";"Eurobike";"";"";"RCVM160RA"
"Opea";"CRI 281ª Emissão 1ª Série";"24D3160353";"BRAPCSCRINV9";"Ativa";"CDI + 4,7500% a.a.";"281";"1";"";"24/04/2028";"70.000,00";"CONX";"";"";"RCVM160RA"
"Opea";"CRI 71ª Emissão 5ª Série";"24C2247803";"BRAPCSCRINQ9";"Ativa";"IPCA + 7,3000% a.a.";"71";"5";"";"14/10/2032";"3.464.778,00";"Crizao RBR";"";"";"ICVM476"
"Opea";"CRI 262ª Emissão 1ª Série";"24D0006601";"BRRBRACRIMN8";"Ativa";"CDI + 0,5500% a.a.";"262";"1";"";"15/04/2029";"352.502,00";"Allos IV";"";"";"RCVM160RA"
"Opea";"CRI 262ª Emissão 2ª Série";"24D0006602";"BRRBRACRIMO6";"Ativa";"105,0000% CDI";"262";"2";"";"15/04/2029";"377.919,00";"Allos IV";"";"";"RCVM160RA"
"Opea";"CRI 262ª Emissão 3ª Série";"24D0006603";"BRRBRACRIMP3";"Ativa";"11,6686% a.a.";"262";"3";"";"14/04/2031";"469.579,00";"Allos IV";"";"";"RCVM160RA"
"Opea";"CRI 305ª Emissão 1ª Série";"24D2787506";"BRAPCSCRINS5";"Ativa";"IPCA + 8,0000% a.a.";"305";"1";"";"10/04/2029";"29.818,00";"Instant (MCapital)";"";"";"RCVM160RA"
"Opea";"CRI 275ª Emissão 1ª Série";"24D2944108";"BRRBRACRIND7";"Ativa";"116,0000% CDI";"275";"1";"";"15/04/2029";"58.392,00";"Kallas";"";"";"RCVM160RA"
"Opea";"CRI 275ª Emissão 2ª Série";"24D2944110";"BRRBRACRINE5";"Ativa";"IPCA + 7,9647% a.a.";"275";"2";"";"14/04/2031";"41.608,00";"Kallas";"";"";"RCVM160RA"
"Opea";"CRI 274ª Emissão 1ª Série";"24D3057166";"BRRBRACRINX5";"Ativa";"CDI + 5,2000% a.a.";"274";"1";"";"27/04/2028";"21.250,00";"Tarjab Altino";"";"";"RCVM160RA"
"Opea";"CRI 274ª Emissão 2ª Série";"24D3057203";"BRRBRACRINY3";"Ativa";"IPCA + 10,7000% a.a.";"274";"2";"";"27/04/2028";"21.250,00";"Tarjab Altino";"";"";"RCVM160RA"
"Opea";"CRI 274ª Emissão 3ª Série";"24D3057217";"BRRBRACRINZ0";"Ativa";"CDI + 4,8500% a.a.";"274";"3";"";"27/04/2028";"30.381,00";"Tarjab Altino";"";"";"RCVM160RA"
"Opea";"CRI 268ª Emissão 1ª Série";"24D3055754";"BRRBRACRINL0";"Ativa";"IPCA + 10,1559% a.a.";"268";"1";"";"26/04/2028";"4.324,00";"Patriani IV";"";"";"RCVM160RA"
"Opea";"CRI 268ª Emissão 2ª Série";"24D3055772";"BRRBRACRINM8";"Ativa";"IPCA + 10,1559% a.a.";"268";"2";"";"26/04/2028";"4.117,00";"Patriani IV";"";"";"RCVM160RA"
"Opea";"CRI 268ª Emissão 3ª Série";"24D3055807";"BRRBRACRINN6";"Ativa";"IPCA + 10,1559% a.a.";"268";"3";"";"26/04/2028";"11.561,00";"Patriani IV";"";"";"RCVM160RA"
"Opea";"CRI 268ª Emissão 4ª Série";"24D3055829";"BRRBRACRINO4";"Ativa";"IPCA + 10,1559% a.a.";"268";"4";"";"26/04/2028";"5.000,00";"Patriani IV";"";"";"RCVM160RA"
"Opea";"CRI 268ª Emissão 5ª Série";"24D3055831";"BRRBRACRINP1";"Ativa";"IPCA + 10,1559% a.a.";"268";"5";"";"26/04/2028";"3.278,00";"Patriani IV";"";"";"RCVM160RA"
"Opea";"CRI 268ª Emissão 6ª Série";"24D3055834";"BRRBRACRINQ9";"Ativa";"IPCA + 10,1559% a.a.";"268";"6";"";"26/04/2028";"3.539,00";"Patriani IV";"";"";"RCVM160RA"
"Opea";"CRI 268ª Emissão 7ª Série";"24D3055854";"BRRBRACRINR7";"Ativa";"IPCA + 10,1559% a.a.";"268";"7";"";"26/04/2028";"6.118,00";"Patriani IV";"";"";"RCVM160RA"
"Opea";"CRI 268ª Emissão 8ª Série";"24D3055855";"BRRBRACRINS5";"Ativa";"IPCA + 10,1559% a.a.";"268";"8";"";"26/04/2028";"8.616,00";"Patriani IV";"";"";"RCVM160RA"
"Opea";"CRI 268ª Emissão 9ª Série";"24D3055858";"BRRBRACRINT3";"Ativa";"IPCA + 11,4799% a.a.";"268";"9";"";"26/04/2028";"18.200,00";"Patriani IV";"";"";"RCVM160RA"
"Opea";"CRI 268ª Emissão 10ª Série";"24D3055859";"BRRBRACRINU1";"Ativa";"IPCA + 11,4799% a.a.";"268";"10";"";"26/04/2028";"14.300,00";"Patriani IV";"";"";"RCVM160RA"
"Opea";"CRI 268ª Emissão 11ª Série";"24D3055861";"BRRBRACRINV9";"Ativa";"IPCA + 11,4799% a.a.";"268";"11";"";"26/04/2028";"32.500,00";"Patriani IV";"";"";"RCVM160RA"
"Opea";"CRI 268ª Emissão 12ª Série";"24D3055862";"BRRBRACRINW7";"Ativa";"IPCA + 11,4799% a.a.";"268";"12";"";"26/04/2028";"10.000,00";"Patriani IV";"";"";"RCVM160RA"
"Opea";"CRI 24ª Emissão 3ª Série";"24D2960594";"BRRBRACRINF2";"Ativa";"IPCA + 7,0000% a.a.";"24";"3";"";"10/04/2034";"72.221,00";"Assaí";"";"";"ICVM476"
"Opea";"CRI 24ª Emissão 4ª Série";"24D2960647";"BRRBRACRING0";"Ativa";"IPCA + 7,0000% a.a.";"24";"4";"";"10/04/2034";"38.235,00";"Assaí";"";"";"ICVM476"
"Opea";"CRI 303ª Emissão 1ª Série";"24C2242832";"BRAPCSCRINO4";"Ativa";"CDI + 2,1900% a.a.";"303";"1";"";"16/04/2034";"99.974,00";"Mundial";"";"";"RCVM160RA"
"Opea";"CRI 303ª Emissão 2ª Série";"24C2242834";"BRAPCSCRINP1";"Ativa";"CDI + 2,1900% a.a.";"303";"2";"";"16/04/2034";"26.575,00";"Mundial";"";"";"RCVM160RA"
"Opea";"CRI 292ª Emissão 1ª Série";"24C2246101";"BRAPCSCRINC9";"Ativa";"IPCA + 9,7000% a.a.";"292";"1";"";"05/12/2027";"31.822,00";"Hines";"";"";"RCVM160RA"
"Opea";"CRI 273ª Emissão 1ª Série";"24C1796102";"BRAPCSCRIND7";"Ativa";"CDI + 5,0000% a.a.";"273";"1";"";"30/03/2027";"67.644,00";"HM";"";"";"RCVM160RA"
"Opea";"CRI 212ª Emissão 2ª Série";"23J0021416";"BRAPCSCRIKC5";"Ativa";"IPCA + 9,6000% a.a.";"212";"2";"";"25/10/2026";"17.389,00";"Terra Mundi";"";"";"RCVM160RA"
"Opea";"CRI 293ª Emissão 1ª Série";"24C1638623";"BRAPCSCRINH8";"Ativa";"IPCA + 9,0000% a.a.";"293";"1";"";"21/01/2035";"62.165,00";"Urba";"";"";"RCVM160RA"
"Opea";"CRI 293ª Emissão 2ª Série";"24C1638640";"BRAPCSCRINI6";"Ativa";"IPCA + 8,0000% a.a.";"293";"2";"";"20/11/2039";"20.765,00";"Urba";"";"";"RCVM160RA"
"Opea";"CRI 296ª Emissão 1ª Série";"24D0007011";"BRAPCSCRINJ4";"Ativa";"IPCA + 7,4000% a.a.";"296";"1";"";"14/12/2032";"257.512.500,00";"MRV XXIX";"";"";"RCVM160RA"
"Opea";"CRI 296ª Emissão 2ª Série";"24D0007012";"BRAPCSCRINK2";"Ativa";"IPCA + 7,0000% a.a.";"296";"2";"";"14/05/2036";"57.487.500,00";"MRV XXIX";"";"";"RCVM160RA"
"Opea";"CRI 297ª Emissão 1ª Série";"24D0007013";"BRAPCSCRINL0";"Ativa";"CDI + 2,0950% a.a.";"297";"1";"";"19/03/2030";"87.800,00";"MRV XXX";"";"";"RCVM160RA"
"Opea";"CRI 297ª Emissão 2ª Série";"24D0007014";"BRAPCSCRINM8";"Ativa";"IPCA + 10,6270% a.a.";"297";"2";"";"19/03/2030";"200.000,00";"MRV XXX";"";"";"RCVM160RA"
"Opea";"CRI 286ª Emissão 1ª Série";"24C1526928";"BRAPCSCRINE5";"Ativa";"IPCA + 9,1134% a.a.";"286";"1";"";"14/03/2039";"305.000,00";"Itaquera";"";"";"RCVM160RA"
"Opea";"CRI 266ª Emissão 1ª Série";"24C2036988";"BRRBRACRIN56";"Resgatada";"IPCA + 8,0000% a.a.";"266";"1";"";"14/03/2026";"20.200,00";"Panorama Jandira III";"";"";"RCVM160RA"
"Opea";"CRI 283ª Emissão 1ª Série";"24C1988647";"BRAPCSCRINN6";"Ativa";"IPCA + 11,0000% a.a.";"283";"1";"";"24/03/2039";"92.000,00";"GS Souto V";"";"";"RCVM160RA"
"Opea";"CRI 82ª Emissão 2ª Série";"CRA024000GQ";"BRAPCSCRA2S9";"Ativa";"CDI + 3,8000% a.a.";"82";"2";"";"20/11/2028";"38.705,00";"ACP";"";"";"RCVM160RA"
"Opea";"CRI 82ª Emissão 3ª Série";"CRA024000GR";"BRAPCSCRA2T7";"Ativa";"14,5263% a.a.";"82";"3";"";"20/11/2028";"111.295,00";"ACP";"";"";"RCVM160RA"
"Opea";"CRI 90ª Emissão 1ª Série";"CRA0240038P";"BRAPCSCRA2X9";"Ativa";"IPCA + 11,7000% a.a.";"90";"1";"";"17/02/2037";"43.000,00";"Celeste";"";"";"RCVM160RA"
"Opea";"CRI 264ª Emissão 1ª Série";"24C1978007";"BRRBRACRINA3";"Ativa";"IPCA + 10,0000% a.a.";"264";"1";"";"26/03/2028";"15.000,00";"SPL Engenharia II";"";"";"RCVM160RA"
"Opea";"CRI 264ª Emissão 2ª Série";"24C1980162";"BRRBRACRINB1";"Ativa";"IPCA + 10,0000% a.a.";"264";"2";"";"26/03/2028";"20.000,00";"SPL Engenharia II";"";"";"RCVM160RA"
"Opea";"CRI 265ª Emissão 1ª Série";"24C1998433";"BRRBRACRIN49";"Ativa";"CDI + 2,0000% a.a.";"265";"1";"";"26/03/2031";"100.000,00";"HBR";"";"";"RCVM160RA"
"Opea";"CRI 134ª Emissão 1ª Série";"CRA024003JT";"BRRBRACRA595";"Ativa";"CDI + 4,5000% a.a.";"134";"1";"";"21/03/2029";"60.000,00";"Bevap II";"";"";"RCVM160RA"
"Opea";"CRI 261ª Emissão 1ª Série";"24C1980305";"BRRBRADBS0J9";"Ativa";"CDI + 4,5000% a.a.";"261";"1";"";"23/03/2027";"40.000,00";"Dom Pedro (Alphaville)";"";"";"RCVM160RA"
"Opea";"CRI 229ª Emissão 1ª Série";"24C1990828";"BRRBRACRIN64";"Ativa";"IPCA + 11,5000% a.a.";"229";"1";"";"14/06/2030";"87.710,00";"EMCASH";"";"";"RCVM160RA"
"Opea";"CRI 132ª Emissão 1ª Série";"CRA0240038Q";"BRRBRACRA587";"Ativa";"CDI + 8,0000% a.a.";"132";"1";"";"21/03/2029";"40.000,00";"Enova Foods";"";"";"RCVM160RA"
"Opea";"CRI 302ª Emissão 1ª Série";"24C1889623";"BRAPCSCRINF2";"Quitada";"CDI + 1,3500% a.a.";"302";"1";"";"19/09/2025";"55.000,00";"Lago da Pedra";"";"";"RCVM160RA"
"Opea";"CRI 263ª Emissão 1ª Série";"24C1886292";"BRRBRACRIN07";"Ativa";"CDI + 2,0000% a.a.";"263";"1";"";"26/03/2029";"100.000,00";"HSI Hotel Hilton Copacabana";"";"";"RCVM160RA"
"Opea";"CRI 263ª Emissão 2ª Série";"24C1886299";"BRRBRACRIN15";"Ativa";"CDI + 2,0000% a.a.";"263";"2";"";"26/03/2034";"100.000,00";"HSI Hotel Hilton Copacabana";"";"";"RCVM160RA"
"Opea";"CRI 263ª Emissão 3ª Série";"24C1886306";"BRRBRACRIN23";"Ativa";"IPCA + 7,5000% a.a.";"263";"3";"";"26/03/2034";"100.000,00";"HSI Hotel Hilton Copacabana";"";"";"RCVM160RA"
"Opea";"CRI 291ª Emissão 1ª Série";"24D0007010";"BRAPCSCRING0";"Ativa";"CDI + 5,6000% a.a.";"291";"1";"";"19/03/2029";"65.000,00";"Arbore";"";"";"RCVM160RA"
"Opea";"CRI 272ª Emissão 1ª Série";"24C2078200";"BRRBRADBS0G5";"Ativa";"CDI + 1,1000% a.a.";"272";"1";"";"14/03/2029";"68.954,00";"Salta";"";"";"RCVM160RA"
"Opea";"CRI 272ª Emissão 2ª Série";"24C2078354";"BRRBRADBS0H3";"Ativa";"11,6000% a.a.";"272";"2";"";"14/03/2029";"104.436,00";"Salta";"";"";"RCVM160RA"
"Opea";"CRI 272ª Emissão 3ª Série";"24C2078604";"BRRBRADBS0I1";"Ativa";"IPCA + 7,0611% a.a.";"272";"3";"";"16/03/2031";"326.610,00";"Salta";"";"";"RCVM160RA"
"Opea";"CRI 258ª Emissão 1ª Série";"24C1475908";"BRRBRACRIMU3";"Ativa";"CDI + 2,2500% a.a.";"258";"1";"";"08/03/2028";"100.000,00";"VGRI";"";"";"RCVM160RA"
"Opea";"CRI 258ª Emissão 2ª Série";"24C1475909";"BRRBRACRIMV1";"Ativa";"IPCA + 7,7500% a.a.";"258";"2";"";"08/03/2039";"235.000,00";"VGRI";"";"";"RCVM160RA"
"Opea";"CRI 258ª Emissão 4ª Série";"24C1476175";"BRRBRACRIMX7";"Ativa";"CDI + 3,0000% a.a.";"258";"4";"";"08/03/2027";"113.250,00";"VGRI";"";"";"RCVM160RA"
"Opea";"CRI 258ª Emissão 3ª Série";"24C1475910";"BRRBRACRIMW9";"Resgatada";"CDI + 0,2500% a.a.";"258";"3";"";"09/03/2026";"113.250,00";"VGRI";"";"";"RCVM160RA"
"Opea";"CRI 237ª Emissão 1ª Série";"23L1773235";"BRAPCSCRIMC1";"Ativa";"IPCA + 8,7500% a.a.";"237";"1";"";"17/02/2036";"228.500,00";"Bluecap";"";"";"RCVM160RA"
"Opea";"CRI 250ª Emissão 2ª Série";"24C0006202";"BRRBRACRIMF4";"Ativa";"CDI + 3,5000% a.a.";"250";"2";"";"16/09/2029";"85.000,00";"Chlorum";"";"";"RCVM160RA"
"Opea";"CRI 250ª Emissão 4ª Série";"24C0006204";"BRRBRACRIMH0";"Ativa";"CDI + 4,0000% a.a.";"250";"4";"";"16/03/2031";"170.000,00";"Chlorum";"";"";"RCVM160RA"
"Opea";"CRI 250ª Emissão 5ª Série";"24C0006205";"BRRBRACRIMI8";"Ativa";"IPCA + 10,6055% a.a.";"250";"5";"";"16/03/2031";"85.000,00";"Chlorum";"";"";"RCVM160RA"
"Opea";"CRI 252ª Emissão 1ª Série";"24A2634127";"BRAPCSCRIN72";"Ativa";"IPCA + 11,2500% a.a.";"252";"1";"";"23/01/2039";"64.521,00";"La Shopping";"";"";"RCVM160RA"
"Opea";"CRI 284ª Emissão 1ª Série";"24A2634961";"BRAPCSCRIN80";"Ativa";"IPCA + 11,2500% a.a.";"284";"1";"";"23/01/2039";"64.521,00";"La Shopping";"";"";"RCVM160RA"
"Opea";"CRI 227ª Emissão 1ª Série";"24C1360385";"BRRBRACRIMZ2";"Ativa";"IPCA + 10,5000% a.a.";"227";"1";"";"25/02/2029";"15.000,00";"Damha";"";"";"RCVM160RA"
"Opea";"CRI 269ª Emissão 1ª Série";"24B1861489";"BRAPCSCRINA3";"Ativa";"IPCA + 11,7000% a.a.";"269";"1";"";"17/02/2037";"36.605,00";"GES";"";"";"RCVM160RA"
"Opea";"CRI 233ª Emissão 2ª Série";"24B1898704";"BRRBRACRIMM0";"Ativa";"IPCA + 7,8900% a.a.";"233";"2";"";"25/02/2027";"4.910,00";"CJ Shops";"";"";"RCVM160RA"
"Opea";"CRI 265ª Emissão 1ª Série";"23L1438568";"BRAPCSCRIM08";"Ativa";"IPCA + 7,8978% a.a.";"265";"1";"";"09/12/2027";"86.630,00";"Tenda";"";"";"RCVM160RA"
"Opea";"CRI 265ª Emissão 2ª Série";"23L1438691";"BRAPCSCRIM16";"Ativa";"CDI + 3,4988% a.a.";"265";"2";"";"09/03/2032";"86.630,00";"Tenda";"";"";"RCVM160RA"
"Opea";"CRI 226ª Emissão 1ª Série";"24B0012801";"BRRBRACRIMB3";"Ativa";"CDI + 0,5000% a.a.";"226";"1";"";"19/02/2029";"80.409,00";"Lavvi II";"";"";"RCVM160RA"
"Opea";"CRI 226ª Emissão 2ª Série";"24B0012802";"BRRBRACRIMC1";"Ativa";"109,0000% CDI";"226";"2";"";"19/02/2029";"58.038,00";"Lavvi II";"";"";"RCVM160RA"
"Opea";"CRI 226ª Emissão 3ª Série";"24B0012803";"BRRBRACRIMD9";"Ativa";"11,1228% a.a.";"226";"3";"";"19/02/2030";"80.343,00";"Lavvi II";"";"";"RCVM160RA"
"Opea";"CRI 372ª Emissão 1ª Série";"24B1669805";"BRHBSCCRIAX7";"Ativa";"CDI + 2,1000% a.a.";"372";"1";"";"05/10/2039";"542.619,00";"Extrema II";"";"";"RCVM160RA"
"Opea";"CRI 372ª Emissão 2ª Série";"24B1669810";"BRHBSCCRIAY5";"Ativa";"IPCA + 8,0000% a.a.";"372";"2";"";"06/10/2039";"59.282,00";"Extrema II";"";"";"RCVM160RA"
"Opea";"CRI 249ª Emissão 1ª Série";"24B1693195";"BRRBRACRIML2";"Ativa";"IPCA + 10,5000% a.a.";"249";"1";"";"27/02/2034";"74.905,00";"BHG";"";"";"RCVM160RA"
"Opea";"CRI 207ª Emissão 1ª Série";"24B1617889";"BRRBRACRIMK4";"Ativa";"IPCA + 7,3000% a.a.";"207";"1";"";"09/02/2034";"19.785,00";"Shopping Cidade Jardim II";"";"";"RCVM160RA"
"Opea";"CRI 278ª Emissão 2ª Série";"24A1479480";"BRAPCSCRIMV1";"Ativa";"IPCA + 6,4500% a.a.";"278";"2";"";"14/01/2044";"4.712,00";"Direcional XIV";"";"";"RCVM160RA"
"Opea";"CRI 279ª Emissão 3ª Série";"23L2755396";"BRAPCSCRIN15";"Ativa";"CDI + 3,9500% a.a.";"279";"3";"";"18/05/2027";"20.000.000,00";"Mitre Raízes";"";"";"RCVM160RA"
"Opea";"CRI 279ª Emissão 1ª Série";"24A2483764";"BRAPCSCRIMZ2";"Ativa";"IPCA + 9,6000% a.a.";"279";"1";"";"18/05/2027";"20.000.000,00";"Mitre Raízes";"";"";"RCVM160RA"
"Opea";"CRI 225ª Emissão 1ª Série";"24B0011201";"BRRBRACRILY7";"Ativa";"CDI + 1,5000% a.a.";"225";"1";"";"21/01/2029";"1.031.993,00";"Project Green (Brookfield)";"";"";"RCVM160RA"
"Opea";"CRI 251ª Emissão 1ª Série";"24B0011602";"BRRBRACRILZ4";"Ativa";"100,0000% CDI";"251";"1";"";"14/02/2034";"529.800,00";"LF Itaú T3";"";"";"RCVM160RA"
"Opea";"CRI 251ª Emissão 2ª Série";"24B0011603";"BRRBRACRIM08";"Ativa";"102,0000% CDI";"251";"2";"";"14/02/2039";"470.100,00";"LF Itaú T3";"";"";"RCVM160RA"
"Opea";"CRI 251ª Emissão 3ª Série";"24B0011604";"BRRBRACRIM16";"Ativa";"96,0000% CDI";"251";"3";"";"14/02/2030";"458.700,00";"LF Itaú T3";"";"";"RCVM160RA"
"Opea";"CRI 279ª Emissão 6ª Série";"24A2477863";"BRAPCSCRIN49";"Ativa";"IPCA + 10,4400% a.a.";"279";"6";"";"16/02/2027";"12.771.782,00";"Mitre Raízes";"";"";"RCVM160RA"
"Opea";"CRI 279ª Emissão 8ª Série";"24A2477913";"BRAPCSCRIN64";"Ativa";"CDI + 3,9500% a.a.";"279";"8";"";"16/02/2027";"12.775.627,00";"Mitre Raízes";"";"";"RCVM160RA"
"Opea";"CRI 204ª Emissão 1ª Série";"23J2266231";"BRAPCSCRIMX7";"Ativa";"CDI + 4,5000% a.a.";"204";"1";"";"19/01/2028";"24.000,00";"Arpoador";"";"";"RCVM160RA"
"Opea";"CRI 204ª Emissão 2ª Série";"23J2809383";"BRAPCSCRIMY5";"Ativa";"CDI + 12,0000% a.a.";"204";"2";"";"19/01/2028";"6.000,00";"Arpoador";"";"";"RCVM160RA"
"Opea";"CRI 231ª Emissão 1ª Série";"24A2092008";"BRRBRACRIM32";"Ativa";"IPCA + 9,4000% a.a.";"231";"1";"";"19/07/2026";"33.500,00";"DAY MEDICAL";"";"";"RCVM160RA"
"Opea";"CRI 246ª Emissão 1ª Série";"24A2297292";"BRRBRACRIM81";"Ativa";"CDI + 1,5000% a.a.";"246";"1";"";"19/01/2028";"67.100,00";"BPGM";"";"";"RCVM160RA"
"Opea";"CRI 1ª Emissão nullª Série";"naotemaindaGoFMZ1";"naotemaindaGoFMZ01";"";"CDI + 6,0000% a.a.";"1";"";"";"14/12/2025";"1,00";"";"";"";"RCVM160RO"
"Opea";"CRI 1ª Emissão nullª Série";"naotemaindaGoFMZ2";"naotemaindaGoFMZ02";"";"CDI + 9,0000% a.a.";"1";"";"";"14/12/2025";"1,00";"";"";"";"RCVM160RO"
"Opea";"CRI 1ª Emissão nullª Série";"naotemaindaGoFS1";"naotemaindaGoFSN1";"";"CDI + 4,0000% a.a.";"1";"";"";"14/12/2025";"1,00";"";"";"";"RCVM160RO"
"Opea";"CRI 1ª Emissão nullª Série";"naotemaindaGoFSB1";"naotemaindaGoFSB01";"";"100,0000% CDI";"1";"";"";"14/12/2025";"4.500,00";"";"";"";"RCVM160RO"
"Opea";"CRI 278ª Emissão 1ª Série";"24A1470431";"BRAPCSCRIMU3";"Ativa";"IPCA + 5,4500% a.a.";"278";"1";"";"14/01/2044";"89.545,00";"Direcional XIV";"";"";"RCVM160RA"
"Opea";"CRI 94ª Emissão 3ª Série";"24A1711223";"BRRBRACRIGD1";"Ativa";"IPCA + 11,2500% a.a.";"94";"3";"";"19/12/2032";"1.895,00";"Serra do Mel";"";"";"ICVM476"
"Opea";"CRI 215ª Emissão 1ª Série";"24A1301841";"BRRBRACRIK91";"Ativa";"IPCA + 10,0000% a.a.";"215";"1";"";"11/01/2036";"17.627,00";"Use Sol";"";"";"RCVM160RA"
"Opea";"CRI 267ª Emissão 3ª Série";"23L1605218";"BRAPCSCRIMA5";"Ativa";"IPCA + 9,0000% a.a.";"267";"3";"";"14/01/2036";"57.712.500,00";"MRV XXVIII";"";"";"RCVM160RA"
"Opea";"CRI 267ª Emissão 2ª Série";"23L1605235";"BRAPCSCRIM99";"Ativa";"IPCA + 9,0000% a.a.";"267";"2";"";"16/02/2031";"92.340.000,00";"MRV XXVIII";"";"";"RCVM160RA"
"Opea";"CRI 267ª Emissão 1ª Série";"23L1605236";"BRAPCSCRIM81";"Ativa";"IPCA + 10,0700% a.a.";"267";"1";"";"14/09/2034";"157.747.500,00";"MRV XXVIII";"";"";"RCVM160RA"
"Opea";"CRI 181ª Emissão 1ª Série";"23L2415875";"BRRBRACRILV3";"Ativa";"IPCA + 8,2500% a.a.";"181";"1";"";"03/01/2034";"216.000,00";"E-Tower BR";"";"";"RCVM160RA"
"Opea";"CRI 1ª Emissão 316ª Série";"20L0000001";"BRAPCSCRI8I9";"Ativa";"CDI + 6,0000% a.a.";"1";"316";"";"22/12/2026";"70.000,00";"Inter";"";"";"ICVM476"
"Opea";"CRI 274ª Emissão 1ª Série";"23L2047744";"BRAPCSCRIMJ6";"Ativa";"CDI + 5,0000% a.a.";"274";"1";"";"20/12/2027";"42.741,00";"Alfa Realty";"";"";"RCVM160RA"
"Opea";"CRI 1ª Emissão 522ª Série";"23L2052619";"BRRBRACRILR1";"Ativa";"IPCA + 7,3000% a.a.";"1";"522";"";"15/02/2052";"2.567,00";"Creditu";"";"";"RCVM160RA"
"Opea";"CRI 276ª Emissão 1ª Série";"23L2409740";"BRAPCSCRIMM0";"Ativa";"CDI + 7,7500% a.a.";"276";"1";"";"25/12/2028";"9.000,00";"Verticale";"";"";"RCVM160RA"
"Opea";"CRI 276ª Emissão 2ª Série";"23L2409752";"BRAPCSCRIMN8";"Ativa";"CDI + 5,0000% a.a.";"276";"2";"";"27/12/2026";"21.000,00";"Verticale";"";"";"RCVM160RA"
"Opea";"CRI 1ª Emissão 45ª Série";"14L0193106";"BRAPCSCRI168";"Resgatada";"CDI + 3,7500% a.a.";"1";"45";"";"22/06/2025";"50,00";"Seculus";"";"";"ICVM476"
"Opea";"CRI 224ª Emissão 1ª Série";"23L2412231";"BRRBRACRIL82";"Ativa";"CDI + 2,1000% a.a.";"224";"1";"";"05/01/2034";"120.000,00";"Bernoulli";"";"";"RCVM160RA"
"Opea";"CRI 224ª Emissão 2ª Série";"23L2412255";"BRRBRACRIL90";"Ativa";"CDI + 5,0000% a.a.";"224";"2";"";"05/01/2034";"120.000,00";"Bernoulli";"";"";"RCVM160RA"
"Opea";"CRI 179ª Emissão 2ª Série";"23L2510335";"BRRBRACRILX9";"Ativa";"IPCA + 13,0000% a.a.";"179";"2";"";"23/12/2038";"23.000,00";"Elleven";"";"";"RCVM160RA"
"Opea";"CRI 179ª Emissão 1ª Série";"23L2510336";"BRRBRACRILW1";"Ativa";"IPCA + 11,5000% a.a.";"179";"1";"";"23/12/2038";"37.000,00";"Elleven";"";"";"RCVM160RA"
"Opea";"CRI 234ª Emissão 1ª Série";"23L0016008";"BRRBRACRIKP7";"Ativa";"102,0000% CDI";"234";"1";"";"15/01/2034";"1.161.000,00";"LF Itaú T2";"";"";"RCVM160RA"
"Opea";"CRI 234ª Emissão 2ª Série";"23L0016009";"BRRBRACRIKQ5";"Ativa";"CDI + 0,2000% a.a.";"234";"2";"";"15/01/2034";"108.900,00";"LF Itaú T2";"";"";"RCVM160RA"
"Opea";"CRI 234ª Emissão 3ª Série";"23L0016205";"BRRBRACRIKR3";"Ativa";"10,6308% a.a.";"234";"3";"";"15/01/2034";"122.700,00";"LF Itaú T2";"";"";"RCVM160RA"
"Opea";"CRI 234ª Emissão 4ª Série";"23L0016211";"BRRBRACRIKS1";"Ativa";"IPCA + 5,4800% a.a.";"234";"4";"";"15/01/2034";"107.400,00";"LF Itaú T2";"";"";"RCVM160RA"
"Opea";"CRI 264ª Emissão 1ª Série";"23L1773220";"BRAPCSCRIME7";"Ativa";"CDI + 4,0000% a.a.";"264";"1";"";"14/12/2028";"170.500,00";"MRV XXVII  (Pró Soluto)";"";"";"RCVM160RA"
"Opea";"CRI 264ª Emissão 2ª Série";"23L1773236";"BRAPCSCRIMF4";"Ativa";"CDI + 4,0000% a.a.";"264";"2";"";"14/12/2028";"92.000,00";"MRV XXVII (Pró Soluto)";"";"";"RCVM160RA"
"Opea";"CRI 232ª Emissão 1ª Série";"23L2343460";"BRRBRACRILT7";"Ativa";"IPCA + 6,6823% a.a.";"232";"1";"";"06/11/2033";"93.816,00";"Espaço Y";"";"";"RCVM160RA"
"Opea";"CRI 76ª Emissão 1ª Série";"CRA02300R5T";"BRAPCSCRA2A7";"Ativa";"CDI + 4,5000% a.a.";"76";"1";"";"14/12/2028";"70.000,00";"Maestro";"";"";"RCVM160RA"
"Opea";"CRI 128ª Emissão 1ª Série";"CRA02300VSJ";"BRRBRACRA546";"Ativa";"CDI + 4,5000% a.a.";"128";"1";"";"29/12/2026";"10.000,00";"Oro Agri II";"";"";"RCVM160RA"
"Opea";"CRI 127ª Emissão 1ª Série";"CRA02300VSP";"BRRBRACRA561";"Ativa";"CDI + 4,5000% a.a.";"127";"1";"";"29/12/2026";"21.997,00";"Tradecorp II";"";"";"RCVM160RA"
"Opea";"CRI 5ª Emissão 1ª Série";"RBRA15";"BRRBRADBS0B6";"Quitada";"CDI + 1,0200% a.a.";"5";"1";"";"21/12/2025";"272.000,00";"Arco";"";"";"RCVM160RA"
"Opea";"CRI 5ª Emissão 2ª Série";"RBRA25";"BRRBRADBS0C4";"Quitada";"CDI + 4,5000% a.a.";"5";"2";"";"21/12/2025";"78.000,00";"Arco";"";"";"RCVM160RA"
"Opea";"CRI 124ª Emissão 1ª Série";"CRA02300TSB";"BRRBRACRA4R7";"Ativa";"105,0000% CDI";"124";"1";"";"14/12/2033";"734.100,00";"CRA BTG PACTUAL IV (ECTP)";"";"";"RCVM160RA"
"Opea";"CRI 124ª Emissão 2ª Série";"CRA02300TSC";"BRRBRACRA4S5";"Ativa";"CDI + 0,5000% a.a.";"124";"2";"";"14/12/2033";"67.200,00";"CRA BTG PACTUAL IV (ECTP)";"";"";"RCVM160RA"
"Opea";"CRI 124ª Emissão 3ª Série";"CRA02300TSD";"BRRBRACRA4T3";"Ativa";"IPCA + 6,0074% a.a.";"124";"3";"";"14/12/2033";"337.200,00";"CRA BTG PACTUAL IV (ECTP)";"";"";"RCVM160RA"
"Opea";"CRI 124ª Emissão 4ª Série";"CRA02300TSF";"BRRBRACRA4U1";"Ativa";"11,0180% a.a.";"124";"4";"";"14/12/2033";"361.500,00";"CRA BTG PACTUAL IV (ECTP)";"";"";"RCVM160RA"
"Opea";"CRI 122ª Emissão 1ª Série";"CRA02300VSO";"BRRBRACRA512";"Ativa";"CDI + 4,1000% a.a.";"122";"1";"";"16/12/2029";"60.000,00";"Pamplona";"";"";"RCVM160RA"
"Opea";"CRI 258ª Emissão 1ª Série";"23L0016647";"BRAPCSCRILK6";"Ativa";"IPCA + 9,0000% a.a.";"258";"1";"";"14/12/2027";"22.300,00";"Caprem";"";"";"RCVM160RA"
"Opea";"CRI 123ª Emissão 1ª Série";"CRA02300VSK";"BRRBRACRA520";"Quitada";"CDI + 1,9000% a.a.";"123";"1";"";"17/10/2025";"209.669,00";"ARAGUAIA";"";"";"RCVM160RA"
"Opea";"CRI 123ª Emissão 2ª Série";"CRA02300VSL";"BRRBRACRA538";"Quitada";"CDI + 1,9000% a.a.";"123";"2";"";"17/10/2025";"89.858,00";"ARAGUAIA";"";"";"RCVM160RA"
"Opea";"CRI 226ª Emissão 1ª Série";"23J1654998";"BRAPCSCRIKY9";"Ativa";"110,5000% CDI";"226";"1";"";"14/12/2027";"32.768,00";"MRV XXVI";"";"";"RCVM160RA"
"Opea";"CRI 226ª Emissão 2ª Série";"23J1655144";"BRAPCSCRIKZ6";"Ativa";"CDI + 1,2500% a.a.";"226";"2";"";"14/12/2028";"65.292,00";"MRV XXVI";"";"";"RCVM160RA"
"Opea";"CRI 226ª Emissão 3ª Série";"23K0022030";"BRAPCSCRILA7";"Ativa";"12,6000% a.a.";"226";"3";"";"14/12/2028";"239.088,00";"MRV";"";"";"RCVM160RA"
"Opea";"CRI 226ª Emissão 4ª Série";"23K0022037";"BRAPCSCRILB5";"Ativa";"IPCA + 6,6892% a.a.";"226";"4";"";"16/12/2029";"62.852,00";"MRV XXVI";"";"";"RCVM160RA"
"Opea";"CRI 249ª Emissão 1ª Série";"23K0344514";"BRAPCSCRIL74";"Ativa";"CDI + 0,5500% a.a.";"249";"1";"";"15/12/2030";"106.771,00";"ACHE";"";"";"RCVM160RA"
"Opea";"CRI 249ª Emissão 2ª Série";"23K0344580";"BRAPCSCRIL82";"Ativa";"10,5771% a.a.";"249";"2";"";"15/12/2030";"62.826,00";"ACHE";"";"";"RCVM160RA"
"Opea";"CRI 249ª Emissão 3ª Série";"23K0344581";"BRAPCSCRIL90";"Ativa";"IPCA + 6,0000% a.a.";"249";"3";"";"15/12/2030";"330.403,00";"ACHE";"";"";"RCVM160RA"
"Opea";"CRI 190ª Emissão 1ª Série";"23L0014001";"BRRBRACRIJD5";"Ativa";"11,5148% a.a.";"190";"1";"";"14/12/2033";"170.384,00";"Votorantim Cimentos";"";"";"RCVM160RA"
"Opea";"CRI 190ª Emissão 2ª Série";"23L0014005";"BRRBRACRIKN2";"Ativa";"IPCA + 6,3000% a.a.";"190";"2";"";"16/12/2035";"622.896,00";"Votorantim Cimentos";"";"";"RCVM160RA"
"Opea";"CRI 202ª Emissão 1ª Série";"23L0034761";"BRRBRACRIL33";"Ativa";"IPCA + 7,5702% a.a.";"202";"1";"";"14/12/2038";"320.000,00";"Faro";"";"";"RCVM160RA"
"Opea";"CRI 268ª Emissão 1ª Série";"23L1199584";"BRAPCSCRILW1";"Ativa";"IPCA + 8,5000% a.a.";"268";"1";"";"19/09/2032";"20.275,00";"Urba";"";"";"RCVM160RA"
"Opea";"CRI 268ª Emissão 2ª Série";"23L1199759";"BRAPCSCRILX9";"Ativa";"IPCA + 9,5000% a.a.";"268";"2";"";"19/04/2033";"20.275,00";"Urba";"";"";"RCVM160RA"
"Opea";"CRI 268ª Emissão 3ª Série";"23L1199761";"BRAPCSCRILY7";"Ativa";"IPCA + 10,5500% a.a.";"268";"3";"";"19/05/2033";"20.275,00";"Urba";"";"";"RCVM160RA"
"Opea";"CRI 268ª Emissão 4ª Série";"23L1200303";"BRAPCSCRILZ4";"Ativa";"IPCA + 8,0000% a.a.";"268";"4";"";"22/02/2039";"20.275,00";"Urba";"";"";"RCVM160RA"
"Opea";"CRI 245ª Emissão 1ª Série";"23L1737622";"BRRBRACRILB5";"Ativa";"IPCA + 6,6941% a.a.";"245";"1";"";"14/12/2033";"250.000,00";"REDE DOR XII";"";"";"RCVM160RA"
"Opea";"CRI 245ª Emissão 2ª Série";"23L1737623";"BRRBRACRILC3";"Ativa";"IPCA + 6,9527% a.a.";"245";"2";"";"14/12/2038";"500.000,00";"REDE DOR XII";"";"";"RCVM160RA"
"Opea";"CRI 236ª Emissão 1ª Série";"23L2043099";"BRRBRACRA4Y3";"Ativa";"CDI + 1,7000% a.a.";"236";"1";"";"14/12/2028";"51.250,00";"Unidas";"";"";"RCVM160RA"
"Opea";"CRI 236ª Emissão 2ª Série";"23L2043165";"BRRBRACRA4Z0";"Ativa";"12,5000% a.a.";"236";"2";"";"14/12/2028";"116.250,00";"Unidas";"";"";"RCVM160RA"
"Opea";"CRI 236ª Emissão 3ª Série";"23L2043184";"BRRBRACRA504";"Ativa";"IPCA + 7,5000% a.a.";"236";"3";"";"15/12/2030";"82.500,00";"Unidas";"";"";"RCVM160RA"
"Opea";"CRI 241ª Emissão 1ª Série";"23L2160618";"BRRBRACRILN0";"Ativa";"IPCA + 11,0000% a.a.";"241";"1";"";"14/12/2038";"15.422,00";"ITABIRA (ENERSIDE)";"";"";"RCVM160RA"
"Opea";"CRI 85ª Emissão 1ª Série";"CRA02300V0Q";"BRAPCSCRA2F6";"Ativa";"CDI + 4,0000% a.a.";"85";"1";"";"29/12/2026";"50.000,00";"Cedro";"";"";"RCVM160RA"
"Opea";"CRI 85ª Emissão 2ª Série";"CRA02300V0T";"BRAPCSCRA2G4";"Ativa";"CDI + 8,3300% a.a.";"85";"2";"";"27/12/2028";"35.000,00";"Cedro";"";"";"RCVM160RA"
"Opea";"CRI 85ª Emissão 3ª Série";"CRA02300V0U";"BRAPCSCRA2H2";"Ativa";"CDI + 8,3300% a.a.";"85";"3";"";"27/12/2028";"15.000,00";"Cedro";"";"";"RCVM160RA"
"Opea";"CRI 121ª Emissão 1ª Série";"CRA02300VBT";"BRRBRACRA4Y3";"Ativa";"CDI + 1,7000% a.a.";"121";"1";"";"14/12/2028";"51.250,00";"Unidas";"";"";"RCVM160RA"
"Opea";"CRI 121ª Emissão 2ª Série";"CRA02300VBU";"BRRBRACRA4Z0";"Ativa";"12,5000% a.a.";"121";"2";"";"14/12/2028";"116.250,00";"Unidas";"";"";"RCVM160RA"
"Opea";"CRI 121ª Emissão 3ª Série";"CRA02300VHE";"BRRBRACRA504";"Ativa";"IPCA + 7,5000% a.a.";"121";"3";"";"15/12/2030";"82.500,00";"Unidas";"";"";"RCVM160RA"
"Opea";"CRI 200ª Emissão 1ª Série";"23L1279637";"BRRBRACRIK67";"Ativa";"IPCA + 9,5000% a.a.";"200";"1";"";"14/12/2033";"160.000,00";"FGR";"";"";"RCVM160RA"
"Opea";"CRI 201ª Emissão 1ª Série";"23L1952070";"BRRBRACRILM2";"Ativa";"CDI + 20,4127% a.a.";"201";"1";"";"13/12/2027";"73.203,00";"JFE";"";"";"RCVM160RA"
"Opea";"CRI 238ª Emissão 1ª Série";"23L1737583";"BRAPCSCRIMB3";"Ativa";"CDI + 4,3000% a.a.";"238";"1";"";"06/12/2028";"41.000,00";"Uniao - Lafaete";"";"";"RCVM160RA"
"Opea";"CRI 260ª Emissão 3ª Série";"23L0109145";"BRAPCSCRILT7";"Ativa";"IPCA + 11,0000% a.a.";"260";"3";"";"14/01/2027";"21.028.653,00";"Tecnisa XI";"";"";"RCVM160RA"
"Opea";"CRI 127ª Emissão 3ª Série";"23L1802298";"BRAPCSCRIMD9";"Ativa";"IPCA + 9,0000% a.a.";"127";"3";"";"09/09/2036";"20.360,00";"Crizao Mauá";"";"";"ICVM476"
"Opea";"CRI 185ª Emissão 1ª Série";"23L1437877";"BRAPCSCRIM24";"Ativa";"IPCA + 8,3000% a.a.";"185";"1";"";"13/12/2038";"55.000,00";"Telmec";"";"";"RCVM160RA"
"Opea";"CRI 233ª Emissão 1ª Série";"23L1537715";"BRRBRACRILD1";"Ativa";"IPCA + 7,8900% a.a.";"233";"1";"";"25/12/2033";"12.267,00";"CJ Shops";"";"";"RCVM160RA"
"Opea";"CRI 152ª Emissão 3ª Série";"23L1953232";"BRAPCSCRIMG2";"Ativa";"CDI + 5,0000% a.a.";"152";"3";"";"03/04/2035";"32.000,00";"PKK";"";"";"RCVM160RA"
"Opea";"CRI 102ª Emissão 2ª Série";"CRA02300UPM";"BRRBRACRA4W7";"Ativa";"CDI + 2,0000% a.a.";"102";"2";"";"02/09/2030";"25.000,00";"Genesis Agro";"";"";"RCVM160RA"
"Opea";"CRI 258ª Emissão 2ª Série";"23L0016646";"BRAPCSCRILL4";"Ativa";"IPCA + 11,0000% a.a.";"258";"2";"";"14/12/2028";"22.200,00";"Caprem";"";"";"RCVM160RA"
"Opea";"CRI 260ª Emissão 5ª Série";"23L0109067";"BRAPCSCRILV3";"Ativa";"IPCA + 11,0000% a.a.";"260";"5";"";"16/05/2027";"34.027.230,00";"Tecnisa XI";"";"";"RCVM160RA"
"Opea";"CRI 260ª Emissão 4ª Série";"23L0109144";"BRAPCSCRILU5";"Ativa";"IPCA + 11,0000% a.a.";"260";"4";"";"14/03/2027";"18.233.871,00";"Tecnisa XI";"";"";"RCVM160RA"
"Opea";"CRI 260ª Emissão 2ª Série";"23L0109146";"BRAPCSCRILS9";"Ativa";"IPCA + 14,0000% a.a.";"260";"2";"";"14/03/2027";"19.907.897,00";"Tecnisa XI";"";"";"RCVM160RA"
"Opea";"CRI 260ª Emissão 1ª Série";"23L0109147";"BRAPCSCRILR1";"Ativa";"IPCA + 14,0000% a.a.";"260";"1";"";"14/01/2027";"24.367.958,00";"Tecnisa XI";"";"";"RCVM160RA"
"Opea";"CRI 185ª Emissão 1ª Série";"23L1349378";"BRRBRACRIL41";"Ativa";"CDI + 7,5000% a.a.";"185";"1";"";"22/11/2026";"30.000,00";"Arqos";"";"";"RCVM160RA"
"Opea";"CRI 133ª Emissão 2ª Série";"23L1357500";"BRRBRACRILA7";"Resgatada";"CDI + 5,5000% a.a.";"133";"2";"";"24/07/2025";"12.000,00";"Aria-Supera";"";"";"RCVM160RA"
"Opea";"CRI 230ª Emissão 1ª Série";"23L1276199";"BRRBRACRIL66";"Ativa";"IPCA + 10,0000% a.a.";"230";"1";"";"14/12/2039";"22.244,00";"Newsun";"";"";"RCVM160RA"
"Opea";"CRI 230ª Emissão 2ª Série";"23L1276227";"BRRBRACRIL74";"Ativa";"IPCA + 19,0500% a.a.";"230";"2";"";"14/12/2039";"10.956,00";"Newsun";"";"";"RCVM160RA"
"Opea";"CRI 244ª Emissão 1ª Série";"23J2272828";"BRAPCSCRILQ3";"Ativa";"IPCA + 10,5000% a.a.";"244";"1";"";"27/12/2026";"26.015,00";"PHV";"";"";"RCVM160RA"
"Opea";"CRI 119ª Emissão 2ª Série";"CRA02300TMS";"BRRBRACRA4N6";"Ativa";"CDI + 5,0000% a.a.";"119";"2";"";"12/12/2028";"30.000,00";"Sul combustíveis";"";"";"RCVM160RA"
"Opea";"CRI 240ª Emissão 1ª Série";"23J2266232";"BRAPCSCRILJ8";"Ativa";"CDI + 2,5500% a.a.";"240";"1";"";"28/11/2028";"200.000,00";"Even";"";"";"RCVM160RA"
"Opea";"CRI 223ª Emissão 1ª Série";"23K2348010";"BRRBRACRIKU7";"Ativa";"IPCA + 10,5000% a.a.";"223";"1";"";"25/11/2029";"140.766,00";"Lote 5";"";"";"RCVM160RA"
"Opea";"CRI 68ª Emissão 1ª Série";"CRA02300RXL";"BRAPCSCRA2E9";"Ativa";"CDI + 5,0000% a.a.";"68";"1";"";"15/11/2028";"70.000,00";"Pesa";"";"";"RCVM160RA"
"Opea";"CRI 235ª Emissão 1ª Série";"23J0019401";"BRAPCSCRIKA9";"Ativa";"CDI + 5,8000% a.a.";"235";"1";"";"12/05/2027";"30.000,00";"Emoçoes";"";"";"RCVM160RA"
"Opea";"CRI 228ª Emissão 1ª Série";"23K2261105";"BRRBRACRIKV5";"Ativa";"CDI + 3,5000% a.a.";"228";"1";"";"28/11/2027";"12.736,00";"Patriani III";"";"";"RCVM160RA"
"Opea";"CRI 228ª Emissão 3ª Série";"23K2261339";"BRRBRACRIKX1";"Ativa";"CDI + 5,0000% a.a.";"228";"3";"";"28/11/2027";"85.000,00";"Patriani III";"";"";"RCVM160RA"
"Opea";"CRI 228ª Emissão 4ª Série";"23K2262998";"BRRBRACRIKY9";"Ativa";"CDI + 3,5000% a.a.";"228";"4";"";"28/11/2027";"12.249,00";"Patriani III";"";"";"RCVM160RA"
"Opea";"CRI 228ª Emissão 6ª Série";"23K2263743";"BRRBRACRIL09";"Ativa";"CDI + 5,0000% a.a.";"228";"6";"";"28/11/2027";"26.000,00";"Patriani III";"";"";"RCVM160RA"
"Opea";"CRI 1ª Emissão 106ª Série";"17I0181659";"BRAPCECRI028";"Ativa";"IPCA + 6,5917% a.a.";"1";"106";"";"19/10/2032";"116.819,00";"Pirelli";"";"";"ICVM476"
"Opea";"CRI 140ª Emissão 1ª Série";"23J1135495";"BRAPCSCRIKM4";"Ativa";"IPCA + 12,6800% a.a.";"140";"1";"";"14/04/2027";"3.500,00";"WJL";"";"";"RCVM160RA"
"Opea";"CRI 239ª Emissão 1ª Série";"23K1507975";"BRAPCSCRILH2";"Ativa";"CDI + 4,5000% a.a.";"239";"1";"";"19/11/2026";"40.000,00";"Lote 5";"";"";"RCVM160RA"
"Opea";"CRI 213ª Emissão 1ª Série";"23K1775589";"BRAPCSCRILI0";"Ativa";"IPCA + 10,5000% a.a.";"213";"1";"";"14/04/2038";"19.750,00";"Solargrid II";"";"";"RCVM160RA"
"Opea";"CRI 242ª Emissão 2ª Série";"23K0022041";"BRAPCSCRILD1";"Ativa";"12,5000% a.a.";"242";"2";"";"15/11/2028";"357.599,00";"Cogna";"";"";"RCVM160RA"
"Opea";"CRI 242ª Emissão 3ª Série";"23K0022043";"BRAPCSCRILE9";"Ativa";"IPCA + 6,9165% a.a.";"242";"3";"";"17/11/2030";"50.942,00";"Cogna";"";"";"RCVM160RA"
"Opea";"CRI 114ª Emissão 1ª Série";"CRA02300Q8I";"BRRBRACRA4P1";"Ativa";"CDI + 1,9500% a.a.";"114";"1";"";"16/05/2029";"150.000,00";"Capal";"";"";"RCVM160RA"
"Opea";"CRI 241ª Emissão 3ª Série";"23J2160761";"BRAPCSCRIL66";"Ativa";"11,8000% a.a.";"241";"3";"";"15/11/2028";"63.303,00";"Direcional XII";"";"";"RCVM160RA"
"Opea";"CRI 241ª Emissão 1ª Série";"23K0018401";"BRAPCSCRIKV5";"Ativa";"CDI + 0,7000% a.a.";"241";"1";"";"15/11/2028";"74.638,00";"Direcional XII";"";"";"RCVM160RA"
"Opea";"CRI 241ª Emissão 2ª Série";"23K0019201";"BRAPCSCRIKW3";"Ativa";"106,5000% CDI";"241";"2";"";"15/11/2028";"112.059,00";"Direcional XII";"";"";"RCVM160RA"
"Opea";"CRI 211ª Emissão 1ª Série";"23K1775123";"BRRBRACRIKE1";"Ativa";"IPCA + 6,6079% a.a.";"211";"1";"";"15/11/2033";"196.000,00";"EPSA";"";"";"RCVM160RA"
"Opea";"CRI 117ª Emissão 1ª Série";"CRA02300RMN";"BRRBRACRA4L0";"Ativa";"122,0000% CDI";"117";"1";"";"28/11/2028";"115.000,00";"Indemil";"";"";"RCVM160RA"
"Opea";"CRI 117ª Emissão 2ª Série";"CRA02300RS4";"BRRBRACRA4O4";"Ativa";"101,2500% CDI";"117";"2";"";"28/11/2033";"115.000,00";"Indemil";"";"";"Privada"
"Opea";"CRI 247ª Emissão 1ª Série";"23K1507871";"BRAPCSCRILG4";"Ativa";"CDI + 5,0000% a.a.";"247";"1";"";"07/11/2038";"20.000,00";"Planova III";"";"";"RCVM160RA"
"Opea";"CRI 206ª Emissão 1ª Série";"23K1697617";"BRRBRACRIKO0";"Ativa";"CDI + 5,5000% a.a.";"206";"1";"";"27/10/2026";"30.000,00";"Tarjab IV";"";"";"RCVM160RA"
"Opea";"CRI 110ª Emissão 1ª Série";"CRA02300R09";"BRRBRACRA4I6";"Ativa";"CDI + 4,8000% a.a.";"110";"1";"";"15/11/2029";"51.500,00";"Clemente";"";"";"RCVM160RA"
"Opea";"CRI 218ª Emissão 1ª Série";"CRA02300NRL";"BRRBRACRA470";"Ativa";"107,0000% CDI";"218";"1";"";"15/11/2033";"656.700,00";"BTG Pactual III (ECTP)";"";"";"RCVM160RA"
"Opea";"CRI 218ª Emissão 2ª Série";"CRA02300NRM";"BRRBRACRA488";"Ativa";"CDI + 0,8000% a.a.";"218";"2";"";"15/11/2033";"149.100,00";"BTG Pactual III (ECTP)";"";"";"RCVM160RA"
"Opea";"CRI 218ª Emissão 3ª Série";"CRA02300NX7";"BRRBRACRA496";"Ativa";"IPCA + 6,7566% a.a.";"218";"3";"";"15/11/2033";"346.200,00";"BTG Pactual III (ECTP)";"";"";"RCVM160RA"
"Opea";"CRI 218ª Emissão 4ª Série";"CRA02300NX8";"BRRBRACRA4A3";"Ativa";"12,5660% a.a.";"218";"4";"";"15/11/2033";"848.100,00";"BTG Pactual III (ECTP)";"";"";"RCVM160RA"
"Opea";"CRI 189ª Emissão 2ª Série";"23G0006601";"BRAPCSCRIIP1";"Ativa";"IPCA + 9,5000% a.a.";"189";"2";"";"14/06/2033";"41.000,00";"Habitat";"";"";"RCVM160RA"
"Opea";"CRI 233ª Emissão 1ª Série";"23J2157659";"BRAPCSCRIL58";"Ativa";"CDI + 5,0000% a.a.";"233";"1";"";"22/03/2029";"15.620,00";"Habitram";"";"";"RCVM160RA"
"Opea";"CRI 192ª Emissão 1ª Série";"23K0133015";"BRRBRACRIJV7";"Ativa";"CDI + 2,1000% a.a.";"192";"1";"";"19/11/2028";"50.000,00";"Calcenter";"";"";"RCVM160RA"
"Opea";"CRI 192ª Emissão 2ª Série";"23K0133128";"BRRBRACRIJW5";"Ativa";"CDI + 2,1100% a.a.";"192";"2";"";"19/11/2028";"50.000,00";"Calcenter";"";"";"RCVM160RA"
"Opea";"CRI 198ª Emissão 1ª Série";"23K0237238";"BRRBRACRIKK8";"Ativa";"CDI + 6,0000% a.a.";"198";"1";"";"21/05/2028";"30.000,00";"Habiarte Soho";"";"";"RCVM160RA"
"Opea";"CRI 198ª Emissão 2ª Série";"23K0237298";"BRRBRACRIKL6";"Ativa";"IPCA + 11,4000% a.a.";"198";"2";"";"20/11/2035";"12.000,00";"Habiarte Soho";"";"";"RCVM160RA"
"Opea";"CRI 243ª Emissão 1ª Série";"23J1450748";"BRAPCSCRIKS1";"Ativa";"IPCA + 9,7000% a.a.";"243";"1";"";"13/10/2038";"65.000,00";"IBL";"";"";"RCVM160RA"
"Opea";"CRI 1ª Emissão 521ª Série";"23J1831763";"BRRBRACRIK83";"Ativa";"IPCA + 7,3000% a.a.";"1";"521";"";"15/02/2052";"2.803,00";"Creditu";"";"";"RCVM160RA"
"Opea";"CRI 28ª Emissão 2ª Série";"23J2231398";"BRRBRACRIKJ0";"Ativa";"IPCA + 9,3500% a.a.";"28";"2";"";"22/10/2034";"32.331,00";"H2 Energy";"";"";"RCVM160RA"
"Opea";"CRI 214ª Emissão 1ª Série";"23J2238807";"BRRBRACRIKG6";"Ativa";"IPCA + 8,0000% a.a.";"214";"1";"";"19/12/2039";"81.000,00";"JFL V";"";"";"RCVM160RA"
"Opea";"CRI 220ª Emissão 1ª Série";"23J2233201";"BRRBRACRIK75";"Quitada";"CDI + 2,8000% a.a.";"220";"1";"";"05/01/2026";"31.545,00";"Emergent Cold";"";"";"RCVM160RA"
"Opea";"CRI 210ª Emissão 1ª Série";"23J2077851";"BRRBRACRIK34";"Ativa";"CDI + 1,0000% a.a.";"210";"1";"";"07/06/2027";"94.000,00";"Bresco";"";"";"RCVM160RA"
"Opea";"CRI 74ª Emissão 1ª Série";"CRA02300LWZ";"BRAPCSCRA231";"Ativa";"CDI + 2,5000% a.a.";"74";"1";"";"17/10/2029";"150.000,00";"HOHL";"";"";"RCVM160RA"
"Opea";"CRI 74ª Emissão 2ª Série";"CRA02300M2H";"BRAPCSCRA249";"Ativa";"CDI + 4,0000% a.a.";"74";"2";"";"17/10/2033";"50.000,00";"HOHL";"";"";"RCVM160RA"
"Opea";"CRI 17ª Emissão 3ª Série";"23J1646537";"BRAPCSCRIKX1";"Ativa";"IPCA + 13,0000% a.a.";"17";"3";"";"24/04/2028";"40.000.000,00";"Bluecap";"";"";"RCVM160RA"
"Opea";"CRI 1ª Emissão 545ª Série";"23J2162618";"BRRBRACRIKI2";"Ativa";"IPCA + 9,5000% a.a.";"1";"545";"";"24/06/2040";"173.580,00";"Matarazzo Retail III";"";"";"RCVM160RA"
"Opea";"CRI 112ª Emissão 1ª Série";"CRA02300O2P";"BRRBRACRA4G0";"Ativa";"CDI + 4,5000% a.a.";"112";"1";"";"23/10/2033";"50.000,00";"Ruiz Caffe Suno";"";"";"RCVM160RA"
"Opea";"CRI 211ª Emissão 1ª Série";"23J0162156";"BRAPCSCRIKH4";"Ativa";"IPCA + 14,0000% a.a.";"211";"1";"";"14/10/2027";"20.500,00";"Visconde";"";"";"RCVM160RA"
"Opea";"CRI 211ª Emissão 2ª Série";"23J0162216";"BRAPCSCRIKI2";"Ativa";"IPCA + 14,0000% a.a.";"211";"2";"";"14/10/2027";"3.000,00";"Visconde";"";"";"RCVM160RA"
"Opea";"CRI 222ª Emissão 1ª Série";"23J1042731";"BRAPCSCRIKK8";"Ativa";"CDI + 5,5000% a.a.";"222";"1";"";"25/07/2027";"60.000,00";"Ultra Cheese";"";"";"RCVM160RA"
"Opea";"CRI 212ª Emissão 2ª Série";"23J1829122";"BRRBRACRIKC5";"Ativa";"IPCA + 7,0000% a.a.";"212";"2";"";"09/08/2035";"95.700,00";"Diálogo VI";"";"";"RCVM160RA"
"Opea";"CRI 212ª Emissão 1ª Série";"23J1829727";"BRRBRACRIKB7";"Ativa";"IPCA + 7,0000% a.a.";"212";"1";"";"09/03/2032";"63.800,00";"Diálogo VI";"";"";"RCVM160RA"
"Opea";"CRI 217ª Emissão 1ª Série";"23J1952372";"BRRBRACRIKF8";"Ativa";"CDI + 5,0000% a.a.";"217";"1";"";"21/10/2027";"40.000,00";"Pernambuco";"";"";"RCVM160RA"
"Opea";"CRI 57ª Emissão 2ª Série";"22H1575011";"BRAPCSCRIEP0";"Ativa";"IPCA + 11,0000% a.a.";"57";"2";"";"15/08/2032";"30.000,00";"Cemara";"";"";"ICVM476"
"Opea";"CRI 234ª Emissão 1ª Série";"23J1142107";"BRAPCSCRIKL6";"Ativa";"IPCA + 11,0272% a.a.";"234";"1";"";"26/12/2038";"28.000,00";"GS Souto IV";"";"";"RCVM160RA"
"Opea";"CRI 208ª Emissão 1ª Série";"23J1759477";"BRRBRACRIKD3";"Ativa";"IPCA + 10,5000% a.a.";"208";"1";"";"25/12/2036";"58.300,00";"Genial Solar";"";"";"RCVM160RA"
"Opea";"CRI 72ª Emissão 1ª Série";"CRA02300O8I";"BRAPCSCRA256";"Ativa";"CDI + 3,5000% a.a.";"72";"1";"";"30/10/2029";"150.000,00";"JB Etanol";"";"";"RCVM160RA"
"Opea";"CRI 113ª Emissão 1ª Série";"CRA02300KOH";"BRRBRACRA4B1";"Ativa";"CDI + 5,5000% a.a.";"113";"1";"";"16/10/2028";"88.934,00";"Solinftec";"";"";"RCVM160RA"
"Opea";"CRI 113ª Emissão 2ª Série";"CRA02300KU1";"BRRBRACRA4C9";"Ativa";"IPCA + 11,6971% a.a.";"113";"2";"";"16/10/2028";"50.725,00";"Solinftec";"";"";"RCVM160RA"
"Opea";"CRI 225ª Emissão 1ª Série";"23J0019001";"BRAPCSCRIK75";"Ativa";"CDI + 5,5000% a.a.";"225";"1";"";"23/10/2028";"60.000,00";"VIC";"";"";"RCVM160RA"
"Opea";"CRI 212ª Emissão 1ª Série";"23J0021415";"BRAPCSCRIKB7";"Ativa";"IPCA + 9,8000% a.a.";"212";"1";"";"25/10/2026";"17.211,00";"Terra Mundi";"";"";"RCVM160RA"
"Opea";"CRI 232ª Emissão 1ª Série";"23J0138429";"BRAPCSCRIKD3";"Ativa";"CDI + 1,3000% a.a.";"232";"1";"";"15/10/2028";"217.594,00";"Oncoclinicas II";"";"";"RCVM160RA"
"Opea";"CRI 232ª Emissão 2ª Série";"23J0138430";"BRAPCSCRIKE1";"Ativa";"IPCA + 7,1768% a.a.";"232";"2";"";"14/10/2030";"98.257,00";"Oncoclinicas II";"";"";"RCVM160RA"
"Opea";"CRI 232ª Emissão 3ª Série";"23J0138431";"BRAPCSCRIKF8";"Ativa";"12,6001% a.a.";"232";"3";"";"14/10/2030";"601.762,00";"Oncoclinicas II";"";"";"RCVM160RA"
"Opea";"CRI 232ª Emissão 4ª Série";"23J0138439";"BRAPCSCRIKG6";"Ativa";"IPCA + 7,4342% a.a.";"232";"4";"";"16/10/2033";"82.387,00";"Oncoclinicas II";"";"";"RCVM160RA"
"Opea";"CRI 189ª Emissão 1ª Série";"23J0019601";"BRRBRACRIJG8";"Ativa";"CDI + 0,5500% a.a.";"189";"1";"";"15/10/2028";"177.072,00";"Iguatemi";"";"";"RCVM160RA"
"Opea";"CRI 189ª Emissão 2ª Série";"23J0019602";"BRRBRACRIJH6";"Ativa";"105,0000% CDI";"189";"2";"";"15/10/2028";"243.526,00";"Iguatemi";"";"";"RCVM160RA"
"Opea";"CRI 189ª Emissão 3ª Série";"23J0019603";"BRRBRACRIJI4";"Ativa";"CDI + 0,6000% a.a.";"189";"3";"";"14/10/2030";"24.380,00";"Iguatemi";"";"";"RCVM160RA"
"Opea";"CRI 189ª Emissão 4ª Série";"23J0019604";"BRRBRACRIJJ2";"Ativa";"106,0000% CDI";"189";"4";"";"14/10/2030";"55.022,00";"Iguatemi";"";"";"RCVM160RA"
"Opea";"CRI 193ª Emissão 1ª Série";"23J1127308";"BRRBRACRIJM6";"Ativa";"CDI + 1,4500% a.a.";"193";"1";"";"15/10/2028";"159.866,00";"Movida II";"";"";"RCVM160RA"
"Opea";"CRI 193ª Emissão 2ª Série";"23J1127328";"BRRBRACRIJN4";"Ativa";"IPCA + 7,5602% a.a.";"193";"2";"";"14/10/2030";"85.389,00";"Movida II";"";"";"RCVM160RA"
"Opea";"CRI 193ª Emissão 3ª Série";"23J1127331";"BRRBRACRIJO2";"Ativa";"IPCA + 7,7279% a.a.";"193";"3";"";"16/10/2033";"96.720,00";"Movida II";"";"";"RCVM160RA"
"Opea";"CRI 197ª Emissão 1ª Série";"23J1141681";"BRRBRACRIJZ8";"Ativa";"11,3487% a.a.";"197";"1";"";"15/10/2028";"280.431,00";"Yduqs";"";"";"RCVM160RA"
"Opea";"CRI 197ª Emissão 2ª Série";"23J1142031";"BRRBRACRIK00";"Ativa";"CDI + 0,9000% a.a.";"197";"2";"";"15/10/2028";"314.202,00";"Yduqs";"";"";"RCVM160RA"
"Opea";"CRI 197ª Emissão 3ª Série";"23J1142506";"BRRBRACRIK18";"Ativa";"IPCA + 6,3584% a.a.";"197";"3";"";"14/10/2030";"105.367,00";"Yduqs";"";"";"RCVM160RA"
"Opea";"CRI 193ª Emissão 4ª Série";"23J1428588";"BRRBRACRIK59";"Ativa";"13,2030% a.a.";"193";"4";"";"14/10/2030";"358.025,00";"Movida II";"";"";"RCVM160RA"
"Opea";"CRI 140ª Emissão 2ª Série";"23J1135548";"BRAPCSCRIKN2";"Ativa";"IPCA + 12,6800% a.a.";"140";"2";"";"14/04/2027";"3.000,00";"WJL";"";"";"RCVM160RA"
"Opea";"CRI 140ª Emissão 3ª Série";"23J1135553";"BRAPCSCRIKO0";"Ativa";"IPCA + 12,6800% a.a.";"140";"3";"";"14/04/2027";"2.500,00";"WJL";"";"";"RCVM160RA"
"Opea";"CRI 140ª Emissão 4ª Série";"23J1135558";"BRAPCSCRIKP7";"Ativa";"IPCA + 12,6800% a.a.";"140";"4";"";"14/04/2027";"2.500,00";"WJL";"";"";"RCVM160RA"
"Opea";"CRI 115ª Emissão 1ª Série";"CRA02300NGK";"BRRBRACRA4F2";"Ativa";"CDI + 4,0000% a.a.";"115";"1";"";"29/05/2028";"42.143,00";"ABBA";"";"";"RCVM160RA"
"Opea";"CRI 243ª Emissão 3ª Série";"23J1450937";"BRAPCSCRIKU7";"Ativa";"IPCA + 10,7000% a.a.";"243";"3";"";"14/10/2043";"10.000,00";"IBL";"";"";"RCVM160RA"
"Opea";"CRI 219ª Emissão 1ª Série";"23I1698252";"BRAPCSCRIK26";"Ativa";"0,0000% CDI";"219";"1";"";"16/09/2027";"25.000,00";"Patriani";"";"";"RCVM160RA"
"Opea";"CRI 71ª Emissão 1ª Série";"CRA02300KZL";"BRAPCSCRA215";"Ativa";"CDI + 2,5000% a.a.";"71";"1";"";"14/10/2029";"100.000,00";"Flora";"";"";"RCVM160RA"
"Opea";"CRI 223ª Emissão 1ª Série";"23I1230816";"BRAPCSCRIJR5";"Ativa";"IPCA + 8,2500% a.a.";"223";"1";"";"16/03/2031";"45.430,00";"MRV XXIV (FLEX)";"";"";"RCVM160RA"
"Opea";"CRI 223ª Emissão 2ª Série";"23I1230828";"BRAPCSCRIJS3";"Ativa";"IPCA + 10,0000% a.a.";"223";"2";"";"16/10/2033";"32.450,00";"MRV XXIV (FLEX)";"";"";"RCVM160RA"
"Opea";"CRI 223ª Emissão 3ª Série";"23I1230915";"BRAPCSCRIJT1";"Ativa";"IPCA + 11,2500% a.a.";"223";"3";"";"15/11/2035";"40.120,00";"MRV XXIV (FLEX)";"";"";"RCVM160RA"
"Opea";"CRI 214ª Emissão 2ª Série";"23I1554111";"BRAPCSCRIJZ8";"Ativa";"IPCA + 9,1100% a.a.";"214";"2";"";"27/09/2029";"77.000,00";"MRV XXIII (Pró-Soluto)";"";"";"RCVM160RA"
"Opea";"CRI 210ª Emissão 2ª Série";"23I1740443";"BRAPCSCRIK42";"Ativa";"CDI + 4,2000% a.a.";"210";"2";"";"14/09/2027";"38.000,00";"Yuny";"";"";"RCVM160RA"
"Opea";"CRI 290ª Emissão 1ª Série";"23I1931202";"BRRBRACRIJR5";"Ativa";"IPCA + 8,5000% a.a.";"290";"1";"";"26/04/2033";"10.387,00";"Urba III";"";"";"RCVM160RA"
"Opea";"CRI 290ª Emissão 3ª Série";"23I1931217";"BRRBRACRIJT1";"Ativa";"IPCA + 10,5500% a.a.";"290";"3";"";"30/07/2034";"10.387,00";"Urba III";"";"";"RCVM160RA"
"Opea";"CRI 290ª Emissão 2ª Série";"23I1932138";"BRRBRACRIJS3";"Ativa";"IPCA + 9,5000% a.a.";"290";"2";"";"28/05/2034";"10.389,00";"Urba III";"";"";"RCVM160RA"
"Opea";"CRI 290ª Emissão 4ª Série";"23I1932666";"BRRBRACRIJU9";"Ativa";"IPCA + 8,0000% a.a.";"290";"4";"";"27/02/2039";"10.387,00";"Urba III";"";"";"RCVM160RA"
"Opea";"CRI 108ª Emissão 1ª Série";"CRA02300M81";"BRRBRACRA3X7";"Resgatada";"CDI + 5,0000% a.a.";"108";"1";"";"28/05/2026";"50.000,00";"Bahia Etanol";"";"";"RCVM160RA"
"Opea";"CRI 214ª Emissão 1ª Série";"23I1554068";"BRAPCSCRIJY1";"Ativa";"CDI + 3,5000% a.a.";"214";"1";"";"27/09/2029";"77.000,00";"MRV XXIII (Pró-Soluto)";"";"";"RCVM160RA"
"Opea";"CRI 224ª Emissão 1ª Série";"23I1554258";"BRAPCSCRIK00";"Ativa";"CDI + 1,5200% a.a.";"224";"1";"";"27/09/2029";"40.825,00";"MRV XXV (Pró-Soluto)";"";"";"RCVM160RA"
"Opea";"CRI 224ª Emissão 2ª Série";"23I1554281";"BRAPCSCRIK18";"Ativa";"CDI + 4,1600% a.a.";"224";"2";"";"27/09/2029";"122.475,00";"MRV XXV (Pró-Soluto)";"";"";"RCVM160RA"
"Opea";"CRI 173ª Emissão 1ª Série";"23H2516003";"BRAPCSCRIJQ7";"Ativa";"IPCA + 11,0000% a.a.";"173";"1";"";"14/09/2037";"95.000,00";"Platao Energia II";"";"";"RCVM160RA"
"Opea";"CRI 174ª Emissão 1ª Série";"23I1696564";"BRRBRACRIJP9";"Ativa";"IPCA + 7,5000% a.a.";"174";"1";"";"23/09/2035";"102.672,00";"JFL Rebouças II";"";"";"RCVM160RA"
"Opea";"CRI 177ª Emissão 1ª Série";"23I0013002";"BRRBRACRIJ52";"Ativa";"CDI + 1,5000% a.a.";"177";"1";"";"18/07/2027";"662.858,00";"Equity BR12";"";"";"RCVM160RO"
"Opea";"CRI 177ª Emissão 3ª Série";"23I0013004";"BRRBRACRIJ78";"Ativa";"CDI + 1,8000% a.a.";"177";"3";"";"18/07/2027";"500.000,00";"Equity BR12";"";"";"RCVM160RO"
"Opea";"CRI 205ª Emissão 1ª Série";"23I1740395";"BRRBRACRIJY1";"Ativa";"CDI + 2,2500% a.a.";"205";"1";"";"26/09/2027";"120.000,00";"NK";"";"";"RCVM160RA"
"Opea";"CRI 1ª Emissão 224ª Série";"19I0165427";"BRAPCSCRI5W6";"Ativa";"IGPM + 10,0000% a.a.";"1";"224";"";"15/09/2039";"34.000,00";"Química Amparo";"";"";"ICVM476"
"Opea";"CRI 4ª Emissão 1ª Série";"RBRA14";"BRRBRADBS094";"Resgatada";"CDI + 2,5500% a.a.";"4";"1";"";"17/09/2025";"72.000,00";"Navi";"";"";"RCVM160RA"
"Opea";"CRI 4ª Emissão 2ª Série";"RBRA24";"BRRBRADBS0A8";"Resgatada";"CDI + 5,5000% a.a.";"4";"2";"";"17/09/2025";"36.000,00";"Navi";"";"";"RCVM160RA"
"Opea";"CRI 208ª Emissão 2ª Série";"23H1188857";"BRAPCSCRIJJ2";"Ativa";"CDI + 0,6500% a.a.";"208";"2";"";"14/09/2027";"150.000,00";"Raia Drogasil";"";"";"RCVM160RA"
"Opea";"CRI 208ª Emissão 3ª Série";"23H1191899";"BRAPCSCRIJK0";"Ativa";"CDI + 1,1000% a.a.";"208";"3";"";"15/09/2030";"200.000,00";"Raia Drogasil";"";"";"RCVM160RA"
"Opea";"CRI 206ª Emissão 1ª Série";"23H2516001";"BRAPCSCRIJN4";"Ativa";"IPCA + 8,0000% a.a.";"206";"1";"";"18/08/2041";"117.215,00";"Airplane";"";"";"RCVM160RA"
"Opea";"CRI 206ª Emissão 2ª Série";"23H2516002";"BRAPCSCRIJO2";"Ativa";"IPCA + 8,0000% a.a.";"206";"2";"";"18/08/2041";"117.215,00";"Airplane";"";"";"RCVM160RA"
"Opea";"CRI 187ª Emissão 1ª Série";"23I1211962";"BRRBRACRIJ03";"Ativa";"CDI + 1,2500% a.a.";"187";"1";"";"14/09/2028";"67.357,00";"JSL";"";"";"RCVM160RA"
"Opea";"CRI 187ª Emissão 2ª Série";"23I1257218";"BRRBRACRIJ11";"Ativa";"CDI + 1,5000% a.a.";"187";"2";"";"14/09/2030";"72.481,00";"JSL";"";"";"RCVM160RA"
"Opea";"CRI 187ª Emissão 4ª Série";"23I1259644";"BRRBRACRIJ37";"Ativa";"12,5337% a.a.";"187";"4";"";"14/09/2030";"381.186,00";"JSL";"";"";"RCVM160RA"
"Opea";"CRI 187ª Emissão 3ª Série";"23I1260682";"BRRBRACRIJ29";"Ativa";"IPCA + 6,7045% a.a.";"187";"3";"";"14/09/2030";"186.132,00";"JSL";"";"";"RCVM160RA"
"Opea";"CRI 71ª Emissão 4ª Série";"23I1554112";"BRAPCSCRIJX3";"Ativa";"IPCA + 7,3000% a.a.";"71";"4";"";"14/09/2032";"3.500,00";"Crizao RBR";"";"";"ICVM476"
"Opea";"CRI 178ª Emissão 1ª Série";"23I1565009";"BRRBRACRIJ86";"Ativa";"CDI + 3,5000% a.a.";"178";"1";"";"21/09/2028";"25.000,00";"Leonora";"";"";"RCVM160RA"
"Opea";"CRI 178ª Emissão 3ª Série";"23I1566442";"BRRBRACRIJA1";"Ativa";"CDI + 3,5000% a.a.";"178";"3";"";"21/09/2028";"18.000,00";"Leonora";"";"";"RCVM160RA"
"Opea";"CRI 208ª Emissão 1ª Série";"23H1186528";"BRAPCSCRIJI4";"Quitada";"CDI + 0,3000% a.a.";"208";"1";"";"14/09/2025";"350.000,00";"Raia Drogasil";"";"";"RCVM160RA"
"Opea";"CRI 179ª Emissão 1ª Série";"23H1023846";"BRAPCSCRIJH6";"Ativa";"CDI + 2,0000% a.a.";"179";"1";"";"13/08/2031";"90.000,00";"BR Properties";"";"";"RCVM160RA"
"Opea";"CRI 7ª Emissão 1ª Série";"14F0679871";"BRGAIACRI2N7";"Ativa";"IPCA + 0,0000% a.a.";"7";"1";"";"19/06/2033";"140,00";"REZEK";"";"";"ICVM476"
"Opea";"CRI 101ª Emissão 1ª Série";"CRA02300K2A";"BRRBRACRA439";"Ativa";"CDI + 5,0000% a.a.";"101";"1";"";"18/09/2029";"40.000,00";"Leitissimo";"";"";"RCVM160RA"
"Opea";"CRI 163ª Emissão 1ª Série";"23I1270600";"BRRBRACRIJK0";"Ativa";"CDI + 3,5000% a.a.";"163";"1";"";"17/09/2030";"135.000,00";"Comporte";"";"";"RCVM160RA"
"Opea";"CRI 113ª Emissão 1ª Série";"23I0015801";"BRAPCSCRIJP9";"Ativa";"IPCA + 7,9000% a.a.";"113";"1";"";"16/09/2043";"64.757,00";"JDF";"";"";"RCVM160RA"
"Opea";"CRI 106ª Emissão 1ª Série";"CRA02300HWH";"BRRBRACRA3Q1";"Ativa";"109,0000% CDI";"106";"1";"";"14/09/2033";"709.800,00";"BTG Pactual II (ECTP)";"";"";"RCVM160RA"
"Opea";"CRI 106ª Emissão 2ª Série";"CRA02300HWI";"BRRBRACRA3R9";"Ativa";"CDI + 1,0000% a.a.";"106";"2";"";"14/09/2033";"405.900,00";"BTG Pactual II (ECTP)";"";"";"RCVM160RA"
"Opea";"CRI 106ª Emissão 3ª Série";"CRA02300HWJ";"BRRBRACRA3S7";"Ativa";"IPCA + 6,3179% a.a.";"106";"3";"";"14/09/2033";"701.700,00";"BTG Pactual II (ECTP)";"";"";"RCVM160RA"
"Opea";"CRI 106ª Emissão 4ª Série";"CRA02300HWK";"BRRBRACRA3T5";"Ativa";"11,9640% a.a.";"106";"4";"";"14/09/2033";"1.682.700,00";"BTG Pactual II (ECTP)";"";"";"RCVM160RA"
"Opea";"CRI 137ª Emissão 1ª Série";"22K1802248";"BRAPCSCRIGZ4";"Ativa";"CDI + 4,9000% a.a.";"137";"1";"";"31/08/2028";"300.000,00";"Cibra";"";"";"RCVM160RA"
"Opea";"CRI 173ª Emissão 1ª Série";"23G1697232";"BRRBRACRIIQ9";"Ativa";"98,0000% CDI";"173";"1";"";"14/02/2027";"609.600,00";"Bradesco";"";"";"RCVM160RA"
"Opea";"CRI 173ª Emissão 2ª Série";"23G1697526";"BRRBRACRIIR7";"Ativa";"99,0000% CDI";"173";"2";"";"14/08/2028";"256.200,00";"Bradesco";"";"";"RCVM160RA"
"Opea";"CRI 173ª Emissão 4ª Série";"23G1697671";"BRRBRACRIIT3";"Ativa";"IPCA + 5,0756% a.a.";"173";"4";"";"14/08/2030";"529.700,00";"Bradesco";"";"";"RCVM160RA"
"Opea";"CRI 173ª Emissão 3ª Série";"23G1700403";"BRRBRACRIIS5";"Ativa";"100,0000% CDI";"173";"3";"";"14/08/2030";"404.500,00";"Bradesco";"";"";"RCVM160RA"
"Opea";"CRI 186ª Emissão 1ª Série";"23H0190135";"BRAPCSCRIJF0";"Ativa";"IPCA + 6,2200% a.a.";"186";"1";"";"13/08/2028";"650.000,00";"Barzel";"";"";"RCVM160RA"
"Opea";"CRI 186ª Emissão 2ª Série";"23H0190188";"BRAPCSCRIJG8";"Ativa";"IPCA + 8,8500% a.a.";"186";"2";"";"12/07/2043";"460.000,00";"Barzel";"";"";"RCVM160RA"
"Opea";"CRI 54ª Emissão 1ª Série";"23H2512601";"BRRBRACRIJE3";"Resgatada";"CDI + 5,0000% a.a.";"54";"1";"";"17/02/2026";"7.000,00";"Bioma Fradique";"";"";"RCVM160RA"
"Opea";"CRI 205ª Emissão 1ª Série";"23H1607023";"BRAPCSCRIJM6";"Ativa";"IPCA + 10,7000% a.a.";"205";"1";"";"24/07/2029";"62.445.178,00";"Diadema";"";"";"RCVM160RA"
"Opea";"CRI 97ª Emissão 1ª Série";"CRA02300ID5";"BRRBRACRA3V1";"Ativa";"CDI + 4,7500% a.a.";"97";"1";"";"16/08/2028";"25.000,00";"Leal";"";"";"RCVM160RA"
"Opea";"CRI 177ª Emissão 2ª Série";"23I0013201";"BRRBRACRIJ60";"Ativa";"IPCA + 6,7881% a.a.";"177";"2";"";"18/07/2027";"108.174,00";"Equity BR12";"";"";"RCVM160RO"
"Opea";"CRI 193ª Emissão 1ª Série";"23H1487992";"BRAPCSCRIJL8";"Ativa";"IPCA + 13,0000% a.a.";"193";"1";"";"24/01/2027";"29.100,00";"Vila Art";"";"";"RCVM160RA"
"Opea";"CRI 183ª Emissão 1ª Série";"23H1370159";"BRRBRACRIJC7";"Resgatada";"IPCA + 10,5000% a.a.";"183";"1";"";"20/07/2025";"40.000,00";"WTorre";"";"";"RCVM160RA"
"Opea";"CRI 176ª Emissão 1ª Série";"23H0027402";"BRRBRACRIIN6";"Ativa";"CDI + 1,0000% a.a.";"176";"1";"";"14/08/2028";"429.340,00";"Rede Dor XI";"";"";"RCVM160RA"
"Opea";"CRI 176ª Emissão 2ª Série";"23H0027403";"BRRBRACRIIO4";"Ativa";"IPCA + 6,2000% a.a.";"176";"2";"";"14/08/2030";"557.457,00";"Rede Dor XI";"";"";"RCVM160RA"
"Opea";"CRI 176ª Emissão 3ª Série";"23H0027404";"BRRBRACRIIP1";"Ativa";"IPCA + 6,5500% a.a.";"176";"3";"";"14/08/2033";"524.038,00";"Rede Dor XI";"";"";"RCVM160RA"
"Opea";"CRI 171ª Emissão 1ª Série";"23H1317741";"BRRBRACRIJ45";"Ativa";"IPCA + 9,0000% a.a.";"171";"1";"";"05/08/2035";"107.494,00";"Origo II";"";"";"RCVM160RA"
"Opea";"CRI 119ª Emissão 1ª Série";"23H1250138";"BRRBRACRIH88";"Ativa";"CDI + 2,5000% a.a.";"119";"1";"";"23/03/2028";"215.904,00";"O Parque";"";"";"RCVM160RA"
"Opea";"CRI 94ª Emissão 2ª Série";"23H1152062";"BRRBRACRIGC3";"Ativa";"IPCA + 11,2500% a.a.";"94";"2";"";"19/12/2032";"1.655,00";"Serra do Mel";"";"";"ICVM476"
"Opea";"CRI 66ª Emissão 1ª Série";"CRA02300I7L";"BRRBRACRA3U3";"Ativa";"CDI + 5,0000% a.a.";"66";"1";"";"08/08/2027";"70,00";"Frialto";"";"";"RCVM160RA"
"Opea";"CRI 188ª Emissão 1ª Série";"23G0008401";"BRAPCSCRIIY3";"Ativa";"103,0000% CDI";"188";"1";"";"27/07/2028";"150.000,00";"Banco Pan";"";"";"RCVM160RA"
"Opea";"CRI 155ª Emissão 1ª Série";"23G0009601";"BRRBRACRA3H0";"Ativa";"CDI + 1,3000% a.a.";"155";"1";"";"26/07/2028";"250.000,00";"Dimed";"";"";"RCVM160RA"
"Opea";"CRI 187ª Emissão 1ª Série";"23G1987539";"BRAPCSCRIJA1";"Ativa";"IPCA + 10,0000% a.a.";"187";"1";"";"24/07/2028";"70.000,00";"Paes Gregori";"";"";"RCVM160RA"
"Opea";"CRI 162ª Emissão 1ª Série";"23G2239867";"BRRBRACRIIZ0";"Ativa";"IPCA + 9,0000% a.a.";"162";"1";"";"11/07/2038";"75.000,00";"OPI";"";"";"RCVM160RA"
"Opea";"CRI 195ª Emissão 1ª Série";"23F2910406";"BRAPCSCRIJ94";"Ativa";"IPCA + 11,0000% a.a.";"195";"1";"";"18/06/2034";"17.610,00";"Luni";"";"";"RCVM160RA"
"Opea";"CRI 192ª Emissão 1ª Série";"23F2454937";"BRAPCSCRIIR7";"Ativa";"CDI + 1,0000% a.a.";"192";"1";"";"14/07/2026";"145.721,00";"Assai";"";"";"RCVM160RA"
"Opea";"CRI 192ª Emissão 3ª Série";"23F2455020";"BRAPCSCRIIT3";"Ativa";"CDI + 1,1500% a.a.";"192";"3";"";"14/07/2028";"46.622,00";"Assai";"";"";"RCVM160RA"
"Opea";"CRI 164ª Emissão 1ª Série";"23G1446053";"BRAPCSCRIJ52";"Ativa";"IPCA + 9,0600% a.a.";"164";"1";"";"09/07/2035";"35.000,00";"Apil";"";"";"RCVM160RA"
"Opea";"CRI 164ª Emissão 2ª Série";"23G1446061";"BRAPCSCRIJ60";"Ativa";"CDI + 4,5000% a.a.";"164";"2";"";"09/07/2035";"35.000,00";"Apil";"";"";"RCVM160RA"
"Opea";"CRI 145ª Emissão 1ª Série";"23G1987362";"BRRBRACRIIX5";"Ativa";"CDI + 4,2000% a.a.";"145";"1";"";"25/01/2028";"21.300,00";"Alumbra";"";"";"RCVM160RA"
"Opea";"CRI 145ª Emissão 2ª Série";"23G1988495";"BRRBRACRIIY3";"Ativa";"CDI + 4,0000% a.a.";"145";"2";"";"25/01/2028";"21.400,00";"Alumbra";"";"";"RCVM160RA"
"Opea";"CRI 183ª Emissão 1ª Série";"23F2910405";"BRAPCSCRIJ86";"Ativa";"CDI + 3,0000% a.a.";"183";"1";"";"19/07/2026";"43.000,00";"RNI IV";"";"";"RCVM160RA"
"Opea";"CRI 1ª Emissão 520ª Série";"23G1676017";"BRRBRACRIIW7";"Ativa";"IPCA + 7,3000% a.a.";"1";"520";"";"15/02/2052";"3.000,00";"Creditu";"";"";"ICVM476"
"Opea";"CRI 192ª Emissão 2ª Série";"23F2455004";"BRAPCSCRIIS5";"Ativa";"11,7500% a.a.";"192";"2";"";"14/07/2027";"878.503,00";"Assai";"";"";"RCVM160RA"
"Opea";"CRI 170ª Emissão 1ª Série";"23G1696052";"BRRBRACRIIV9";"Ativa";"CDI + 5,5000% a.a.";"170";"1";"";"30/05/2034";"50.000,00";"Status II (Boungainville)";"";"";"RCVM160RA"
"Opea";"CRI 147ª Emissão 1ª Série";"23G1511349";"BRRBRACRIIU1";"Ativa";"IPCA + 7,5000% a.a.";"147";"1";"";"12/03/2029";"38.400,00";"Cumbica";"";"";"RCVM160RA"
"Opea";"CRI 65ª Emissão 1ª Série";"CRA02300CT6";"BRAPCSCRA1T9";"Ativa";"11,7200% a.a.";"65";"1";"";"14/07/2026";"300.000,00";"Klabin III";"";"";"RCVM160RA"
"Opea";"CRI 149ª Emissão 1ª Série";"23G1278734";"BRRBRACRIIM8";"Ativa";"IPCA + 10,0000% a.a.";"149";"1";"";"21/06/2034";"19.000,00";"Creral";"";"";"ICVM476"
"Opea";"CRI 189ª Emissão 1ª Série";"23G0006401";"BRAPCSCRIIO4";"Ativa";"IPCA + 10,0000% a.a.";"189";"1";"";"14/06/2033";"70.000,00";"Habitat";"";"";"RCVM160RA"
"Opea";"CRI 96ª Emissão 1ª Série";"CRA02300FFL";"BRRBRACRA3K4";"Ativa";"CDI + 5,0000% a.a.";"96";"1";"";"20/08/2028";"50.862,00";"AIZ";"";"";"RCVM160RA"
"Opea";"CRI 161ª Emissão 1ª Série";"23G1149789";"BRRBRACRIIK2";"Ativa";"IPCA + 12,0000% a.a.";"161";"1";"";"25/06/2029";"119.000,00";"GR Group";"";"";"RCVM160RA"
"Opea";"CRI 161ª Emissão 2ª Série";"23G1149794";"BRRBRACRIIL0";"Ativa";"IPCA + 15,3000% a.a.";"161";"2";"";"25/06/2029";"51.000,00";"GR Group";"";"";"RCVM160RA"
"Opea";"CRI 161ª Emissão 1ª Série";"23C2831402";"BRAPCSCRII04";"Ativa";"IPCA + 8,5000% a.a.";"161";"1";"";"14/08/2029";"48.600,00";"MRV XX (Flex)";"";"";"RCVM160RA"
"Opea";"CRI 161ª Emissão 2ª Série";"23C2831403";"BRAPCSCRII12";"Ativa";"IPCA + 9,5000% a.a.";"161";"2";"";"16/10/2033";"32.400,00";"MRV XX (Flex)";"";"";"RCVM160RA"
"Opea";"CRI 161ª Emissão 3ª Série";"23F1508169";"BRAPCSCRA1V5";"Ativa";"IPCA + 12,4000% a.a.";"161";"3";"";"14/08/2035";"81.000,00";"MRV XX (Flex)";"";"";"RCVM160RA"
"Opea";"CRI 166ª Emissão 1ª Série";"23F2367721";"BRRBRACRII20";"Ativa";"IPCA + 10,5000% a.a.";"166";"1";"";"29/09/2031";"48.188,00";"Urba II";"";"";"RCVM160RA"
"Opea";"CRI 166ª Emissão 2ª Série";"23F2368406";"BRRBRACRII38";"Ativa";"IPCA + 10,5000% a.a.";"166";"2";"";"29/06/2038";"12.047,00";"Urba II";"";"";"RCVM160RA"
"Opea";"CRI 92ª Emissão 1ª Série";"CRA02300CYQ";"BRRBRACRA3C1";"Ativa";"109,0000% CDI";"92";"1";"";"14/07/2033";"1.025.100,00";"BTG Pactual (ECTP)";"";"";"RCVM160RA"
"Opea";"CRI 92ª Emissão 2ª Série";"CRA02300CYR";"BRRBRACRA3D9";"Ativa";"CDI + 1,0000% a.a.";"92";"2";"";"14/07/2033";"324.000,00";"BTG Pactual (ECTP)";"";"";"RCVM160RA"
"Opea";"CRI 92ª Emissão 3ª Série";"CRA02300CYS";"BRRBRACRA3E7";"Ativa";"IPCA + 6,4338% a.a.";"92";"3";"";"14/07/2033";"1.336.200,00";"BTG Pactual (ECTP)";"";"";"RCVM160RA"
"Opea";"CRI 92ª Emissão 4ª Série";"CRA02300CYT";"BRRBRACRA3F4";"Ativa";"11,7860% a.a.";"92";"4";"";"14/07/2033";"814.800,00";"BTG Pactual (ECTP)";"";"";"RCVM160RA"
"Opea";"CRI 178ª Emissão 1ª Série";"23F1240696";"BRAPCSCRIIK2";"Ativa";"CDI + 3,5000% a.a.";"178";"1";"";"14/06/2029";"204.915,00";"MRV XXI (Pró Soluto)";"";"";"RCVM160RA"
"Opea";"CRI 178ª Emissão 2ª Série";"23F1241290";"BRAPCSCRIIL0";"Ativa";"IPCA + 9,8750% a.a.";"178";"2";"";"14/06/2029";"90.085,00";"MRV XXI (Pró Soluto)";"";"";"RCVM160RA"
"Opea";"CRI 199ª Emissão 1ª Série";"23F1763644";"BRAPCSCRIIQ9";"Ativa";"IPCA + 7,0000% a.a.";"199";"1";"";"28/06/2026";"51.000,00";"Direcional XI";"";"";"ICVM476"
"Opea";"CRI 172ª Emissão 1ª Série";"23F2433792";"BRRBRACRII46";"Ativa";"IPCA + 6,6600% a.a.";"172";"1";"";"13/07/2038";"51.697,00";"GPA V";"";"";"RCVM160RA"
"Opea";"CRI 181ª Emissão 1ª Série";"23F2472075";"BRAPCSCRIIZ0";"Ativa";"IPCA + 10,0000% a.a.";"181";"1";"";"14/10/2026";"13.160,00";"Tribeca";"";"";"ICVM476"
"Opea";"CRI 181ª Emissão 2ª Série";"23F2474864";"BRAPCSCRIJ03";"Ativa";"IPCA + 10,0000% a.a.";"181";"2";"";"14/10/2026";"5.370,00";"Tribeca";"";"";"ICVM476"
"Opea";"CRI 181ª Emissão 3ª Série";"23F2474865";"BRAPCSCRIJ11";"Ativa";"IPCA + 10,0000% a.a.";"181";"3";"";"14/10/2026";"5.470,00";"Tribeca";"";"";"ICVM476"
"Opea";"CRI 181ª Emissão 4ª Série";"23F2474866";"BRAPCSCRIJ29";"Ativa";"IPCA + 10,0000% a.a.";"181";"4";"";"14/10/2026";"3.800,00";"Tribeca";"";"";"ICVM476"
"Opea";"CRI 167ª Emissão 1ª Série";"23F0012002";"BRAPCSCRII95";"Ativa";"CDI + 1,7000% a.a.";"167";"1";"";"25/06/2028";"250.000,00";"Log II";"";"";"ICVM476"
"Opea";"CRI 196ª Emissão 1ª Série";"23F2354249";"BRAPCSCRIIU1";"Ativa";"IPCA + 8,0000% a.a.";"196";"1";"";"26/06/2033";"53.750,00";"Hedge II";"";"";"RCVM160RA"
"Opea";"CRI 174ª Emissão 1ª Série";"23F2356215";"BRAPCSCRIIX5";"Ativa";"IPCA + 8,0000% a.a.";"174";"1";"";"26/06/2033";"53.750,00";"Hedge I";"";"";"RCVM160RA"
"Opea";"CRI 197ª Emissão 1ª Série";"23F2356518";"BRAPCSCRIIW7";"Ativa";"CDI + 2,4000% a.a.";"197";"1";"";"26/06/2033";"53.750,00";"Hedge III";"";"";"RCVM160RA"
"Opea";"CRI 198ª Emissão 1ª Série";"23F2356527";"BRAPCSCRIIV9";"Ativa";"CDI + 2,4000% a.a.";"198";"1";"";"26/06/2033";"53.750,00";"Hedge IV";"";"";"RCVM160RA"
"Opea";"CRI 120ª Emissão 1ª Série";"23F0012602";"BRRBRACRIGU5";"Ativa";"CDI + 3,5000% a.a.";"120";"1";"";"21/06/2028";"250.000,00";"Nissei";"";"";"RCVM160RA"
"Opea";"CRI 168ª Emissão 1ª Série";"23F2426912";"BRRBRACRIIH8";"Ativa";"IPCA + 7,2500% a.a.";"168";"1";"";"24/06/2038";"58.068,00";"GPA VII (SLB)";"";"";"RCVM160RA"
"Opea";"CRI 168ª Emissão 2ª Série";"23F2427206";"BRRBRACRIII6";"Ativa";"IPCA + 7,2500% a.a.";"168";"2";"";"24/06/2043";"54.237,00";"GPA VII (SLB)";"";"";"RCVM160RA"
"Opea";"CRI 167ª Emissão 1ª Série";"23F2423591";"BRRBRACRIIB1";"Ativa";"IPCA + 6,8000% a.a.";"167";"1";"";"24/06/2041";"84.913,00";"GPA VI (SLB)";"";"";"RCVM160RA"
"Opea";"CRI 167ª Emissão 2ª Série";"23F2427179";"BRRBRACRIIC9";"Ativa";"IPCA + 8,7121% a.a.";"167";"2";"";"24/06/2043";"21.558,00";"GPA VI (SLB)";"";"";"RCVM160RA"
"Opea";"CRI 142ª Emissão 1ª Série";"23F0013404";"BRRBRACRIHC1";"Ativa";"98,0000% CDI";"142";"1";"";"20/06/2027";"658.600,00";"LF Itaú";"";"";"RCVM160RA"
"Opea";"CRI 142ª Emissão 2ª Série";"23F0013602";"BRRBRACRIHD9";"Ativa";"99,0000% CDI";"142";"2";"";"19/06/2029";"341.400,00";"LF Itaú";"";"";"RCVM160RA"
"Opea";"CRI 146ª Emissão 1ª Série";"23F2335074";"BRRBRACRII95";"Ativa";"CDI + 2,5000% a.a.";"146";"1";"";"17/06/2038";"86.670,00";"Cidade Jardim";"";"";"RCVM160RA"
"Opea";"CRI 146ª Emissão 2ª Série";"23F2354336";"BRRBRACRIIA3";"Ativa";"IPCA + 7,9900% a.a.";"146";"2";"";"17/06/2038";"43.330,00";"Cidade Jardim";"";"";"RCVM160RA"
"Opea";"CRI 176ª Emissão 2ª Série";"23E2052240";"BRAPCSCRIIF2";"Ativa";"CDI + 2,7000% a.a.";"176";"2";"";"24/06/2035";"65.000,00";"XPLOG";"";"";"RCVM160RA"
"Opea";"CRI 139ª Emissão 1ª Série";"23F0046476";"BRRBRACRIHB3";"Ativa";"IPCA + 11,0000% a.a.";"139";"1";"";"14/06/2037";"144.000,00";"AXS IV";"";"";"RCVM160RA"
"Opea";"CRI 159ª Emissão 1ª Série";"23F1513923";"BRRBRACRIHR9";"Ativa";"CDI + 1,3000% a.a.";"159";"1";"";"14/06/2026";"163.116,00";"Movida";"";"";"RCVM160RA"
"Opea";"CRI 159ª Emissão 2ª Série";"23F1514014";"BRRBRACRIHS7";"Ativa";"CDI + 1,5000% a.a.";"159";"2";"";"15/06/2028";"53.795,00";"Movida";"";"";"RCVM160RA"
"Opea";"CRI 159ª Emissão 3ª Série";"23F1519397";"BRRBRACRIHT5";"Ativa";"IPCA + 7,0000% a.a.";"159";"3";"";"15/06/2028";"362.100,00";"Movida";"";"";"RCVM160RA"
"Opea";"CRI 164ª Emissão 1ª Série";"23F1799558";"BRRBRACRII79";"Ativa";"IPCA + 9,0000% a.a.";"164";"1";"";"18/06/2029";"80.000,00";"Perplan";"";"";"RCVM160RA"
"Opea";"CRI 164ª Emissão 2ª Série";"23F1802981";"BRRBRACRII87";"Ativa";"IPCA + 10,0000% a.a.";"164";"2";"";"18/06/2029";"20.000,00";"Perplan";"";"";"RCVM160RA"
"Opea";"CRI 176ª Emissão 1ª Série";"23E2052239";"BRAPCSCRIIE5";"Resgatada";"CDI + 2,5000% a.a.";"176";"1";"";"24/06/2025";"35.000,00";"XPLOG";"";"";"RCVM160RA"
"Opea";"CRI 160ª Emissão 1ª Série";"23F1413046";"BRRBRACRIHZ2";"Ativa";"CDI + 2,0000% a.a.";"160";"1";"";"14/06/2027";"50.000,00";"Deltasul";"";"";"RCVM160RA"
"Opea";"CRI 160ª Emissão 2ª Série";"23F1413077";"BRRBRACRII04";"Ativa";"CDI + 2,5000% a.a.";"160";"2";"";"14/07/2027";"75.000,00";"Deltasul";"";"";"RCVM160RA"
"Opea";"CRI 166ª Emissão 4ª Série";"23E2470810";"BRAPCSCRIIJ4";"Ativa";"Prefixado Juros Composto";"166";"4";"";"14/06/2026";"";"Verticale";"";"";"RCVM160RA"
"Opea";"CRI 171ª Emissão 1ª Série";"23F0009002";"BRAPCSCRIHX7";"Ativa";"CDI + 2,3000% a.a.";"171";"1";"";"11/06/2026";"130.000,00";"Kallas";"";"";"RCVM160RA"
"Opea";"CRI 156ª Emissão 1ª Série";"23F1568486";"BRRBRACRII53";"Ativa";"IPCA + 9,5000% a.a.";"156";"1";"";"23/06/2026";"59.290,00";"DOM Medical";"";"";"RCVM160RA"
"Opea";"CRI 177ª Emissão 1ª Série";"23F0012402";"BRAPCSCRIIA3";"Ativa";"102,0000% CDI";"177";"1";"";"10/06/2026";"62.000,00";"Votorantim";"";"";"RCVM160RA"
"Opea";"CRI 177ª Emissão 2ª Série";"23F0012403";"BRAPCSCRIIB1";"Ativa";"105,0000% CDI";"177";"2";"";"12/06/2028";"21.000,00";"Votorantim";"";"";"RCVM160RA"
"Opea";"CRI 65ª Emissão 3ª Série";"23F1447606";"BRRBRACRII61";"Ativa";"IPCA + 7,9500% a.a.";"65";"3";"";"05/09/2032";"25.000,00";"Zavit";"";"";"RCVM160RA"
"Opea";"CRI 151ª Emissão 1ª Série";"23F1242736";"BRRBRACRII12";"Ativa";"IPCA + 13,5000% a.a.";"151";"1";"";"23/06/2030";"7.000,00";"BRK II";"";"";"RCVM160RA"
"Opea";"CRI 76ª Emissão 1ª Série";"CRA02300CNN";"BRRBRACRA3G2";"Ativa";"CDI + 5,0000% a.a.";"76";"1";"";"21/03/2028";"100.000,00";"Bevap";"";"";"RCVM160RA"
"Opea";"CRI 150ª Emissão 1ª Série";"23E1781398";"BRAPCSCRIIC9";"Ativa";"CDI + 6,0000% a.a.";"150";"1";"";"08/12/2026";"60.000,00";"OAD";"";"";"RCVM160RA"
"Opea";"CRI 1ª Emissão 542ª Série";"23E1930252";"BRRBRACRIHW9";"Ativa";"IPCA + 8,0000% a.a.";"1";"542";"";"14/03/2038";"10.894,00";"Cassi";"";"";"RCVM160RA"
"Opea";"CRI 1ª Emissão 519ª Série";"23E1687402";"BRRBRACRIHV1";"Ativa";"IPCA + 7,3000% a.a.";"1";"519";"";"15/02/2052";"2.979,00";"Creditu";"";"";"ICVM476"
"Opea";"CRI 157ª Emissão 1ª Série";"23E1820194";"BRRBRACRIHU3";"Ativa";"IPCA + 9,8894% a.a.";"157";"1";"";"14/05/2037";"40.000,00";"Projeto Energia (Aurora)";"";"";"RCVM160RA"
"Opea";"CRI 85ª Emissão 1ª Série";"CRA023006MX";"BRRBRACRA389";"Ativa";"CDI + 6,0000% a.a.";"85";"1";"";"28/05/2028";"35.000,00";"Geneslab";"";"";"RCVM160RA"
"Opea";"CRI 165ª Emissão 1ª Série";"23D1833637";"BRAPCSCRIHP3";"Ativa";"IPCA + 10,5750% a.a.";"165";"1";"";"24/02/2038";"50.000.000,00";"Galleria III";"";"";"RCVM160RA"
"Opea";"CRI 165ª Emissão 2ª Série";"23D1833639";"BRAPCSCRIHQ1";"Ativa";"IPCA + 14,7176% a.a.";"165";"2";"";"24/02/2038";"4.705.882,00";"Galleria III";"";"";"RCVM160RA"
"Opea";"CRI 165ª Emissão 3ª Série";"23D1833641";"BRAPCSCRIHR9";"Ativa";"14,7176% a.a.";"165";"3";"";"24/11/2042";"4.000,00";"Galleria III";"";"";"RCVM160RA"
"Opea";"CRI 123ª Emissão 1ª Série";"23E1079713";"BRAPCSCRIHS7";"Ativa";"IPCA + 12,6800% a.a.";"123";"1";"";"19/04/2027";"18.000,00";"LBraga";"";"";"RCVM160RA"
"Opea";"CRI 123ª Emissão 2ª Série";"23E1079719";"BRAPCSCRIHT5";"Ativa";"IPCA + 12,6800% a.a.";"123";"2";"";"19/04/2027";"7.000,00";"LBraga";"";"";"RCVM160RA"
"Opea";"CRI 123ª Emissão 3ª Série";"23E1081237";"BRAPCSCRIHU3";"Ativa";"IPCA + 12,6800% a.a.";"123";"3";"";"19/04/2027";"7.000,00";"LBraga";"";"";"RCVM160RA"
"Opea";"CRI 123ª Emissão 4ª Série";"23E1081252";"BRAPCSCRIHV1";"Ativa";"IPCA + 12,6800% a.a.";"123";"4";"";"19/04/2027";"5.000,00";"LBraga";"";"";"RCVM160RA"
"Opea";"CRI 123ª Emissão 5ª Série";"23E1081256";"BRAPCSCRIHW9";"Ativa";"IPCA + 12,6800% a.a.";"123";"5";"";"19/04/2027";"5.000,00";"LBraga";"";"";"RCVM160RA"
"Opea";"CRI 87ª Emissão 1ª Série";"CRA023007VD";"BRRBRACRA355";"Ativa";"101,0000% CDI";"87";"1";"";"04/07/2028";"1.734.783,00";"BTG Commodities II";"";"";"RCVM160RA"
"Opea";"CRI 87ª Emissão 2ª Série";"CRA023007VE";"BRRBRACRA363";"Ativa";"12,0575% a.a.";"87";"2";"";"04/07/2029";"265.217,00";"BTG Commodities II";"";"";"RCVM160RA"
"Opea";"CRI 158ª Emissão 1ª Série";"23E1152492";"BRRBRACRIHN8";"Ativa";"IPCA + 5,9000% a.a.";"158";"1";"";"28/12/2028";"40.000,00";"BTG Log Mauá II";"";"";"RCVM160RA"
"Opea";"CRI 156ª Emissão 1ª Série";"23C2831601";"BRAPCSCRIHN8";"Ativa";"CDI + 3,5000% a.a.";"156";"1";"";"23/04/2030";"39.000,00";"Teriva";"";"";"ICVM476"
"Opea";"CRI 136ª Emissão 1ª Série";"23D1515316";"BRRBRACRIHF4";"Ativa";"IPCA + 7,8444% a.a.";"136";"1";"";"05/04/2042";"160.749,00";"CSN";"";"";"RCVM160RA"
"Opea";"CRI 81ª Emissão 1ª Série";"CRA023009EX";"BRRBRACRA371";"Ativa";"CDI + 4,0000% a.a.";"81";"1";"";"27/04/2028";"55.000,00";"Cepêra";"";"";"ICVM476"
"Opea";"CRI 153ª Emissão 1ª Série";"23D1695011";"BRRBRACRIHJ6";"Ativa";"CDI + 3,5000% a.a.";"153";"1";"";"25/04/2027";"19.454,00";"Patriani II";"";"";"ICVM476"
"Opea";"CRI 153ª Emissão 3ª Série";"23D1695269";"BRRBRACRIHL2";"Ativa";"CDI + 3,5000% a.a.";"153";"3";"";"25/04/2027";"17.854,00";"Patriani II";"";"";"ICVM476"
"Opea";"CRI 153ª Emissão 2ª Série";"23D1695281";"BRRBRACRIHK4";"Ativa";"CDI + 5,0000% a.a.";"153";"2";"";"25/04/2027";"60.000,00";"Patriani II";"";"";"ICVM476"
"Opea";"CRI 153ª Emissão 4ª Série";"23D1695285";"BRRBRACRIHM0";"Ativa";"CDI + 5,0000% a.a.";"153";"4";"";"25/04/2027";"44.000,00";"Patriani II";"";"";"ICVM476"
"Opea";"CRI 138ª Emissão 1ª Série";"23C1232565";"BRRBRACRIHI8";"Quitada";"CDI + 1,5000% a.a.";"138";"1";"";"16/04/2026";"30.000,00";"EBM Cyrela";"";"";"ICVM476"
"Opea";"CRI 105ª Emissão 1ª Série";"23B2365601";"BRAPCSCRIH62";"Ativa";"IPCA + 12,6825% a.a.";"105";"1";"";"16/04/2028";"18.000,00";"Sante";"";"";"RCVM160RA"
"Opea";"CRI 155ª Emissão 2ª Série";"23D0888626";"BRAPCSCRIHE7";"Ativa";"IPCA + 7,8529% a.a.";"155";"2";"";"14/09/2027";"132.343,00";"CashMe";"";"";"ICVM476"
"Opea";"CRI 155ª Emissão 3ª Série";"23D0894030";"BRAPCSCRIHF4";"Ativa";"IPCA + 8,9000% a.a.";"155";"3";"";"14/03/2030";"30.540,00";"CashMe";"";"";"ICVM476"
"Opea";"CRI 126ª Emissão 2ª Série";"22L2288683";"BRRBRACRIH39";"Ativa";"CDI + 2,3000% a.a.";"126";"2";"";"14/04/2030";"42.478,00";"Automob";"";"";"RCVM160RA"
"Opea";"CRI 126ª Emissão 3ª Série";"22L2288690";"BRRBRACRIH47";"Ativa";"IPCA + 8,1500% a.a.";"126";"3";"";"14/04/2030";"145.022,00";"Automob";"";"";"RCVM160RA"
"Opea";"CRI 126ª Emissão 1ª Série";"23D0005401";"BRRBRACRIH21";"Ativa";"CDI + 2,0500% a.a.";"126";"1";"";"14/04/2028";"187.500,00";"Automob";"";"";"RCVM160RA"
"Opea";"CRI 127ª Emissão 2ª Série";"23D1610941";"BRAPCSCRIHO6";"Ativa";"IPCA + 9,0000% a.a.";"127";"2";"";"11/07/2032";"20.000,00";"Crizao Mauá";"";"";"ICVM476"
"Opea";"CRI 152ª Emissão 1ª Série";"23D1173345";"BRAPCSCRIHG2";"Ativa";"IPCA + 10,0600% a.a.";"152";"1";"";"03/04/2035";"45.000,00";"PKK";"";"";"RCVM160RA"
"Opea";"CRI 152ª Emissão 2ª Série";"23D1173427";"BRAPCSCRIHH0";"Ativa";"CDI + 4,7820% a.a.";"152";"2";"";"04/04/2028";"25.000,00";"PKK";"";"";"RCVM160RA"
"Opea";"CRI 3ª Emissão 1ª Série";"RBRA13";"BRRBRADBS060";"Ativa";"CDI + 1,8500% a.a.";"3";"1";"";"14/04/2027";"393.200,00";"Pine 2";"";"";"RCVM160RA"
"Opea";"CRI 126ª Emissão 1ª Série";"23C0001602";"BRAPCSCRIGX9";"Quitada";"99,0000% CDI";"126";"1";"";"14/09/2025";"87.500,00";"Banco Inter";"";"";"ICVM476"
"Opea";"CRI 138ª Emissão 1ª Série";"23C2552432";"BRAPCSCRIHC1";"Ativa";"CDI + 6,0000% a.a.";"138";"1";"";"30/05/2028";"54.800,00";"Inter Construtora II";"";"";"ICVM476"
"Opea";"CRI 121ª Emissão 1ª Série";"23C1869458";"BRAPCSCRIHB3";"Ativa";"CDI + 3,5000% a.a.";"121";"1";"";"26/03/2028";"40.000,00";"You II";"";"";"RCVM160RA"
"Opea";"CRI 55ª Emissão 1ª Série";"CRA023004S9";"BRAPCSCRA1P7";"Ativa";"CDI + 3,1000% a.a.";"55";"1";"";"27/04/2028";"80.000,00";"Bissoni";"";"";"RCVM160RA"
"Opea";"CRI 127ª Emissão 1ª Série";"23C1758107";"BRRBRACRIH62";"Ativa";"IPCA + 7,7000% a.a.";"127";"1";"";"30/03/2033";"30.920,00";"Urba";"";"";"ICVM476"
"Opea";"CRI 127ª Emissão 2ª Série";"23C1800868";"BRRBRACRIH70";"Ativa";"IPCA + 7,7000% a.a.";"127";"2";"";"29/04/2038";"7.730,00";"Urba";"";"";"ICVM476"
"Opea";"CRI 25ª Emissão 1ª Série";"23C2706233";"BRRBRACRIHA5";"Ativa";"CDI + 6,0000% a.a.";"25";"1";"";"19/03/2028";"35.000,00";"Placi";"";"";"ICVM476"
"Opea";"CRI 1ª Emissão 518ª Série";"23C1756501";"BRRBRACRIH96";"Ativa";"IPCA + 7,3000% a.a.";"1";"518";"";"15/02/2052";"2.708,00";"Creditu";"";"";"RCVM160RA"
"Opea";"CRI 146ª Emissão 1ª Série";"23C2829802";"BRAPCSCRIHI8";"Ativa";"IPCA + 7,0000% a.a.";"146";"1";"";"19/03/2035";"14.723,00";"GPA II";"";"";"RCVM160RA"
"Opea";"CRI 146ª Emissão 2ª Série";"23C2829803";"BRAPCSCRIHJ6";"Ativa";"IPCA + 7,0000% a.a.";"146";"2";"";"19/03/2035";"8.878,00";"GPA II";"";"";"RCVM160RA"
"Opea";"CRI 146ª Emissão 3ª Série";"23C2830001";"BRAPCSCRIHK4";"Ativa";"IPCA + 7,0000% a.a.";"146";"3";"";"19/03/2035";"12.642,00";"GPA II";"";"";"RCVM160RA"
"Opea";"CRI 146ª Emissão 4ª Série";"23C2830002";"BRAPCSCRIHL2";"Ativa";"IPCA + 7,0000% a.a.";"146";"4";"";"19/03/2035";"9.057,00";"GPA II";"";"";"RCVM160RA"
"Opea";"CRI 146ª Emissão 5ª Série";"23C2830574";"BRAPCSCRIHM0";"Ativa";"IPCA + 7,5000% a.a.";"146";"5";"";"19/01/2038";"5.000,00";"GPA II";"";"";"RCVM160RA"
"Opea";"CRI 131ª Emissão 2ª Série";"22L1723202";"BRRBRACRIGX9";"Ativa";"IPCA + 8,5875% a.a.";"131";"2";"";"18/03/2030";"107.000,00";"Estapar";"";"";"RCVM160RA"
"Opea";"CRI 83ª Emissão 1ª Série";"CRA023003UX";"BRRBRACRA322";"Ativa";"102,0000% CDI";"83";"1";"";"14/03/2027";"1.328.019,00";"BTG Commodities";"";"";"RCVM160RA"
"Opea";"CRI 83ª Emissão 2ª Série";"CRA023003UY";"BRRBRACRA330";"Ativa";"12,7890% a.a.";"83";"2";"";"14/03/2028";"171.981,00";"BTG Commodities";"";"";"RCVM160RA"
"Opea";"CRI 133ª Emissão 1ª Série";"23C1288904";"BRRBRACRIH54";"Resgatada";"CDI + 6,7500% a.a.";"133";"1";"";"24/07/2025";"12.000,00";"Aria-Supera";"";"";"ICVM476"
"Opea";"CRI 143ª Emissão 1ª Série";"23C1735023";"BRAPCSCRIH54";"Resgatada";"CDI + 4,5000% a.a.";"143";"1";"";"26/02/2026";"20.497.142,00";"You Ibira";"";"";"RCVM160RA"
"Opea";"CRI 71ª Emissão 3ª Série";"23C0248434";"BRAPCSCRIH05";"Ativa";"IPCA + 7,3000% a.a.";"71";"3";"";"14/09/2032";"3.000,00";"Crizao RBR";"";"";"ICVM476"
"Opea";"CRI 52ª Emissão 1ª Série";"CRA023002XL";"BRAPCSCRA1O0";"Ativa";"CDI + 5,5000% a.a.";"52";"1";"";"26/07/2027";"64.572,00";"Ultra Cheese";"";"";"RCVM160RA"
"Opea";"CRI 78ª Emissão 1ª Série";"CRA023002MH";"BRRBRACRA306";"Quitada";"CDI + 4,5000% a.a.";"78";"1";"";"26/02/2026";"30.000,00";"Tradecorp";"";"";"RCVM160RA"
"Opea";"CRI 79ª Emissão 1ª Série";"CRA023002S1";"BRRBRACRA314";"Quitada";"CDI + 4,5000% a.a.";"79";"1";"";"26/02/2026";"20.000,00";"Oro Agri";"";"";"RCVM160RA"
"Opea";"CRI 98ª Emissão 1ª Série";"23A1225574";"BRRBRACRIH05";"Ativa";"CDI + 5,0000% a.a.";"98";"1";"";"24/02/2028";"25.625,00";"Agua da Serra";"";"";"ICVM476"
"Opea";"CRI 134ª Emissão 2ª Série";"23B0574524";"BRAPCSCRIGS9";"Ativa";"CDI + 5,0000% a.a.";"134";"2";"";"04/07/2029";"20.000,00";"Direcional X (Pró Soluto)";"";"";"ICVM476"
"Opea";"CRI 122ª Emissão 1ª Série";"23B0584725";"BRAPCSCRIGT7";"Ativa";"CDI + 5,0000% a.a.";"122";"1";"";"10/06/2031";"40.000,00";"Tenda II";"";"";"ICVM476"
"Opea";"CRI 122ª Emissão 2ª Série";"23B0584788";"BRAPCSCRIGU5";"Ativa";"IPCA + 11,6000% a.a.";"122";"2";"";"10/06/2031";"40.000,00";"Tenda II";"";"";"ICVM476"
"Opea";"CRI 142ª Emissão 1ª Série";"23B0584796";"BRAPCSCRIGV3";"Ativa";"CDI + 5,0000% a.a.";"142";"1";"";"10/06/2031";"40.000,00";"Tenda III";"";"";"ICVM476"
"Opea";"CRI 142ª Emissão 2ª Série";"23B0584797";"BRAPCSCRIGW1";"Ativa";"IPCA + 11,6000% a.a.";"142";"2";"";"10/06/2031";"40.000,00";"Tenda III";"";"";"ICVM476"
"Opea";"CRI 1ª Emissão 517ª Série";"23B0588579";"BRRBRACRIGZ4";"Ativa";"IPCA + 7,3000% a.a.";"1";"517";"";"15/02/2052";"2.765,00";"Creditu";"";"";"RCVM160RA"
"Opea";"CRI 128ª Emissão 1ª Série";"23B0005202";"BRAPCSCRIGN0";"Quitada";"CDI + 2,0000% a.a.";"128";"1";"";"19/02/2026";"60.000,00";"Ekko V";"";"";"RCVM160RA"
"Opea";"CRI 134ª Emissão 1ª Série";"23B0540453";"BRRBRACRIGS9";"Ativa";"CDI + 1,0000% a.a.";"134";"1";"";"16/03/2028";"314.869,00";"Allos III";"";"";"RCVM160RA"
"Opea";"CRI 134ª Emissão 2ª Série";"23B0587522";"BRRBRACRIGT7";"Ativa";"CDI + 1,2000% a.a.";"134";"2";"";"17/03/2030";"297.233,00";"Allos III";"";"";"RCVM160RA"
"Opea";"CRI 113ª Emissão 1ª Série";"23B0244041";"BRRBRACRIGQ3";"Ativa";"IPCA + 7,6300% a.a.";"113";"1";"";"11/08/2037";"53.402,00";"GPA IV";"";"";"ICVM476"
"Opea";"CRI 123ª Emissão 1ª Série";"23B0430541";"BRRBRACRIGR1";"Ativa";"IPCA + 9,8000% a.a.";"123";"1";"";"25/06/2026";"40.000,00";"Paes & Gregori";"";"";"RCVM160RA"
"Opea";"CRI 2ª Emissão 1ª Série";"RBRA12";"BRRBRADBS052";"Ativa";"CDI + 1,8500% a.a.";"2";"1";"";"20/01/2027";"525.000,00";"Pine";"";"";"RCVM160RA"
"Opea";"CRI 116ª Emissão 1ª Série";"23A1462228";"BRAPCSCRIGK6";"Ativa";"IPCA + 10,5750% a.a.";"116";"1";"";"24/11/2042";"50.000,00";"Galleria II";"";"";"RCVM160RA"
"Opea";"CRI 116ª Emissão 2ª Série";"23A1462509";"BRAPCSCRIGL4";"Ativa";"IPCA + 14,7176% a.a.";"116";"2";"";"24/11/2042";"3.300,00";"Galleria II";"";"";"RCVM160RA"
"Opea";"CRI 116ª Emissão 3ª Série";"23A1462604";"BRAPCSCRIGM2";"Ativa";"14,7176% a.a.";"116";"3";"";"24/11/2042";"5.000,00";"Galleria II";"";"";"RCVM160RA"
"Opea";"CRI 89ª Emissão 1ª Série";"23A1510278";"BRRBRACRIGP5";"Ativa";"IPCA + 13,5000% a.a.";"89";"1";"";"24/01/2028";"32.330,00";"Campeche";"";"";"ICVM476"
"Opea";"CRI 127ª Emissão 1ª Série";"23A1687794";"BRAPCSCRIGO8";"Ativa";"IPCA + 12,0000% a.a.";"127";"1";"";"10/02/2041";"23.986,00";"Crizao Mauá";"";"";"ICVM476"
"Opea";"CRI 53ª Emissão 1ª Série";"CRA02300001";"BRAPCSCRA1N2";"Quitada";"13,1530% a.a.";"53";"1";"";"17/02/2026";"300.000,00";"Klabin II";"";"";"RCVM160RA"
"Opea";"CRI 116ª Emissão 1ª Série";"23A1407158";"BRRBRACRIGM2";"Ativa";"IPCA + 7,6000% a.a.";"116";"1";"";"12/01/2030";"22.000,00";"Panorama Jandira II";"";"";"ICVM476"
"Opea";"CRI 43ª Emissão 1ª Série";"23A1225575";"BRRBRACRIGL4";"Ativa";"IPCA + 10,7500% a.a.";"43";"1";"";"30/12/2037";"53.300,00";"Norsk";"";"";"ICVM476"
"Opea";"CRI 109ª Emissão 1ª Série";"22L1467751";"BRRBRACRIGK6";"Quitada";"CDI + 3,0000% a.a.";"109";"1";"";"27/01/2026";"30.687,00";"Helbor II";"";"";"RCVM160RA"
"Opea";"CRI 11ª Emissão 8ª Série";"22L1562308";"BRRBRACRIG48";"Ativa";"IPCA + 15,0000% a.a.";"11";"8";"";"21/05/2042";"441,00";"Credihome III";"";"";"ICVM476"
"Opea";"CRI 11ª Emissão 7ª Série";"22L1562309";"BRRBRACRIG30";"Ativa";"IPCA + 8,0000% a.a.";"11";"7";"";"21/05/2042";"3.970,00";"Credihome III";"";"";"ICVM476"
"Opea";"CRI 99ª Emissão 1ª Série";"22L1603918";"BRAPCSCRIGD1";"Ativa";"0,0000% CDI";"99";"1";"";"14/09/2026";"30.000,00";"SILVA CAMPOS";"";"";"ICVM476"
"Opea";"CRI 111ª Emissão 1ª Série";"22L1668224";"BRAPCSCRIGE9";"Ativa";"IPCA + 10,1700% a.a.";"111";"1";"";"09/01/2035";"130.000,00";"Shopping Taguatinga";"";"";"ICVM476"
"Opea";"CRI 111ª Emissão 1ª Série";"22K1691627";"BRRBRACRIGF6";"Resgatada";"CDI + 1,8000% a.a.";"111";"1";"";"21/01/2026";"77.330,00";"Brookfield GRU IV Airport";"";"";"ICVM476"
"Opea";"CRI 117ª Emissão 1ª Série";"22L1562255";"BRAPCSCRIGB5";"Ativa";"CDI + 4,5000% a.a.";"117";"1";"";"19/06/2028";"20.563,00";"Planova II";"";"";"ICVM476"
"Opea";"CRI 71ª Emissão 2ª Série";"22L1566114";"BRAPCSCRIGC3";"Ativa";"IPCA + 7,3000% a.a.";"71";"2";"";"14/09/2032";"10.000,00";"Crizao RBR";"";"";"ICVM476"
"Opea";"CRI 91ª Emissão 1ª Série";"22L1668361";"BRRBRACRIG63";"Quitada";"CDI + 3,7500% a.a.";"91";"1";"";"29/12/2025";"11.000,00";"Fazenda da Grama";"";"";"ICVM476"
"Opea";"CRI 91ª Emissão 2ª Série";"22L1668364";"BRRBRACRIG71";"Quitada";"CDI + 3,7500% a.a.";"91";"2";"";"29/12/2025";"8.000,00";"Fazenda da Grama";"";"";"ICVM476"
"Opea";"CRI 91ª Emissão 3ª Série";"22L1668366";"BRRBRACRIG89";"Quitada";"CDI + 3,7500% a.a.";"91";"3";"";"29/12/2025";"8.000,00";"Fazenda da Grama";"";"";"ICVM476"
"Opea";"CRI 91ª Emissão 4ª Série";"22L1668367";"BRRBRACRIG97";"Quitada";"CDI + 3,7500% a.a.";"91";"4";"";"29/12/2025";"5.571,00";"Fazenda da Grama";"";"";"ICVM476"
"Opea";"CRI 91ª Emissão 5ª Série";"22L1668369";"BRRBRACRIGA7";"Resgatada";"CDI + 3,7500% a.a.";"91";"5";"";"29/12/2025";"9.000,00";"Fazenda da Grama";"";"";"ICVM476"
"Opea";"CRI 94ª Emissão 1ª Série";"22L1668380";"BRRBRACRIGB5";"Ativa";"IPCA + 11,2500% a.a.";"94";"1";"";"19/12/2032";"8.450,00";"Serra do Mel";"";"";"ICVM476"
"Opea";"CRI 1ª Emissão 516ª Série";"22L1442125";"BRRBRACRIG14";"Ativa";"IPCA + 7,3000% a.a.";"1";"516";"";"15/02/2052";"3.000,00";"Creditu";"";"";"ICVM476"
"Opea";"CRI 103ª Emissão 1ª Série";"22L1668355";"BRRBRACRIGG4";"Ativa";"IPCA + 6,0000% a.a.";"103";"1";"";"09/05/2031";"40.291,00";"Diálogo V";"";"";"ICVM476"
"Opea";"CRI 103ª Emissão 2ª Série";"22L1668357";"BRRBRACRIGH2";"Ativa";"IPCA + 6,0000% a.a.";"103";"2";"";"11/04/2038";"40.291,00";"Diálogo V";"";"";"ICVM476"
"Opea";"CRI 105ª Emissão 1ª Série";"CRA02200ENV";"BRIMWLCRA5Y8";"Ativa";"CDI + 4,0000% a.a.";"105";"1";"";"16/06/2026";"52.500,00";"Agrológica";"";"";"ICVM476"
"Opea";"CRI 105ª Emissão 2ª Série";"CRA02200ENW";"BRIMWLCRA5Z5";"Ativa";"CDI + 6,5000% a.a.";"105";"2";"";"16/06/2026";"11.250,00";"Agrológica";"";"";"ICVM476"
"Opea";"CRI 105ª Emissão 3ª Série";"CRA02200FA1";"BRIMWLCRA606";"Ativa";"100,0000% CDI";"105";"3";"";"16/06/2026";"11.250,00";"Agrológica";"";"";"ICVM476"
"Opea";"CRI 118ª Emissão 1ª Série";"22L1314899";"BRAPCSCRIGA7";"Ativa";"CDI + 4,2500% a.a.";"118";"1";"";"14/12/2028";"120.000,00";"Tecnisa 118ª";"";"";"ICVM476"
"Opea";"CRI 46ª Emissão 1ª Série";"22L1467623";"BRRBRACRIG06";"Ativa";"IPCA + 11,0000% a.a.";"46";"1";"";"14/12/2036";"45.000,00";"AXS II";"";"";"ICVM476"
"Opea";"CRI 63ª Emissão 3ª Série";"22J0346704";"BRRBRACRIF23";"Ativa";"IPCA + 6,3759% a.a.";"63";"3";"";"16/01/2028";"50.000,00";"BTG Pactual";"";"";"ICVM400"
"Opea";"CRI 63ª Emissão 1ª Série";"22J0346710";"BRRBRACRIF07";"Ativa";"104,0000% CDI";"63";"1";"";"14/01/2027";"265.000,00";"BTG Pactual";"";"";"ICVM400"
"Opea";"CRI 63ª Emissão 2ª Série";"22K0767293";"BRRBRACRIF15";"Ativa";"12,9900% a.a.";"63";"2";"";"16/01/2028";"185.000,00";"BTG Pactual";"";"";"ICVM400"
"Opea";"CRI 62ª Emissão 1ª Série";"22L1309906";"BRAPCSCRIG89";"Ativa";"IPCA + 8,3572% a.a.";"62";"1";"";"14/12/2032";"40.000,00";"General Shopping";"";"";"ICVM476"
"Opea";"CRI 62ª Emissão 2ª Série";"22L1311979";"BRAPCSCRIG97";"Ativa";"IPCA + 8,3467% a.a.";"62";"2";"";"14/12/2032";"30.000,00";"General Shopping";"";"";"ICVM476"
"Opea";"CRI 91ª Emissão 1ª Série";"22L1668408";"BRAPCSCRIGG4";"Ativa";"IPCA + 8,2248% a.a.";"91";"1";"";"20/12/2034";"200.000,00";"Mega Moda II";"";"";"RCVM160RA"
"Opea";"CRI 108ª Emissão 1ª Série";"22L1474446";"BRRBRACRIGJ8";"Quitada";"CDI + 1,5000% a.a.";"108";"1";"";"12/05/2026";"129.520,00";"Marahu";"";"";"ICVM476"
"Opea";"CRI 108ª Emissão 1ª Série";"22L1198359";"BRAPCSCRIG63";"Ativa";"CDI + 3,0000% a.a.";"108";"1";"";"19/12/2027";"170.000,00";"MRV XVII (Pró Soluto)";"";"";"ICVM476"
"Opea";"CRI 108ª Emissão 2ª Série";"22L1198360";"BRAPCSCRIG71";"Ativa";"CDI + 3,0000% a.a.";"108";"2";"";"19/12/2027";"170.000,00";"MRV II";"";"";"ICVM476"
"Opea";"CRI 88ª Emissão 1ª Série";"22L1369863";"BRRBRACRIFY9";"Ativa";"IPCA + 6,0000% a.a.";"88";"1";"";"26/03/2028";"52.500,00";"Seed II";"";"";"ICVM476"
"Opea";"CRI 88ª Emissão 2ª Série";"22L1379419";"BRRBRACRIFZ6";"Ativa";"IPCA + 6,0000% a.a.";"88";"2";"";"26/03/2028";"52.500,00";"Seed II";"";"";"ICVM476"
"Opea";"CRI 86ª Emissão 1ª Série";"22L1270385";"BRRBRACRIFV5";"Ativa";"IPCA + 10,5000% a.a.";"86";"1";"";"16/12/2032";"15.000,00";"Grupo Morada";"";"";"ICVM476"
"Opea";"CRI 69ª Emissão 1ª Série";"22L1429186";"BRRBRACIR2I2";"Ativa";"IPCA + 10,4900% a.a.";"69";"1";"";"14/06/2040";"61.640,00";"JFL Lorena";"";"";"ICVM476"
"Opea";"CRI 101ª Emissão 1ª Série";"22L1106631";"BRRBRACRIG22";"Ativa";"IPCA + 9,5000% a.a.";"101";"1";"";"16/12/2032";"42.634,00";"Multitrans II";"";"";"ICVM476"
"Opea";"CRI 107ª Emissão 1ª Série";"22L1116745";"BRAPCSCRIG55";"Ativa";"IPCA + 12,5000% a.a.";"107";"1";"";"15/12/2030";"31.100,00";"Poti Jr";"";"";"ICVM476"
"Opea";"CRI 84ª Emissão 2ª Série";"22L1125928";"BRRBRACRIFQ5";"Ativa";"IPCA + 9,3512% a.a.";"84";"2";"";"16/12/2032";"91.600,00";"Casa Shopping";"";"";"ICVM476"
"Opea";"CRI 84ª Emissão 1ª Série";"22L1125977";"BRRBRACRIFP7";"Ativa";"CDI + 2,7500% a.a.";"84";"1";"";"16/12/2032";"33.400,00";"Casa Shopping";"";"";"ICVM476"
"Opea";"CRI 65ª Emissão 1ª Série";"CRA02200F4H";"BRRBRACRA2P5";"Ativa";"IPCA + 8,4710% a.a.";"65";"1";"";"14/12/2029";"100.000,00";"Cereal";"";"";"ICVM476"
"Opea";"CRI 58ª Emissão 1ª Série";"22L1270393";"BRRBRACRIFT9";"Ativa";"IGPM + 11,0000% a.a.";"58";"1";"";"28/11/2032";"11.000,00";"SG Natal";"";"";"ICVM476"
"Opea";"CRI 92ª Emissão 1ª Série";"22L1086421";"BRRBRACRIFN2";"Ativa";"CDI + 2,1500% a.a.";"92";"1";"";"23/12/2027";"71.000,00";"JK B";"";"";"ICVM476"
"Opea";"CRI 92ª Emissão 2ª Série";"22L1086426";"BRRBRACRIFO0";"Ativa";"IPCA + 6,5500% a.a.";"92";"2";"";"23/12/2027";"101.000,00";"JK B";"";"";"ICVM476"
"Opea";"CRI 92ª Emissão 1ª Série";"22L0241956";"BRAPCSCRIG48";"Ativa";"IPCA + 10,8000% a.a.";"92";"1";"";"14/12/2029";"100.000,00";"Toniato";"";"";"ICVM476"
"Opea";"CRI 70ª Emissão 1ª Série";"22L0297413";"BRAPCSCRIG22";"Ativa";"CDI + 1,5500% a.a.";"70";"1";"";"14/12/2027";"166.500,00";"HAOC";"";"";"ICVM476"
"Opea";"CRI 70ª Emissão 2ª Série";"22L0297660";"BRAPCSCRIG30";"Ativa";"IPCA + 7,6541% a.a.";"70";"2";"";"16/12/2029";"33.500,00";"HAOC";"";"";"ICVM476"
"Opea";"CRI 71ª Emissão 1ª Série";"CRA02200DQM";"BRRBRACRA2N0";"Ativa";"CDI + 4,5000% a.a.";"71";"1";"";"28/11/2027";"45.000,00";"ALG";"";"";"ICVM476"
"Opea";"CRI 93ª Emissão 1ª Série";"22L1215356";"BRRBRACRIFR3";"Ativa";"CDI + 4,5000% a.a.";"93";"1";"";"08/12/2027";"40.000,00";"Pafil";"";"";"ICVM476"
"Opea";"CRI 67ª Emissão 1ª Série";"CRA02200DQI";"BRRBRACRA2M2";"Ativa";"CDI + 3,5000% a.a.";"67";"1";"";"17/12/2029";"50.000,00";"Edson Luiz Ignacio";"";"";"ICVM476"
"Opea";"CRI 58ª Emissão 1ª Série";"22L0004001";"BRAPCSCRIG06";"Ativa";"IPCA + 6,5000% a.a.";"58";"1";"";"18/05/2037";"39.900,00";"Texas";"";"";"ICVM476"
"Opea";"CRI 60ª Emissão 1ª Série";"CRA02200D4D";"BRRBRACRA2K6";"Ativa";"CDI + 5,5000% a.a.";"60";"1";"";"26/05/2027";"23.000,00";"Solotek";"";"";"ICVM476"
"Opea";"CRI 63ª Emissão 1ª Série";"CRA02200CYS";"BRRBRACRA2L4";"Ativa";"CDI + 4,0000% a.a.";"63";"1";"";"19/12/2027";"60.000,00";"Usina Caeté";"";"";"ICVM476"
"Opea";"CRI 97ª Emissão 1ª Série";"22K1684666";"BRRBRACRIFJ0";"Ativa";"CDI + 4,7500% a.a.";"97";"1";"";"26/06/2031";"60.000,00";"HM Engenharia II";"";"";"ICVM476"
"Opea";"CRI 64ª Emissão 1ª Série";"CRA02200CYR";"BRRBRACRA2V3";"Ativa";"CDI + 4,0000% a.a.";"64";"1";"";"06/12/2028";"52.250,00";"Cabo Verde";"";"";"ICVM476"
"Opea";"CRI 58ª Emissão 1ª Série";"CRA02200CNN";"BRRBRACRA2I0";"Ativa";"CDI + 5,0000% a.a.";"58";"1";"";"01/12/2027";"5.632,00";"Carapreta";"";"";"ICVM476"
"Opea";"CRI 1ª Emissão 515ª Série";"22K1363626";"BRRBRACRIFC5";"Ativa";"IPCA + 7,3000% a.a.";"1";"515";"";"15/02/2052";"2.864,00";"Creditu";"";"";"ICVM476"
"Opea";"CRI 81ª Emissão 1ª Série";"22K1418733";"BRAPCSCRIFZ6";"Ativa";"IPCA + 8,2077% a.a.";"81";"1";"";"14/12/2038";"153.526,00";"Solargrid";"";"";"ICVM476"
"Opea";"CRI 87ª Emissão 1ª Série";"22K1200723";"BRRBRACRIFD3";"Resgatada";"CDI + 1,7000% a.a.";"87";"1";"";"25/11/2025";"163.000,00";"Brookfield - IBC";"";"";"ICVM476"
"Opea";"CRI 78ª Emissão 1ª Série";"22K1397969";"BRRBRACRIFA9";"Ativa";"IPCA + 11,0000% a.a.";"78";"1";"";"16/11/2036";"103.000,00";"AXS III";"";"";"ICVM476"
"Opea";"CRI 102ª Emissão 1ª Série";"22K0065025";"BRAPCSCRIFW3";"Ativa";"CDI + 4,5000% a.a.";"102";"1";"";"21/11/2027";"28.000,00";"You Inc";"";"";"ICVM476"
"Opea";"CRI 102ª Emissão 2ª Série";"22K1108730";"BRAPCSCRIFX1";"Ativa";"CDI + 4,5000% a.a.";"102";"2";"";"22/11/2027";"28.000,00";"You Inc";"";"";"ICVM476"
"Opea";"CRI 74ª Emissão 1ª Série";"22K1202808";"BRRBRACRIFE1";"Ativa";"CDI + 2,0000% a.a.";"74";"1";"";"23/11/2027";"19.921,00";"Parque da Cidade III";"";"";"ICVM476"
"Opea";"CRI 45ª Emissão 1ª Série";"CRA02200C6X";"BRAPCSCRA1K8";"Ativa";"CDI + 5,5000% a.a.";"45";"1";"";"15/11/2029";"28.000,00";"Agrion";"";"";"ICVM476"
"Opea";"CRI 1ª Emissão 514ª Série";"22K1158435";"BRAPCSCRIFV5";"Ativa";"IPCA + 11,0000% a.a.";"1";"514";"";"21/10/2037";"115,00";"Monte Hilaire";"";"";"ICVM476"
"Opea";"CRI 25ª Emissão 1ª Série";"CRA02200CCH";"BRAPCSCRA1L6";"Ativa";"CDI + 4,7500% a.a.";"25";"1";"";"09/11/2027";"45.000,00";"Itaueira";"";"";"ICVM476"
"Opea";"CRI 67ª Emissão 1ª Série";"22K0001201";"BRRBRACRIEK1";"Ativa";"IPCA + 6,2000% a.a.";"67";"1";"";"14/04/2030";"790.865,00";"Petrobras";"";"";"ICVM400"
"Opea";"CRI 67ª Emissão 2ª Série";"22K0001203";"BRRBRACRIEL9";"Ativa";"IPCA + 6,2500% a.a.";"67";"2";"";"15/11/2032";"331.431,00";"Petrobras";"";"";"ICVM400"
"Opea";"CRI 67ª Emissão 3ª Série";"22K0001204";"BRRBRACRIEM7";"Ativa";"IPCA + 6,4000% a.a.";"67";"3";"";"15/11/2037";"392.675,00";"Petrobras";"";"";"ICVM400"
"Opea";"CRI 93ª Emissão 1ª Série";"22K1019759";"BRAPCSCRIFU7";"Ativa";"IPCA + 9,4000% a.a.";"93";"1";"";"15/11/2027";"13.128,00";"MMC Urban";"";"";"ICVM476"
"Opea";"CRI 83ª Emissão 1ª Série";"22K1457799";"BRRBRACRIF64";"Ativa";"CDI + 0,7500% a.a.";"83";"1";"";"14/12/2027";"86.186,00";"Rede D'or X";"";"";"ICVM476"
"Opea";"CRI 83ª Emissão 2ª Série";"22K1520003";"BRRBRACRIF72";"Ativa";"CDI + 1,0000% a.a.";"83";"2";"";"16/12/2029";"176.323,00";"Rede D'or X";"";"";"ICVM400"
"Opea";"CRI 83ª Emissão 3ª Série";"22K1520055";"BRRBRACRIF80";"Ativa";"IPCA + 6,7947% a.a.";"83";"3";"";"16/12/2029";"82.487,00";"Rede D'or X";"";"";"ICVM400"
"Opea";"CRI 83ª Emissão 4ª Série";"22K1520058";"BRRBRACRIF98";"Ativa";"IPCA + 6,9354% a.a.";"83";"4";"";"14/12/2032";"55.004,00";"Rede D'or X";"";"";"ICVM400"
"Opea";"CRI 104ª Emissão 1ª Série";"22K1692411";"BRAPCSCRIGF6";"Ativa";"CDI + 4,0000% a.a.";"104";"1";"";"15/11/2028";"90.000,00";"Total Express";"";"";"ICVM476"
"Opea";"CRI 1ª Emissão 1ª Série";"22K1319996";"BRAPCSCR0004";"Ativa";"CDI + 2,6900% a.a.";"1";"1";"";"29/11/2027";"60.000,00";"TRANSMARONI";"";"";"ICVM476"
"Opea";"CRI 1ª Emissão 2ª Série";"22K1320039";"BRAPCSCR0012";"Ativa";"CDI + 2,6900% a.a.";"1";"2";"";"29/11/2032";"40.000,00";"TRANSMARONI";"";"";"ICVM476"
"Opea";"CRI 42ª Emissão 1ª Série";"22I1423521";"BRAPCSCRIFQ5";"Ativa";"CDI + 6,5000% a.a.";"42";"1";"";"24/10/2027";"40.000,00";"Contrutora Capital";"";"";"ICVM476"
"Opea";"CRI 87ª Emissão 1ª Série";"22K0853205";"BRAPCSCRIFT9";"Ativa";"IPCA + 8,2500% a.a.";"87";"1";"";"15/11/2027";"25.000,00";"Maiojama";"";"";"ICVM476"
"Opea";"CRI 82ª Emissão 1ª Série";"22K0640841";"BRRBRACRIF56";"Ativa";"CDI + 4,7500% a.a.";"82";"1";"";"08/11/2029";"100.000,00";"Pernambucanas";"";"";"ICVM476"
"Opea";"CRI 74ª Emissão 1ª Série";"22J1410467";"BRAPCSCRIFS1";"Resgatada";"IPCA + 10,0000% a.a.";"74";"1";"";"14/12/2025";"20.000,00";"Grand Garden";"";"";"ICVM476"
"Opea";"CRI 73ª Emissão 1ª Série";"22J1408006";"BRRBRACRIF31";"Ativa";"CDI + 4,0000% a.a.";"73";"1";"";"20/10/2030";"21.400,00";"Suprema";"";"";"ICVM476"
"Opea";"CRI 1ª Emissão 514ª Série";"22J1381882";"BRRBRACRIEZ9";"Ativa";"IPCA + 7,3000% a.a.";"1";"514";"";"15/02/2052";"2.899,00";"Creditu";"";"";"ICVM476"
"Opea";"CRI 80ª Emissão 1ª Série";"22I1423499";"BRAPCSCRIFP7";"Ativa";"IPCA + 11,0000% a.a.";"80";"1";"";"21/10/2037";"80.000,00";"GS Souto III";"";"";"ICVM476"
"Opea";"CRI 40ª Emissão 1ª Série";"CRA02200ASX";"BRAPCSCRA1I2";"Ativa";"IPCA + 9,0551% a.a.";"40";"1";"";"14/12/2026";"83.115,00";"Agro Crestani";"";"";"ICVM476"
"Opea";"CRI 79ª Emissão 1ª Série";"22J1107076";"BRRBRACRIEY2";"Ativa";"CDI + 4,0000% a.a.";"79";"1";"";"29/10/2030";"80.000,00";"Agrícola Alvorada";"";"";"ICVM476"
"Opea";"CRI 52ª Emissão 1ª Série";"22J1295265";"BRRBRACRIET2";"Ativa";"CDI + 2,0000% a.a.";"52";"1";"";"15/10/2028";"42.850,00";"Dufrio";"";"";"ICVM476"
"Opea";"CRI 52ª Emissão 2ª Série";"22J1295549";"BRRBRACRIEU0";"Ativa";"IPCA + 8,1723% a.a.";"52";"2";"";"15/10/2028";"57.150,00";"Dufrio";"";"";"ICVM476"
"Opea";"CRI 43ª Emissão 1ª Série";"CRA022009Q1";"BRAPCSCRA1D3";"Ativa";"IPCA + 11,1373% a.a.";"43";"1";"";"15/10/2027";"46.418,00";"Solinftec";"";"";"ICVM476"
"Opea";"CRI 43ª Emissão 2ª Série";"CRA022009Q2";"BRAPCSCRA1E1";"Ativa";"IPCA + 10,5952% a.a.";"43";"2";"";"14/10/2029";"16.000,00";"Solinftec";"";"";"ICVM476"
"Opea";"CRI 46ª Emissão 1ª Série";"CRA02200AYH";"BRRBRACRA2G4";"Ativa";"CDI + 4,2500% a.a.";"46";"1";"";"18/10/2028";"100.000,00";"Dacalda";"";"";"ICVM476"
"Opea";"CRI 85ª Emissão 1ª Série";"22J0000801";"BRAPCSCRIF31";"Ativa";"CDI + 1,7000% a.a.";"85";"1";"";"14/12/2027";"100.470,00";"Trisul";"";"";"ICVM400"
"Opea";"CRI 85ª Emissão 2ª Série";"22J0000802";"BRAPCSCRIF49";"Ativa";"IPCA + 7,8381% a.a.";"85";"2";"";"14/12/2027";"79.530,00";"Trisul";"";"";"ICVM400"
"Opea";"CRI 60ª Emissão 1ª Série";"22J0215470";"BRRBRACRIEO3";"Ativa";"IPCA + 8,9066% a.a.";"60";"1";"";"28/09/2034";"43.790,00";"Saga Malls";"";"";"ICVM476"
"Opea";"CRI 45ª Emissão 1ª Série";"22H1814286";"BRAPCSCRIEY2";"Ativa";"IPCA + 11,0000% a.a.";"45";"1";"";"14/09/2027";"10.000,00";"Construtora Capital";"";"";"ICVM476"
"Opea";"CRI 71ª Emissão 1ª Série";"22G1541288";"BRAPCSCRIFO0";"Ativa";"IPCA + 7,3000% a.a.";"71";"1";"";"14/09/2032";"1.500.000,00";"Crizao";"";"";"ICVM476"
"Opea";"CRI 98ª Emissão 1ª Série";"22I1423539";"BRAPCSCRIFL6";"Ativa";"CDI + 3,0000% a.a.";"98";"1";"";"14/09/2027";"84.721,00";"MRV XVI (Pró Soluto)";"";"";"ICVM476"
"Opea";"CRI 39ª Emissão 1ª Série";"CRA022009VQ";"BRAPCSCRA1G6";"Quitada";"CDI + 2,8500% a.a.";"39";"1";"";"28/09/2025";"100.000,00";"Copasul";"";"";"ICVM476"
"Opea";"CRI 77ª Emissão 1ª Série";"22I1293391";"BRAPCSCRIFK8";"Ativa";"CDI + 7,0000% a.a.";"77";"1";"";"19/09/2029";"6.000,00";"Isdralit";"";"";"ICVM476"
"Opea";"CRI 51ª Emissão 1ª Série";"22I1515298";"BRRBRACRIEJ3";"Ativa";"IPCA + 9,1700% a.a.";"51";"1";"";"29/06/2036";"67.000,00";"Axis";"";"";"ICVM476"
"Opea";"CRI 72ª Emissão 2ª Série";"22G1408286";"BRAPCSCRIEJ3";"Ativa";"CDI + 0,7000% a.a.";"72";"2";"";"14/09/2027";"55.245,00";"Sendas";"";"";"ICVM476"
"Opea";"CRI 72ª Emissão 1ª Série";"22G1408303";"BRAPCSCRIEI5";"Ativa";"CDI + 0,6000% a.a.";"72";"1";"";"14/09/2026";"72.962,00";"Sendas";"";"";"ICVM476"
"Opea";"CRI 72ª Emissão 3ª Série";"22G1414303";"BRAPCSCRIEK1";"Ativa";"IPCA + 6,7000% a.a.";"72";"3";"";"16/09/2029";"471.793,00";"Sendas";"";"";"ICVM476"
"Opea";"CRI 75ª Emissão 2ª Série";"22I0020348";"BRAPCSCRIF07";"Ativa";"IPCA + 6,8301% a.a.";"75";"2";"";"14/09/2028";"57.000,00";"Cury Construtora";"";"";"ICVM476"
"Opea";"CRI 75ª Emissão 1ª Série";"22I0020390";"BRAPCSCRIEZ9";"Ativa";"CDI + 1,1000% a.a.";"75";"1";"";"14/09/2027";"43.000,00";"Cury Construtora";"";"";"ICVM476"
"Opea";"CRI 11ª Emissão 5ª Série";"22I0207529";"BRRBRACRIEF1";"Ativa";"IPCA + 8,0000% a.a.";"11";"5";"";"21/05/2042";"7.317,00";"Credihome III";"";"";"ICVM476"
"Opea";"CRI 11ª Emissão 6ª Série";"22I0207542";"BRRBRACRIEG9";"Ativa";"IPCA + 15,0000% a.a.";"11";"6";"";"21/05/2042";"813,00";"Credihome III";"";"";"ICVM476"
"Opea";"CRI 61ª Emissão 1ª Série";"22I0879235";"BRAPCSCRIFH4";"Ativa";"IPCA + 12,5000% a.a.";"61";"1";"";"19/10/2027";"12.000,00";"Convisa";"";"";"ICVM476"
"Opea";"CRI 32ª Emissão 1ª Série";"22E1095384";"BRAPCSCRICS8";"Ativa";"IPCA + 6,4802% a.a.";"32";"1";"";"15/09/2030";"347.928,00";"MRV XIV";"";"";"ICVM400"
"Opea";"CRI 32ª Emissão 2ª Série";"22E1095521";"BRAPCSCRICT6";"Ativa";"IPCA + 6,7350% a.a.";"32";"2";"";"14/09/2032";"202.072,00";"MRV XIV";"";"";"ICVM400"
"Opea";"CRI 24ª Emissão 2ª Série";"22F1357736";"BRRBRACRIEH7";"Ativa";"IPCA + 6,7500% a.a.";"24";"2";"";"10/04/2034";"353.103,00";"Assaí";"";"";"ICVM476"
"Opea";"CRI 65ª Emissão 1ª Série";"22I0247719";"BRRBRACRIEC8";"Ativa";"IPCA + 7,9500% a.a.";"65";"1";"";"04/09/2032";"25.000,00";"Zavit";"";"";"ICVM476"
"Opea";"CRI 88ª Emissão 1ª Série";"22C0508211";"BRAPCSCRIF15";"Ativa";"CDI + 4,3000% a.a.";"88";"1";"";"19/12/2039";"35.000,00";"JFL III";"";"";"ICVM476"
"Opea";"CRI 24ª Emissão 4ª Série";"22G1442201";"BRAPCSCRIEX4";"Ativa";"IPCA + 8,1500% a.a.";"24";"4";"";"14/12/2031";"38.596,00";"CASHME";"";"";"ICVM476"
"Opea";"CRI 24ª Emissão 1ª Série";"22H1664933";"BRAPCSCRIEU0";"Ativa";"CDI + 1,3750% a.a.";"24";"1";"";"15/11/2029";"88.612,00";"CASHME";"";"";"ICVM476"
"Opea";"CRI 24ª Emissão 2ª Série";"22H1666875";"BRAPCSCRIEV8";"Ativa";"IPCA + 7,1439% a.a.";"24";"2";"";"15/11/2029";"142.965,00";"CASHME";"";"";"ICVM476"
"Opea";"CRI 24ª Emissão 3ª Série";"22H1697882";"BRAPCSCRIEW6";"Ativa";"IPCA + 7,8049% a.a.";"24";"3";"";"16/03/2031";"115.788,00";"CASHME";"";"";"ICVM476"
"Opea";"CRI 64ª Emissão 1ª Série";"22I0150269";"BRRBRACRIRM9";"Ativa";"IPCA + 6,2500% a.a.";"64";"1";"";"22/09/2032";"63.696,00";"Nápoles";"";"";"ICVM476"
"Opea";"CRI 48ª Emissão 1ª Série";"22I0150943";"BRRBRACRIEA2";"Ativa";"IPCA + 6,2500% a.a.";"48";"1";"";"22/09/2032";"61.677,00";"Nápoles";"";"";"ICVM476"
"Opea";"CRI 52ª Emissão 2ª Série";"22H1522692";"BRAPCSCRIEN5";"Ativa";"IPCA + 6,4124% a.a.";"52";"2";"";"14/08/2029";"366.230,00";"Meli";"";"";"ICVM476"
"Opea";"CRI 34ª Emissão 1ª Série";"22G0701494";"BRRBRACRIDQ0";"Ativa";"IPCA + 8,9157% a.a.";"34";"1";"";"30/08/2037";"200.000,00";"Sanema";"";"";"ICVM476"
"Opea";"CRI 38ª Emissão 1ª Série";"22H1631360";"BRRBRACRIE32";"Ativa";"IPCA + 7,5894% a.a.";"38";"1";"";"14/08/2039";"65.712,00";"Pedra Dourada";"";"";"ICVM476"
"Opea";"CRI 47ª Emissão 1ª Série";"22H1579450";"BRRBRACRIE24";"Ativa";"IPCA + 7,7000% a.a.";"47";"1";"";"24/08/2034";"33.000,00";"Shopping Roraima";"";"";"ICVM476"
"Opea";"CRI 83ª Emissão 2ª Série";"22H2625804";"BRAPCSCRIO30";"Ativa";"CDI + 3,0000% a.a.";"83";"2";"";"16/09/2029";"36.200,00";"TAEL";"";"";"RCVM160RA"
"Opea";"CRI 40ª Emissão 1ª Série";"22E1315701";"BRAPCSCRIDC0";"Ativa";"CDI + 0,9000% a.a.";"40";"1";"";"17/09/2028";"360.000,00";"Even";"";"";"ICVM400"
"Opea";"CRI 68ª Emissão 2ª Série";"22G1234008";"BRAPCSCRIEH7";"Ativa";"IPCA + 7,2500% a.a.";"68";"2";"";"18/03/2036";"120.000,00";"Leroy";"";"";"ICVM476"
"Opea";"CRI 1ª Emissão 513ª Série";"22D1376213";"BRRBRACRIE16";"Ativa";"IPCA + 7,3000% a.a.";"1";"513";"";"15/02/2052";"2.560,00";"Creditu";"";"";"ICVM476"
"Opea";"CRI 76ª Emissão 1ª Série";"22E1284967";"BRAPCSCRIEL9";"Ativa";"IPCA + 9,0000% a.a.";"76";"1";"";"20/08/2034";"8.071.249,00";"INDT";"";"";"ICVM476"
"Opea";"CRI 50ª Emissão 1ª Série";"22E1314836";"BRAPCSCRID90";"Ativa";"IPCA + 7,3826% a.a.";"50";"1";"";"16/09/2029";"300.000,00";"Sao Carlos";"";"";"ICVM400"
"Opea";"CRI 54ª Emissão 1ª Série";"22E1338401";"BRAPCSCRIEA2";"Ativa";"CDI + 1,2500% a.a.";"54";"1";"";"15/08/2027";"241.211,00";"Oncoclínicas";"";"";"ICVM476"
"Opea";"CRI 54ª Emissão 2ª Série";"22E1338402";"BRAPCSCRIEB0";"Ativa";"IPCA + 6,7040% a.a.";"54";"2";"";"14/08/2029";"194.626,00";"Oncoclínicas";"";"";"ICVM476"
"Opea";"CRI 54ª Emissão 3ª Série";"22E1338403";"BRAPCSCRIEC8";"Ativa";"IPCA + 6,8269% a.a.";"54";"3";"";"15/08/2032";"64.163,00";"Oncoclínicas";"";"";"ICVM476"
"Opea";"CRI 52ª Emissão 1ª Série";"22H1522146";"BRAPCSCRIEM7";"Ativa";"CDI + 0,8800% a.a.";"52";"1";"";"15/08/2027";"133.770,00";"Meli";"";"";"ICVM476"
"Opea";"CRI 57ª Emissão 1ª Série";"22H1574900";"BRAPCSCRIEO3";"Ativa";"IPCA + 11,0000% a.a.";"57";"1";"";"15/08/2032";"60.000,00";"Cemara";"";"";"ICVM476"
"Opea";"CRI 57ª Emissão 4ª Série";"22H1575281";"BRAPCSCRIER6";"Ativa";"0,1000% a.a.";"57";"4";"";"15/08/2032";"40.000,00";"Cemara";"";"";"ICVM476"
"Opea";"CRI 56ª Emissão 1ª Série";"22H1582777";"BRAPCSCRIES4";"Ativa";"IPCA + 9,7500% a.a.";"56";"1";"";"15/08/2032";"160.000,00";"Cemara";"";"";"ICVM476"
"Opea";"CRI 59ª Emissão 1ª Série";"22E1325261";"BRAPCSCRIE57";"Ativa";"CDI + 0,7500% a.a.";"59";"1";"";"15/08/2027";"200.000,00";"Hypera";"";"";"ICVM476"
"Opea";"CRI 59ª Emissão 2ª Série";"22E1325262";"BRAPCSCRIE65";"Ativa";"IPCA + 6,2790% a.a.";"59";"2";"";"14/08/2029";"397.640,00";"Hypera";"";"";"ICVM476"
"Opea";"CRI 59ª Emissão 3ª Série";"22E1325264";"BRAPCSCRIE73";"Ativa";"IPCA + 6,4451% a.a.";"59";"3";"";"15/08/2032";"152.360,00";"Hypera";"";"";"ICVM476"
"Opea";"CRI 69ª Emissão 1ª Série";"22H0156413";"BRAPCSCRIEE4";"Resgatada";"IPCA + 10,0000% a.a.";"69";"1";"";"20/07/2025";"20.000,00";"WTorre";"";"";"ICVM476"
"Opea";"CRI 237ª Emissão 1ª Série";"22H0156413";"BRRBRACRIMS7";"Resgatada";"IPCA + 10,0000% a.a.";"237";"1";"";"20/07/2025";"20.000,00";"WTorre PNU III";"";"";"ICVM476"
"Opea";"CRI 237ª Emissão 2ª Série";"22H0197977";"BRRBRACRIMT5";"Resgatada";"CDI + 4,1000% a.a.";"237";"2";"";"20/07/2025";"10.000,00";"WTorre PNU III";"";"";"ICVM476"
"Opea";"CRI 69ª Emissão 2ª Série";"22H0197977";"BRAPCSCRIED6";"Resgatada";"CDI + 4,1000% a.a.";"69";"2";"";"20/07/2025";"10.000,00";"WTorre";"";"";"ICVM476"
"Opea";"CRI 28ª Emissão 1ª Série";"22H0087510";"BRRBRACRIDR8";"Ativa";"IPCA + 9,3500% a.a.";"28";"1";"";"20/12/2045";"73.000,00";"H2 Energy";"";"";"ICVM476"
"Opea";"CRI 19ª Emissão 1ª Série";"22G1232724";"BRRBRACRICZ3";"Ativa";"IPCA + 8,1866% a.a.";"19";"1";"";"14/01/2036";"88.322,00";"Canopus";"";"";"ICVM476"
"Opea";"CRI 49ª Emissão 1ª Série";"22E1321748";"BRAPCSCRIDY4";"Ativa";"CDI + 1,4500% a.a.";"49";"1";"";"14/07/2027";"67.000,00";"Cogna";"";"";"ICVM476"
"Opea";"CRI 49ª Emissão 2ª Série";"22E1321749";"BRAPCSCRIDZ1";"Ativa";"IPCA + 7,9273% a.a.";"49";"2";"";"15/07/2029";"331.000,00";"Cogna";"";"";"ICVM476"
"Opea";"CRI 49ª Emissão 3ª Série";"22E1321750";"BRAPCSCRIE08";"Ativa";"IPCA + 8,0031% a.a.";"49";"3";"";"14/07/2032";"102.000,00";"Cogna";"";"";"ICVM476"
"Opea";"CRI 11ª Emissão 3ª Série";"22G1199875";"BRRBRACRIDZ1";"Ativa";"IPCA + 8,0000% a.a.";"11";"3";"";"21/05/2042";"5.076,00";"Credihome III";"";"";"ICVM476"
"Opea";"CRI 11ª Emissão 4ª Série";"22G1199933";"BRRBRACRIE08";"Ativa";"IPCA + 15,0000% a.a.";"11";"4";"";"21/05/2042";"564,00";"Credihome III";"";"";"ICVM476"
"Opea";"CRI 77ª Emissão 1ª Série";"BRGAIACRA1B2";"BRGAIACRA1B2";"Ativa";"2,0000% a.a.";"77";"1";"";"13/09/2026";"11.000,00";"RCF Cerrado I";"";"";"ICVM476"
"Opea";"CRI 17ª Emissão 1ª Série";"22G0859034";"BRRBRACRIDX6";"Ativa";"IPCA + 8,2774% a.a.";"17";"1";"";"15/07/2029";"71.846,00";"Tradimaq";"";"";"ICVM476"
"Opea";"CRI 45ª Emissão 1ª Série";"CRA022007KF";"BRRBRACRA298";"Ativa";"CDI + 5,1500% a.a.";"45";"1";"";"10/08/2027";"100.000,00";"Fiagril";"";"";"ICVM476"
"Opea";"CRI 50ª Emissão 1ª Série";"CRA022007PU";"BRRBRACRA2A7";"Ativa";"CDI + 5,1500% a.a.";"50";"1";"";"10/08/2027";"100.000,00";"Fiagril";"";"";"ICVM476"
"Opea";"CRI 51ª Emissão 1ª Série";"CRA022007PV";"BRRBRACRA2B5";"Ativa";"CDI + 5,1500% a.a.";"51";"1";"";"10/08/2027";"100.000,00";"Fiagril";"";"";"ICVM476"
"Opea";"CRI 40ª Emissão 1ª Série";"22G0279834";"BRRBRACRIDI7";"Ativa";"CDI + 1,1500% a.a.";"40";"1";"";"18/07/2027";"327.600,00";"BR12";"";"";"ICVM476"
"Opea";"CRI 40ª Emissão 2ª Série";"22G0282124";"BRRBRACRIDJ5";"Ativa";"CDI + 1,7000% a.a.";"40";"2";"";"18/07/2027";"75.000,00";"BR12";"";"";"ICVM476"
"Opea";"CRI 40ª Emissão 3ª Série";"22G0282145";"BRRBRACRIDK3";"Ativa";"CDI + 2,1500% a.a.";"40";"3";"";"18/07/2027";"195.600,00";"BR12";"";"";"ICVM476"
"Opea";"CRI 40ª Emissão 4ª Série";"22G0282158";"BRRBRACRIDL1";"Ativa";"IPCA + 8,8517% a.a.";"40";"4";"";"18/07/2027";"56.850,00";"BR12";"";"";"ICVM476"
"Opea";"CRI 39ª Emissão 1ª Série";"22G0282170";"BRRBRACRIDE6";"Ativa";"CDI + 1,1500% a.a.";"39";"1";"";"18/07/2027";"382.200,00";"BR12";"";"";"ICVM476"
"Opea";"CRI 39ª Emissão 2ª Série";"22G0282276";"BRRBRACRIDF3";"Ativa";"CDI + 1,7000% a.a.";"39";"2";"";"18/07/2027";"87.500,00";"BR12";"";"";"ICVM476"
"Opea";"CRI 39ª Emissão 3ª Série";"22G0282284";"BRRBRACRIDG1";"Ativa";"CDI + 2,1500% a.a.";"39";"3";"";"18/07/2027";"228.200,00";"BR12";"";"";"ICVM476"
"Opea";"CRI 39ª Emissão 4ª Série";"22G0282285";"BRRBRACRIDH9";"Ativa";"IPCA + 8,8517% a.a.";"39";"4";"";"18/07/2027";"66.325,00";"BR12";"";"";"ICVM476"
"Opea";"CRI 14ª Emissão 1ª Série";"22G0282290";"BRRBRACRIDA4";"Ativa";"CDI + 1,1500% a.a.";"14";"1";"";"18/07/2027";"436.800,00";"BR12";"";"";"ICVM476"
"Opea";"CRI 14ª Emissão 2ª Série";"22G0282296";"BRRBRACRIDB2";"Ativa";"CDI + 1,7000% a.a.";"14";"2";"";"18/07/2027";"100.000,00";"BR12";"";"";"ICVM476"
"Opea";"CRI 14ª Emissão 3ª Série";"22G0282297";"BRRBRACRIDC0";"Ativa";"CDI + 2,1500% a.a.";"14";"3";"";"18/07/2027";"260.800,00";"BR12";"";"";"ICVM476"
"Opea";"CRI 14ª Emissão 4ª Série";"22G0282305";"BRRBRACRIDD8";"Ativa";"IPCA + 8,8517% a.a.";"14";"4";"";"18/07/2027";"75.800,00";"BR12";"";"";"ICVM476"
"Opea";"CRI 13ª Emissão 1ª Série";"22G0282328";"BRRBRACRID66";"Ativa";"CDI + 1,1500% a.a.";"13";"1";"";"18/07/2027";"491.400,00";"BR12";"";"";"ICVM476"
"Opea";"CRI 13ª Emissão 2ª Série";"22G0282329";"BRRBRACRID74";"Ativa";"CDI + 1,7000% a.a.";"13";"2";"";"18/07/2027";"112.500,00";"BR12";"";"";"ICVM476"
"Opea";"CRI 13ª Emissão 3ª Série";"22G0282332";"BRRBRACRID82";"Ativa";"CDI + 2,1500% a.a.";"13";"3";"";"18/07/2027";"293.400,00";"BR12";"";"";"ICVM476"
"Opea";"CRI 13ª Emissão 4ª Série";"22G0282333";"BRRBRACRID90";"Ativa";"IPCA + 8,8517% a.a.";"13";"4";"";"18/07/2027";"85.275,00";"BR12";"";"";"ICVM476"
"Opea";"CRI 8ª Emissão 1ª Série";"22G0282361";"BRRBRACRID25";"Ativa";"CDI + 1,1500% a.a.";"8";"1";"";"18/07/2027";"546.000,00";"BR12";"";"";"ICVM476"
"Opea";"CRI 8ª Emissão 2ª Série";"22G0282362";"BRRBRACRID33";"Ativa";"CDI + 1,7000% a.a.";"8";"2";"";"18/07/2027";"125.000,00";"BR12";"";"";"ICVM476"
"Opea";"CRI 8ª Emissão 3ª Série";"22G0282370";"BRRBRACRID41";"Ativa";"CDI + 2,1500% a.a.";"8";"3";"";"18/07/2027";"326.000,00";"BR12";"";"";"ICVM476"
"Opea";"CRI 8ª Emissão 4ª Série";"22G0282372";"BRRBRACRID58";"Ativa";"IPCA + 8,8517% a.a.";"8";"4";"";"18/07/2027";"94.750,00";"BR12";"";"";"ICVM476"
"Opea";"CRI 50ª Emissão 1ª Série";"22G1136254";"BRRBRACRIDU2";"Ativa";"IPCA + 6,3828% a.a.";"50";"1";"";"15/07/2029";"30.000,00";"Rede D'or IX";"";"";"ICVM476"
"Opea";"CRI 50ª Emissão 2ª Série";"22G1136327";"BRRBRACRIDV0";"Ativa";"IPCA + 6,5445% a.a.";"50";"2";"";"14/07/2032";"70.000,00";"Rede D'or IX";"";"";"ICVM476"
"Opea";"CRI 50ª Emissão 3ª Série";"22G1136492";"BRRBRACRIDW8";"Ativa";"IPCA + 6,7692% a.a.";"50";"3";"";"14/07/2037";"400.000,00";"Rede D'or IX";"";"";"ICVM476"
"Opea";"CRI 6ª Emissão 1ª Série";"22G0785359";"BRRBRACRIDT4";"Ativa";"IPCA + 11,0000% a.a.";"6";"1";"";"24/06/2026";"30.000,00";"Ybytuata";"";"";"ICVM476"
"Opea";"CRI 15ª Emissão 1ª Série";"22F0675402";"BRRBRACRICE8";"Ativa";"CDI + 0,9000% a.a.";"15";"1";"";"14/07/2027";"100.000,00";"Tramontina";"";"";"ICVM476"
"Opea";"CRI 30ª Emissão 1ª Série";"22G0668621";"BRRBRACRIDN7";"Ativa";"IPCA + 7,7000% a.a.";"30";"1";"";"23/08/2037";"70.000,00";"Shopping Leblon";"";"";"ICVM476"
"Opea";"CRI 30ª Emissão 2ª Série";"22G0668622";"BRRBRACRIDO5";"Ativa";"IPCA + 7,7000% a.a.";"30";"2";"";"23/08/2037";"7.000,00";"Shopping Leblon";"";"";"ICVM476"
"Opea";"CRI 23ª Emissão 1ª Série";"22G0663573";"BRRBRACRIDM9";"Resgatada";"CDI + 4,0000% a.a.";"23";"1";"";"27/07/2025";"65.681,00";"Setin Perdizes";"";"";"ICVM476"
"Opea";"CRI 53ª Emissão 1ª Série";"22G0078399";"BRAPCSCRIDD8";"Ativa";"CDI + 4,0000% a.a.";"53";"1";"";"27/12/2026";"19.547.045,00";"MDB";"";"";"ICVM476"
"Opea";"CRI 33ª Emissão 1ª Série";"22G0641775";"BRAPCSCRIE16";"Ativa";"IPCA + 10,0000% a.a.";"33";"1";"";"29/06/2034";"67.450.000,00";"Origo II";"";"";"ICVM476"
"Opea";"CRI 33ª Emissão 2ª Série";"22G0652968";"BRAPCSCRIE24";"Ativa";"IPCA + 10,0000% a.a.";"33";"2";"";"29/06/2034";"26.000.000,00";"Origo II";"";"";"ICVM476"
"Opea";"CRI 33ª Emissão 3ª Série";"22G0652970";"BRAPCSCRIE32";"Ativa";"IPCA + 10,0000% a.a.";"33";"3";"";"29/06/2034";"22.671.963,00";"Origo II";"";"";"ICVM476"
"Opea";"CRI 33ª Emissão 4ª Série";"22G0652976";"BRAPCSCRIE40";"Ativa";"0,0000% a.a.";"33";"4";"";"29/06/2042";"29.030.490,00";"Origo II";"";"";"ICVM476"
"Opea";"CRI 53ª Emissão 2ª Série";"22G0079318";"BRAPCSCRIDE6";"Ativa";"CDI + 4,0000% a.a.";"53";"2";"";"27/12/2026";"17.433.902,00";"MDB";"";"";"ICVM476"
"Opea";"CRI 53ª Emissão 3ª Série";"22G0079354";"BRAPCSCRIDF3";"Ativa";"CDI + 4,0000% a.a.";"53";"3";"";"27/12/2026";"17.433.902,00";"MDB";"";"";"ICVM476"
"Opea";"CRI 6ª Emissão 2ª Série";"22E1314511";"BRAPCSCRIDB2";"Ativa";"IPCA + 7,8000% a.a.";"6";"2";"";"14/06/2027";"13.500,00";"Plaenge";"";"";"ICVM476"
"Opea";"CRI 31ª Emissão 1ª Série";"22F0230096";"BRAPCSCRICR0";"Ativa";"CDI + 0,7500% a.a.";"31";"1";"";"25/06/2029";"550.000,00";"Raia Drogasil S/A";"";"";"ICVM476"
"Opea";"CRI 9ª Emissão 1ª Série";"22F1025672";"BRRBRACRICO7";"Ativa";"CDI + 3,5000% a.a.";"9";"1";"";"26/07/2034";"35.000.000,00";"Cortel II";"";"";"ICVM476"
"Opea";"CRI 9ª Emissão 2ª Série";"22F1025673";"BRRBRACRICP4";"Ativa";"CDI + 4,6095% a.a.";"9";"2";"";"26/07/2034";"10.000.000,00";"Cortel II";"";"";"ICVM476"
"Opea";"CRI 10ª Emissão 1ª Série";"22F1025725";"BRRBRACRICM1";"Ativa";"CDI + 3,5000% a.a.";"10";"1";"";"26/07/2033";"35.000.000,00";"Cortel III";"";"";"ICVM476"
"Opea";"CRI 10ª Emissão 2ª Série";"22F1025727";"BRRBRACRICN9";"Ativa";"CDI + 4,1690% a.a.";"10";"2";"";"26/07/2033";"10.000.000,00";"Cortel III";"";"";"ICVM476"
"Opea";"CRI 32ª Emissão 1ª Série";"22F1223555";"BRRBRACRICY6";"Ativa";"IPCA + 8,0000% a.a.";"32";"1";"";"16/06/2037";"34.770,00";"Rizobacter";"";"";"ICVM476"
"Opea";"CRI 18ª Emissão 1ª Série";"22E1313665";"BRAPCSCRID41";"Ativa";"CDI + 4,7500% a.a.";"18";"1";"";"23/06/2027";"50.000,00";"CRI 18ª Emissao 1ª Série";"";"";"ICVM476"
"Opea";"CRI 29ª Emissão 1ª Série";"22F1035289";"BRRBRACRICX8";"Ativa";"CDI + 1,5000% a.a.";"29";"1";"";"16/06/2027";"276.000,00";"Parque da Cidade II";"";"";"ICVM476"
"Opea";"CRI 44ª Emissão 1ª Série";"22F1035343";"BRRBRACRICQ2";"Resgatada";"CDI + 6,0000% a.a.";"44";"1";"";"25/05/2026";"22.985,00";"Gafisa Sorocaba";"";"";"ICVM476"
"Opea";"CRI 12ª Emissão 1ª Série";"22F1036083";"BRRBRACRICL3";"Ativa";"IPCA + 9,8500% a.a.";"12";"1";"";"22/06/2032";"26.000,00";"SGGC Shopping Serra Sul";"";"";"ICVM476"
"Opea";"CRI 3ª Emissão 1ª Série";"22C1362141";"BRAPCSCRICE8";"Ativa";"IPCA + 6,3423% a.a.";"3";"1";"";"16/07/2034";"800.000,00";"CRI Mateus";"";"";"ICVM400"
"Opea";"CRI 34ª Emissão 1ª Série";"22E1313668";"BRAPCSCRID58";"Ativa";"CDI + 2,4000% a.a.";"34";"1";"";"14/06/2027";"27.333,00";"Hospital Care";"";"";"ICVM476"
"Opea";"CRI 34ª Emissão 2ª Série";"22E1313669";"BRAPCSCRID66";"Ativa";"IPCA + 8,3459% a.a.";"34";"2";"";"14/06/2029";"122.667,00";"Hospital Care";"";"";"ICVM476"
"Opea";"CRI 2ª Emissão 1ª Série";"22F0009804";"BRAPCSCRICD0";"Ativa";"IPCA + 6,4899% a.a.";"2";"1";"";"14/06/2032";"300.000,00";"Direcional";"";"";"ICVM400"
"Opea";"CRI 27ª Emissão 1ª Série";"22F0636859";"BRRBRACRICF5";"Ativa";"IPCA + 9,0000% a.a.";"27";"1";"";"23/05/2028";"60.000,00";"Salinas";"";"";"ICVM476"
"Opea";"CRI 27ª Emissão 2ª Série";"22F0636861";"BRRBRACRICG3";"Ativa";"IPCA + 10,0000% a.a.";"27";"2";"";"23/05/2028";"20.000,00";"Salinas";"";"";"ICVM476"
"Opea";"CRI 27ª Emissão 3ª Série";"22F0636862";"BRRBRACRICH1";"Ativa";"IPCA + 10,0000% a.a.";"27";"3";"";"23/05/2028";"30.000,00";"Salinas";"";"";"ICVM476"
"Opea";"CRI 31ª Emissão 1ª Série";"CRA022006HG";"BRAPCSCRA165";"Ativa";"IPCA + 6,2000% a.a.";"31";"1";"";"14/06/2032";"200.000,00";"Duratex";"";"";"ICVM476"
"Opea";"CRI 32ª Emissão 1ª Série";"CRA022006N8";"BRGAIACRA1A4";"Resgatada";"CDI + 2,5000% a.a.";"32";"1";"";"14/06/2025";"60.000,00";"MEGAPRODUTORES BB";"";"";"ICVM476"
"Opea";"CRI 32ª Emissão 1ª Série";"CRA022006N6";"BRAPCSCRA173";"Quitada";"CDI + 5,0000% a.a.";"32";"1";"";"15/06/2025";"185.000,00";"Futura";"";"";"ICVM476"
"Opea";"CRI 24ª Emissão 1ª Série";"22E1284935";"BRRBRACRICC2";"Ativa";"IPCA + 6,7500% a.a.";"24";"1";"";"10/04/2034";"240.329,00";"Assaí";"";"";"ICVM476"
"Opea";"CRI 27ª Emissão 1ª Série";"22F0230585";"BRAPCSCRICW0";"Ativa";"IPCA + 10,0000% a.a.";"27";"1";"";"14/05/2026";"16.000.000,00";"Tenerife";"";"";"ICVM476"
"Opea";"CRI 7ª Emissão 1ª Série";"22E1284821";"BRRBRACRIC91";"Ativa";"IPCA + 9,7500% a.a.";"7";"1";"";"23/06/2037";"49.140,00";"Fazsol";"";"";"ICVM476"
"Opea";"CRI 7ª Emissão 2ª Série";"22E1284822";"BRRBRACRICA6";"Ativa";"IPCA + 9,7500% a.a.";"7";"2";"";"23/06/2037";"45.590,00";"Fazsol";"";"";"ICVM476"
"Opea";"CRI 7ª Emissão 3ª Série";"22E1284824";"BRRBRACRICB4";"Ativa";"IPCA + 9,7500% a.a.";"7";"3";"";"23/06/2037";"17.270,00";"Fazsol";"";"";"ICVM476"
"Opea";"CRI 16ª Emissão 1ª Série";"22D1289605";"BRRBRACRIC59";"Ativa";"IPCA + 7,7500% a.a.";"16";"1";"";"16/06/2027";"16.340,00";"Yuca Augusta Tiete";"";"";"ICVM476"
"Opea";"CRI 16ª Emissão 2ª Série";"22D1289606";"BRRBRACRIC67";"Ativa";"IPCA + 8,0000% a.a.";"16";"2";"";"16/06/2027";"7.797,00";"Yuca Augusta Tiete";"";"";"ICVM476"
"Opea";"CRI 11ª Emissão 1ª Série";"22E1102599";"BRRBRACRIC75";"Ativa";"IPCA + 8,0000% a.a.";"11";"1";"";"21/05/2042";"15.606,00";"Credihome III";"";"";"ICVM476"
"Opea";"CRI 11ª Emissão 2ª Série";"22E1102623";"BRRBRACRIC83";"Ativa";"IPCA + 15,0000% a.a.";"11";"2";"";"21/05/2042";"1.734,00";"Credihome III";"";"";"ICVM476"
"Opea";"CRI 1ª Emissão 44ª Série";"15C0198462";"BRAPCSCRI1G8";"Ativa";"IPCA + 10,0000% a.a.";"1";"44";"";"24/09/2026";"9,00";"Excelso";"";"";"ICVM476"
"Opea";"CRI 35ª Emissão 1ª Série";"22E1150634";"BRGAIACRI6N8";"Ativa";"IPCA + 8,0000% a.a.";"35";"1";"";"24/07/2032";"40.000,00";"Urban Hub";"";"";"ICVM476"
"Opea";"CRI 7ª Emissão 1ª Série";"22E0640809";"BRAPCSCRICO7";"Ativa";"IPCA + 9,7500% a.a.";"7";"1";"";"19/12/2041";"50.000,00";"Galleria I";"";"";"ICVM476"
"Opea";"CRI 7ª Emissão 2ª Série";"22E0640888";"BRAPCSCRICP4";"Ativa";"9,7500% a.a.";"7";"2";"";"19/12/2041";"10.000,00";"Galleria";"";"";"ICVM476"
"Opea";"CRI 15ª Emissão 1ª Série";"22E0860401";"BRAPCSCRICQ2";"Ativa";"IPCA + 8,5000% a.a.";"15";"1";"";"24/05/2027";"40.000,00";"ADN";"";"";"ICVM476"
"Opea";"CRI 43ª Emissão 1ª Série";"CRA022005K1";"BRRBRACRA1X1";"Ativa";"CDI + 5,5000% a.a.";"43";"1";"";"16/05/2030";"15.000,00";"Raça Agro II";"";"";"ICVM476"
"Opea";"CRI 44ª Emissão 1ª Série";"CRA022005K2";"BRRBRACRA1Y9";"Ativa";"CDI + 5,5000% a.a.";"44";"1";"";"16/05/2030";"15.000,00";"Raça Agro III";"";"";"ICVM476"
"Opea";"CRI 19ª Emissão 1ª Série";"22E0591830";"BRAPCSCRICM1";"Ativa";"CDI + 6,5000% a.a.";"19";"1";"";"16/05/2032";"10.000,00";"Dal Pozzo";"";"";"ICVM476"
"Opea";"CRI 2ª Emissão 1ª Série";"22E1056953";"BRRBRACRIC42";"Ativa";"IPCA + 8,6666% a.a.";"2";"1";"";"16/05/2032";"305.000,00";"Gaps";"";"";"ICVM476"
"Opea";"CRI 5ª Emissão 1ª Série";"22E0891023";"BRRBRACRIC34";"Ativa";"CDI + 4,5000% a.a.";"5";"1";"";"18/05/2027";"27.589,00";"Zarin";"";"";"ICVM476"
"Opea";"CRI 9ª Emissão 1ª Série";"22E0640948";"BRAPCSCRICN9";"Ativa";"CDI + 3,1000% a.a.";"9";"1";"";"07/05/2028";"40.000,00";"MA Varanda";"";"";"ICVM476"
"Opea";"CRI 1ª Emissão 495ª Série";"22D0946642";"BRRBRACRIC26";"Ativa";"IPCA + 8,0000% a.a.";"1";"495";"";"11/05/2030";"32.650,00";"Gerabens";"";"";"ICVM476"
"Opea";"CRI 1ª Emissão 508ª Série";"22D1289007";"BRRBRACRIBX0";"Ativa";"IPCA + 5,8300% a.a.";"1";"508";"";"14/06/2029";"798.634,00";"Rede D'or VIII";"";"";"ICVM400"
"Opea";"CRI 1ª Emissão 509ª Série";"22D1289008";"BRRBRACRIBY8";"Ativa";"IPCA + 6,0100% a.a.";"1";"509";"";"14/06/2032";"341.867,00";"Rede D'or VIII";"";"";"ICVM400"
"Opea";"CRI 1ª Emissão 489ª Série";"22D1289009";"BRRBRACRIBU6";"Ativa";"CDI + 0,4000% a.a.";"1";"489";"";"14/06/2027";"121.300,00";"Cyrela";"";"";"ICVM400"
"Opea";"CRI 1ª Emissão 490ª Série";"22D1289010";"BRRBRACRIBV4";"Ativa";"IPCA + 5,9068% a.a.";"1";"490";"";"14/06/2027";"259.200,00";"Cyrela";"";"";"ICVM400"
"Opea";"CRI 1ª Emissão 491ª Série";"22D1289011";"BRRBRACRIBW2";"Ativa";"IPCA + 6,1280% a.a.";"1";"491";"";"14/06/2029";"99.500,00";"Cyrela";"";"";"ICVM400"
"Opea";"CRI 17ª Emissão 1ª Série";"22D1068786";"BRAPCSCRICI9";"Ativa";"IPCA + 7,4000% a.a.";"17";"1";"";"24/04/2028";"23.158.500,00";"Bluecap";"";"";"RCVM160RA"
"Opea";"CRI 17ª Emissão 2ª Série";"22D1068881";"BRAPCSCRICJ7";"Ativa";"IPCA + 10,1000% a.a.";"17";"2";"";"24/04/2028";"54.036.500,00";"Bluecap";"";"";"RCVM160RA"
"Opea";"CRI 1ª Emissão 432ª Série";"22A1171641";"BRRBRACRIB68";"Ativa";"IPCA + 7,8500% a.a.";"1";"432";"";"19/04/2034";"21.005,00";"Viverde";"";"";"ICVM476"
"Opea";"CRI 1ª Emissão 433ª Série";"22A1171643";"BRRBRACRIB76";"Ativa";"IPCA + 7,8500% a.a.";"1";"433";"";"19/04/2034";"1.400,00";"Viverde";"";"";"ICVM476"
"Opea";"CRI 1ª Emissão 434ª Série";"22A1171644";"BRRBRACRIB84";"Ativa";"IPCA + 7,8500% a.a.";"1";"434";"";"19/04/2034";"5.601,00";"Viverde";"";"";"ICVM476"
"Opea";"CRI 1ª Emissão 424ª Série";"22D0945203";"BRRBRACRIBZ5";"Ativa";"IPCA + 8,6100% a.a.";"1";"424";"";"18/04/2032";"70.000,00";"Cavicchiolli";"";"";"ICVM476"
"Opea";"CRI 36ª Emissão 1ª Série";"CRA022004H5";"BRRBRACRA1W3";"Ativa";"IPCA + 7,4986% a.a.";"36";"1";"";"16/04/2028";"200.000,00";"Nardini";"";"";"ICVM476"
"Opea";"CRI 11ª Emissão 1ª Série";"22D0836679";"BRAPCSCRICG3";"Ativa";"CDI + 4,2500% a.a.";"11";"1";"";"27/04/2028";"105.000,00";"Tecnisa";"";"";"ICVM476"
"Opea";"CRI 1ª Emissão 524ª Série";"22D0845191";"BRRBRACRIC00";"Ativa";"IPCA + 7,3000% a.a.";"1";"524";"";"15/02/2052";"3.000,00";"Creditu";"";"";"ICVM476"
"Opea";"CRI 1ª Emissão 511ª Série";"22D0376329";"BRRBRACRIBK7";"Ativa";"IPCA + 7,1200% a.a.";"1";"511";"";"19/10/2034";"115.000,00";"Correios Contagem";"";"";"ICVM476"
"Opea";"CRI 1ª Emissão 506ª Série";"22D0378281";"BRAPCSCRICF5";"Resgatada";"CDI + 5,0000% a.a.";"1";"506";"";"25/12/2025";"170.000,00";"Allegra";"";"";"ICVM476"
"Opea";"CRI 1ª Emissão 465ª Série";"22C1012859";"BRRBRACRIBD2";"Ativa";"IPCA + 10,0000% a.a.";"1";"465";"";"03/03/2037";"75.000,00";"Origo";"";"";"ICVM476"
"Opea";"CRI 1ª Emissão 482ª Série";"22C1214804";"BRRBRACRIBI1";"Ativa";"IPCA + 7,5000% a.a.";"1";"482";"";"07/09/2032";"12.500,00";"Futura Energia";"";"";"ICVM476"
"Opea";"CRI 26ª Emissão 1ª Série";"CRA02200335";"BRRBRACRA1O0";"Ativa";"CDI + 6,5000% a.a.";"26";"1";"";"26/12/2029";"11.000,00";"BB Fuels";"";"";"ICVM476"
"Opea";"CRI 33ª Emissão 1ª Série";"CRA02200336";"BRRBRACRA1P7";"Ativa";"CDI + 6,5000% a.a.";"33";"1";"";"26/12/2029";"11.000,00";"BB Fuels";"";"";"ICVM476"
"Opea";"CRI 34ª Emissão 1ª Série";"CRA02200337";"BRRBRACRA1Q5";"Ativa";"CDI + 6,5000% a.a.";"34";"1";"";"26/12/2029";"11.000,00";"BB Fuels";"";"";"ICVM476"
"Opea";"CRI 38ª Emissão 1ª Série";"CRA02200338";"BRRBRACRA1R3";"Ativa";"CDI + 6,5000% a.a.";"38";"1";"";"26/12/2029";"11.000,00";"BB Fuels";"";"";"ICVM476"
"Opea";"CRI 39ª Emissão 1ª Série";"CRA0220033C";"BRRBRACRA1S1";"Ativa";"CDI + 6,5000% a.a.";"39";"1";"";"26/12/2029";"11.000,00";"BB Fuels";"";"";"ICVM476"
"Opea";"CRI 238ª Emissão 1ª Série";"22C1074766";"BRRBRACRIMR9";"Resgatada";"IPCA + 10,0000% a.a.";"238";"1";"";"20/07/2025";"50.000,00";"WTorre PNU II";"";"";"ICVM476"
"Opea";"CRI 1ª Emissão 513ª Série";"22C1074766OLD";"BRAPCSCRIC91";"Resgatada";"IPCA + 10,0000% a.a.";"1";"513";"";"20/07/2025";"50.000,00";"WTorre lll";"";"";"ICVM476"
"Opea";"CRI 37ª Emissão 1ª Série";"CRA0220033A";"BRRBRACRA1M4";"Execução";"CDI + 5,5000% a.a.";"37";"1";"";"24/03/2026";"24.000,00";"Agrogalaxy";"";"";"ICVM476"
"Opea";"CRI 37ª Emissão 2ª Série";"CRA0220033B";"BRRBRACRA1N2";"Execução";"CDI + 5,5000% a.a.";"37";"2";"";"24/03/2026";"24.000,00";"Agrogalaxy";"";"";"ICVM476"
"Opea";"CRI 35ª Emissão 1ª Série";"CRA0220033F";"BRRBRACRA1K8";"Ativa";"CDI + 2,2500% a.a.";"35";"1";"";"26/12/2032";"24.000,00";"Raça Agro";"";"";"ICVM476"
"Opea";"CRI 35ª Emissão 2ª Série";"CRA0220033G";"BRRBRACRA1L6";"Ativa";"CDI + 2,2500% a.a.";"35";"2";"";"26/12/2032";"16.000,00";"Raça Agro";"";"";"ICVM476"
"Opea";"CRI 1ª Emissão 463ª Série";"22C1235206";"BRRBRACRIB19";"Ativa";"CDI + 1,5000% a.a.";"1";"463";"";"26/04/2027";"548.862,00";"Havan";"";"";"ICVM400"
"Opea";"CRI 1ª Emissão 496ª Série";"22C0951172";"BRRBRACRIBC4";"Quitada";"IPCA + 8,1500% a.a.";"1";"496";"";"15/03/2026";"10.000,00";"Lindenberg";"";"";"ICVM476"
"Opea";"CRI 1ª Emissão 492ª Série";"22C0951176";"BRRBRACRIBB6";"Resgatada";"IPCA + 8,1500% a.a.";"1";"492";"";"15/03/2026";"50.000,00";"Lindenberg";"";"";"ICVM476"
"Opea";"CRI 1ª Emissão 500ª Série";"22C1013173";"BRAPCSCRIC83";"Resgatada";"CDI + 4,0000% a.a.";"1";"500";"";"22/09/2025";"115.000,00";"Amarante";"";"";"ICVM476"
"Opea";"CRI 1ª Emissão 509ª Série";"22C0508888";"BRAPCSCRIC67";"Ativa";"CDI + 1,1000% a.a.";"1";"509";"";"14/03/2027";"130.350,00";"LOG";"";"";"ICVM476"
"Opea";"CRI 1ª Emissão 510ª Série";"22C0509641";"BRAPCSCRIC75";"Ativa";"IPCA + 6,3000% a.a.";"1";"510";"";"14/03/2029";"169.650,00";"LOG";"";"";"ICVM476"
"Opea";"CRI 24ª Emissão 1ª Série";"CRA022002XP";"BRRBRACRA1I2";"Ativa";"CDI + 3,0000% a.a.";"24";"1";"";"08/03/2027";"50.000,00";"RodOil";"";"";"ICVM476"
"Opea";"CRI 24ª Emissão 2ª Série";"CRA022002XR";"BRRBRACRA1J0";"Ativa";"CDI + 4,0000% a.a.";"24";"2";"";"08/03/2028";"50.000,00";"RodOil";"";"";"ICVM476"
"Opea";"CRI 1ª Emissão 480ª Série";"22B0624342";"BRAPCSCRIBY8";"Ativa";"IPCA + 7,9500% a.a.";"1";"480";"";"20/02/2028";"50.000,00";"PORTO5";"";"";"ICVM476"
"Opea";"CRI 4ª Emissão 170ª Série";"22B0653652";"BRGAIACRI6M0";"Ativa";"IPCA + 9,3900% a.a.";"4";"170";"";"26/08/2032";"14.750,00";"VOLTXS";"";"";"ICVM476"
"Opea";"CRI 1ª Emissão 464ª Série";"21I0661183";"BRAPCSCRIB35";"Ativa";"IPCA + 8,5000% a.a.";"1";"464";"";"24/09/2034";"24.410,00";"RZK";"";"";"ICVM476"
"Opea";"CRI 1ª Emissão 495ª Série";"22C0023008";"BRAPCSCRIBX0";"Ativa";"CDI + 0,7000% a.a.";"1";"495";"";"07/03/2027";"250.000,00";"Raia Drogasil S/A";"";"";"ICVM476"
"Opea";"CRI 1ª Emissão 451ª Série";"22C0509668";"BRRBRACRIBA8";"Ativa";"IPCA + 9,5000% a.a.";"1";"451";"";"24/06/2040";"342.000,00";"Cidade Matarazzo";"";"";"ICVM476"
"Opea";"CRI 1ª Emissão 477ª Série";"22B0939885";"BRRBRACRIB50";"Ativa";"IPCA + 6,6500% a.a.";"1";"477";"";"17/02/2032";"77.190,00";"JFL Rebouças";"";"";"ICVM476"
"Opea";"CRI 1ª Emissão 478ª Série";"22B0945873";"BRRBRACRIB92";"Ativa";"IPCA + 7,5000% a.a.";"1";"478";"";"26/02/2036";"60.749,00";"Covepi";"";"";"ICVM476"
"Opea";"CRI 25ª Emissão 1ª Série";"CRA022002GZ";"BRRBRACRA1G6";"Resgatada";"CDI + 7,0000% a.a.";"25";"1";"";"17/03/2026";"33.000,00";"Impacto II";"";"";"ICVM476"
"Opea";"CRI 18ª Emissão 1ª Série";"CRA021003KP";"BRAPCSCRA108";"Ativa";"IPCA + 6,3104% a.a.";"18";"1";"";"14/02/2028";"218.414,00";"Selmi";"";"";"ICVM400"
"Opea";"CRI 20ª Emissão 1ª Série";"CRA02200001";"BRAPCSCRA116";"Ativa";"CDI + 5,0000% a.a.";"20";"1";"";"14/09/2027";"83.509,00";"GT Foods";"";"";"ICVM400"
"Opea";"CRI 1ª Emissão 464ª Série";"22A0883092";"BRRBRACRIB01";"Ativa";"CDI + 4,5000% a.a.";"1";"464";"";"03/02/2027";"28.000,00";"Inter";"";"";"ICVM476"
"Opea";"CRI 1ª Emissão 441ª Série";"22A0883824";"BRRBRACRIAY0";"Ativa";"IPCA + 8,5000% a.a.";"1";"441";"";"17/07/2033";"16.789,00";"Village";"";"";"ICVM476"
"Opea";"CRI 1ª Emissão 442ª Série";"22A0884066";"BRRBRACRIAZ7";"Ativa";"IPCA + 6,0400% a.a.";"1";"442";"";"17/07/2033";"19.977,00";"Village";"";"";"ICVM476"
"Opea";"CRI 1ª Emissão 423ª Série";"22A0699149";"BRRBRACRIAX2";"Ativa";"IPCA + 7,0000% a.a.";"1";"423";"";"14/04/2037";"200.000,00";"Leo Madeiras";"";"";"ICVM476"
"Opea";"CRI 1ª Emissão 472ª Série";"22A0377996";"BRRBRACRIAW4";"Ativa";"IPCA + 6,8000% a.a.";"1";"472";"";"27/12/2031";"57.779,00";"Vinci Logística | Castelo";"";"";"ICVM476"
"Opea";"CRI 1ª Emissão 469ª Série";"22A0226257";"BRRBRACRIAV6";"Ativa";"IPCA + 6,5000% a.a.";"1";"469";"";"21/11/2032";"25.500,00";"BRF S.A. | Bresco";"";"";"ICVM476"
"Opea";"CRI 4ª Emissão 104ª Série";"22A0181986";"BRGAIACRI6L2";"Ativa";"IPCA + 9,0000% a.a.";"4";"104";"";"19/09/2033";"13.428,00";"BELA EMILIA";"";"";"ICVM476"
"Opea";"CRI 1ª Emissão 471ª Série";"22A0695877";"BRRBRACRIAL7";"Ativa";"IPCA + 6,9480% a.a.";"1";"471";"";"06/01/2037";"340.000,00";"Vinci | Globo";"";"";"ICVM476"
"Opea";"CRI 1ª Emissão 484ª Série";"21L0730011";"BRAPCSCRIBP6";"Ativa";"CDI + 3,5000% a.a.";"1";"484";"";"04/07/2028";"100.000,00";"Direcional";"";"";"ICVM476"
"Opea";"CRI 18ª Emissão 1ª Série";"CRA021005LY";"BRRBRACRA132";"Ativa";"CDI + 5,0000% a.a.";"18";"1";"";"20/12/2026";"2.999,00";"Fortaleza de Santa Teresinha";"";"";"ICVM476"
"Opea";"CRI 20ª Emissão 1ª Série";"CRA021005LZ";"BRRBRACRA1A9";"Quitada";"CDI + 4,5000% a.a.";"20";"1";"";"23/12/2025";"1.497,00";"Fiagril";"";"";"ICVM476"
"Opea";"CRI 1ª Emissão 474ª Série";"21L0905775";"BRAPCSCRIBT8";"Ativa";"IPCA + 8,7500% a.a.";"1";"474";"";"13/11/2033";"58.200,00";"BRDU";"";"";"ICVM476"
"Opea";"CRI 196ª Emissão 1ª Série";"21L0970492";"BRRBRACRIMQ1";"Resgatada";"IPCA + 10,0000% a.a.";"196";"1";"";"20/07/2025";"40.000,00";"WTorre PNU I";"";"";"ICVM476"
"Opea";"CRI 1ª Emissão 486ª Série";"21L0866334";"BRAPCSCRIBS0";"Ativa";"IPCA + 7,0000% a.a.";"1";"486";"";"21/11/2033";"99.319,00";"Matarazzo Rosewood II";"";"";"ICVM476"
"Opea";"CRI 1ª Emissão 430ª Série";"21L0354325";"BRRBRACRIAD4";"Ativa";"IPCA + 5,2000% a.a.";"1";"430";"";"15/12/2036";"175.750,00";"Cosmopolitano";"";"";"ICVM476"
"Opea";"CRI 1ª Emissão 466ª Série";"21L0640489";"BRRBRACRIAG7";"Ativa";"IPCA + 5,9000% a.a.";"1";"466";"";"15/12/2028";"71.657,00";"BTG Log Mauá";"";"";"ICVM476"
"Opea";"CRI 1ª Emissão 470ª Série";"21L0736590";"BRRBRACRIAO1";"Ativa";"IPCA + 6,5000% a.a.";"1";"470";"";"23/12/2036";"150.000,00";"Malls BRPP";"";"";"ICVM476"
"Opea";"CRI 1ª Emissão 472ª Série";"21L0285556";"BRAPCSCRIBL5";"Ativa";"IPCA + 10,5000% a.a.";"1";"472";"";"23/11/2026";"27.551,00";"Astir";"";"";"ICVM476"
"Opea";"CRI 1ª Emissão 422ª Série";"21L0666509";"BRRBRACRIAE2";"Ativa";"IPCA + 6,5000% a.a.";"1";"422";"";"16/12/2031";"87.533.355,00";"Makro";"";"";"ICVM476"
"Opea";"CRI 23ª Emissão 1ª Série";"CRA021005KX";"BRRBRACRA140";"Ativa";"CDI + 5,3500% a.a.";"23";"1";"";"16/12/2026";"96.347,00";"Cocari";"";"";"ICVM476"
"Opea";"CRI 23ª Emissão 2ª Série";"CRA021005KY";"BRRBRACRA157";"Ativa";"IPCA + 9,9500% a.a.";"23";"2";"";"16/12/2026";"31.434,00";"Cocari";"";"";"ICVM476"
"Opea";"CRI 23ª Emissão 3ª Série";"CRA021005L0";"BRRBRACRA165";"Ativa";"IPCA + 9,0000% a.a.";"23";"3";"";"16/12/2026";"73.868,00";"Cocari";"";"";"ICVM476"
"Opea";"CRI 23ª Emissão 4ª Série";"CRA021005L1";"BRRBRACRA173";"Ativa";"CDI + 5,3500% a.a.";"23";"4";"";"16/12/2026";"44.818,00";"Cocari";"";"";"ICVM476"
"Opea";"CRI 23ª Emissão 5ª Série";"CRA021005L2";"BRRBRACRA181";"Ativa";"IPCA + 9,9500% a.a.";"23";"5";"";"16/12/2026";"29.224,00";"Cocari";"";"";"ICVM476"
"Opea";"CRI 23ª Emissão 6ª Série";"CRA021005LH";"BRRBRACRA199";"Ativa";"100,0000% CDI";"23";"6";"";"16/12/2026";"73.000,00";"Cocari";"";"";"ICVM476"
"Opea";"CRI 1ª Emissão 470ª Série";"21L0848239";"BRAPCSCRIBR2";"Ativa";"CDI + 2,7500% a.a.";"1";"470";"";"25/01/2037";"90.000,00";"XP Malls II";"";"";"ICVM476"
"Opea";"CRI 1ª Emissão 406ª Série";"21L0146951";"BRRBRACRIA93";"Ativa";"IPCA + 7,0000% a.a.";"1";"406";"";"16/12/2031";"100.000,00";"Cortel";"";"";"ICVM476"
"Opea";"CRI 1ª Emissão 477ª Série";"21L0354209";"BRAPCSCRIBM3";"Ativa";"IPCA + 6,7500% a.a.";"1";"477";"";"14/12/2031";"34.940,00";"Viracopos";"";"";"ICVM476"
"Opea";"CRI 1ª Emissão 478ª Série";"21L0355069";"BRAPCSCRIBN1";"Ativa";"IPCA + 6,7500% a.a.";"1";"478";"";"14/12/2031";"69.880,00";"Viracopos";"";"";"ICVM476"
"Opea";"CRI 1ª Emissão 479ª Série";"21L0355178";"BRAPCSCRIBO9";"Ativa";"IPCA + 6,7500% a.a.";"1";"479";"";"14/12/2031";"69.880,00";"Viracopos";"";"";"ICVM476"
"Opea";"CRI 24ª Emissão 1ª Série";"CRA0210054C";"BRGAIACRA144";"Resgatada";"CDI + 3,0000% a.a.";"24";"1";"";"29/12/2025";"70.627,00";"FJR PRODUTORES";"";"";"ICVM476"
"Opea";"CRI 24ª Emissão 2ª Série";"CRA0210054D";"BRGAIACRA151";"Execução";"CDI + 8,0000% a.a.";"24";"2";"";"29/12/2025";"7.062,00";"FJR PRODUTORES";"";"";"ICVM476"
"Opea";"CRI 24ª Emissão 3ª Série";"CRA0210054E";"BRGAIACRA169";"Execução";"100,0000% CDI";"24";"3";"";"29/12/2025";"5.401,00";"FJR PRODUTORES";"";"";"ICVM476"
"Opea";"CRI 4ª Emissão 217ª Série";"21K1026250";"BRGAIACRI6J6";"Ativa";"CDI + 2,7000% a.a.";"4";"217";"";"19/11/2031";"50.000,00";"TOLEDO FERRARI";"";"";"ICVM476"
"Opea";"CRI 1ª Emissão 400ª Série";"21L0666609";"BRRBRACRIAH5";"Ativa";"CDI + 1,7000% a.a.";"1";"400";"";"18/04/2027";"403.742,00";"Brookfield | Edifício Condomínio Miss Silvia Morizono";"";"";"ICVM476"
"Opea";"CRI 1ª Emissão 453ª Série";"21L0668295";"BRRBRACRIAI3";"Ativa";"CDI + 1,7000% a.a.";"1";"453";"";"18/04/2027";"443.460,00";"Brookfield | Edifício Faria Lima Financial Center";"";"";"ICVM476"
"Opea";"CRI 1ª Emissão 454ª Série";"21L0668716";"BRRBRACRIAJ1";"Ativa";"CDI + 1,7000% a.a.";"1";"454";"";"18/04/2027";"257.019,00";"Brookfield | Edifício Faria Lima Square";"";"";"ICVM476"
"Opea";"CRI 1ª Emissão 455ª Série";"21L0694148";"BRRBRACRIAK9";"Ativa";"CDI + 1,7000% a.a.";"1";"455";"";"18/04/2027";"180.315,00";"Brookfield | Edifício JK 1455";"";"";"ICVM476"
"Opea";"CRI 1ª Emissão 456ª Série";"21L0324425";"BRRBRACRIAF9";"Ativa";"CDI + 5,0000% a.a.";"1";"456";"";"05/10/2026";"28.947,00";"Seed";"";"";"ICVM476"
"Opea";"CRI 1ª Emissão 465ª Série";"21K0908334";"BRAPCSCRIBJ9";"Quitada";"CDI + 4,5000% a.a.";"1";"465";"";"07/12/2025";"78.373,00";"Marajoara";"";"";"ICVM476"
"Opea";"CRI 1ª Emissão 462ª Série";"21K0914380";"BRAPCSCRIBI1";"Ativa";"IPCA + 8,5000% a.a.";"1";"462";"";"15/11/2028";"185.000,00";"Beach Park";"";"";"ICVM476"
"Opea";"CRI 1ª Emissão 428ª Série";"21K0915478";"BRRBRACRIA85";"Ativa";"IPCA + 6,4000% a.a.";"1";"428";"";"22/11/2031";"100.000,00";"JK Financial Center";"";"";"ICVM476"
"Opea";"CRI 1ª Emissão 473ª Série";"21K0906902";"BRAPCSCRIBG5";"Ativa";"IPCA + 7,0000% a.a.";"1";"473";"";"21/11/2033";"256.568,00";"Matarazzo Rosewood";"";"";"ICVM476"
"Opea";"CRI 1ª Emissão 396ª Série";"21K0001806";"BRRBRACRI9V0";"Ativa";"IPCA + 5,5758% a.a.";"1";"396";"";"14/12/2031";"400.000,00";"Rede D'or VII";"";"";"ICVM400"
"Opea";"CRI 1ª Emissão 397ª Série";"21K0001807";"BRRBRACRI9W8";"Ativa";"IPCA + 6,1017% a.a.";"1";"397";"";"14/12/2036";"600.000,00";"Rede D'or VII";"";"";"ICVM400"
"Opea";"CRI 16ª Emissão 1ª Série";"CRA021002N3";"BRAPCSCRA0Z8";"Ativa";"IPCA + 6,9849% a.a.";"16";"1";"";"14/10/2026";"480.000,00";"Zilor II";"";"";"ICVM400"
"Opea";"CRI 4ª Emissão 208ª Série";"21K0909682";"BRGAIACRI6A5";"Ativa";"IGPM + 5,0000% a.a.";"4";"208";"";"14/09/2036";"40.284,00";"DIALOGO IV";"";"";"ICVM476"
"Opea";"CRI 4ª Emissão 210ª Série";"21K0981635";"BRGAIACRI6C1";"Ativa";"INCCM + 0,0010% a.a.";"4";"210";"";"14/10/2037";"49.753,00";"DIALOGO IV";"";"";"ICVM476"
"Opea";"CRI 1ª Emissão 435ª Série";"21K0196620";"BRRBRACRIA77";"Ativa";"IPCA + 5,2000% a.a.";"1";"435";"";"14/10/2036";"30.193,00";"GPA III";"";"";"ICVM476"
"Opea";"CRI 4ª Emissão 200ª Série";"21K0522538";"BRGAIACRI675";"Ativa";"IPCA + 10,7500% a.a.";"4";"200";"";"19/05/2030";"8.000,00";"D URBANISMO";"";"";"ICVM476"
"Opea";"CRI 4ª Emissão 201ª Série";"21K0522795";"BRGAIACRI683";"Ativa";"IPCA + 10,7500% a.a.";"4";"201";"";"19/05/2030";"1.000,00";"D URBANISMO";"";"";"ICVM476"
"Opea";"CRI 1ª Emissão 441ª Série";"21K0732283";"BRAPCSCRIBF7";"Ativa";"IPCA + 10,0000% a.a.";"1";"441";"";"13/11/2033";"43.000,00";"GS Souto ll";"";"";"ICVM476"
"Opea";"CRI 1ª Emissão 429ª Série";"21K0495192";"BRRBRACRIA36";"Ativa";"IPCA + 6,5000% a.a.";"1";"429";"";"27/11/2036";"135.000,00";"Vinci Logística";"";"";"ICVM476"
"Opea";"CRI 4ª Emissão 205ª Série";"21K0002026";"BRGAIACRI659";"Ativa";"IPCA + 10,0000% a.a.";"4";"205";"";"19/09/2033";"5.958,00";"CENTRAL PARK ELLO";"";"";"ICVM476"
"Opea";"CRI 4ª Emissão 206ª Série";"21K0002029";"BRGAIACRI667";"Ativa";"IPCA + 9,5000% a.a.";"4";"206";"";"19/09/2033";"4.902,00";"CENTRAL PARK ELLO";"";"";"ICVM476"
"Opea";"CRI 1ª Emissão 428ª Série";"21H1078699";"BRAPCSCRIAP8";"Ativa";"IPCA + 5,1531% a.a.";"1";"428";"";"15/10/2028";"982.526,00";"Assaí Sendas";"";"";"ICVM400"
"Opea";"CRI 1ª Emissão 429ª Série";"21H1078700";"BRAPCSCRIAQ6";"Ativa";"IPCA + 5,2662% a.a.";"1";"429";"";"14/10/2031";"517.474,00";"Assaí Sendas";"";"";"ICVM400"
"Opea";"CRI 1ª Emissão 433ª Série";"21I0892057";"BRAPCSCRIB43";"Ativa";"IPCA + 10,8692% a.a.";"1";"433";"";"14/10/2031";"100.000,00";"Melhoramentos";"";"";"ICVM476"
"Opea";"CRI 1ª Emissão 467ª Série";"21J0648649";"BRAPCSCRIBB6";"Ativa";"IPCA + 7,0000% a.a.";"1";"467";"";"14/10/2026";"20.000,00";"Cidade Jardim";"";"";"ICVM476"
"Opea";"CRI 1ª Emissão 468ª Série";"21J0648697";"BRAPCSCRIBC4";"Ativa";"IPCA + 7,0000% a.a.";"1";"468";"";"14/10/2026";"20.250,00";"Cidade Jardim";"";"";"ICVM476"
"Opea";"CRI 1ª Emissão 456ª Série";"21J1022783";"BRAPCSCRIBD2";"Ativa";"IPCA + 9,6000% a.a.";"1";"456";"";"14/10/2031";"100.000,00";"Superfrio II";"";"";"ICVM476"
"Opea";"CRI 1ª Emissão 402ª Série";"21J0705142";"BRRBRACRIA28";"Ativa";"IPCA + 9,7500% a.a.";"1";"402";"";"05/10/2031";"166.500,00";"Mabu";"";"";"ICVM476"
"Opea";"CRI 1ª Emissão 447ª Série";"21J0043571";"BRAPCSCRIAY0";"Ativa";"IPCA + 5,9300% a.a.";"1";"447";"";"14/03/2040";"655.500,00";"GTIS VI";"";"";"ICVM476"
"Opea";"CRI 1ª Emissão 414ª Série";"21I0823365";"BRRBRACRI9U2";"Ativa";"IPCA + 10,5000% a.a.";"1";"414";"";"27/09/2031";"69.376,00";"SG Laguna 2";"";"";"ICVM476"
"Opea";"CRI 1ª Emissão 376ª Série";"21I0955277";"BRRBRACRI9S6";"Resgatada";"FIXO + 0,0000% a.a.";"1";"376";"";"23/09/2025";"7.000,00";"Golani";"";"";"ICVM476"
"Opea";"CRI 1ª Emissão 401ª Série";"21I0955278";"BRRBRACRI9T4";"Resgatada";"FIXO + 0,0000% a.a.";"1";"401";"";"23/09/2025";"7.000,00";"Golani";"";"";"ICVM476"
"Opea";"CRI 1ª Emissão 390ª Série";"21I0639671";"BRRBRACRI9G1";"Ativa";"IPCA + 5,3664% a.a.";"1";"390";"";"14/09/2026";"145.000,00";"MRL";"";"";"ICVM476"
"Opea";"CRI 1ª Emissão 391ª Série";"21I0639672";"BRRBRACRI9H9";"Ativa";"IPCA + 5,3664% a.a.";"1";"391";"";"14/09/2026";"180.000,00";"Prime";"";"";"ICVM476"
"Opea";"CRI 1ª Emissão 459ª Série";"21I0798619";"BRAPCSCRIB50";"Ativa";"FIXO + 0,0200% a.a.";"1";"459";"";"11/05/2031";"40.367.466,00";"Tecnisa VIII";"";"";"ICVM476"
"Opea";"CRI 1ª Emissão 460ª Série";"21I0798657";"BRAPCSCRIB68";"Ativa";"FIXO + 0,0200% a.a.";"1";"460";"";"11/05/2031";"26.911.644,00";"Tecnisa VIII";"";"";"ICVM476"
"Opea";"CRI 1ª Emissão 375ª Série";"21I0802801";"BRRBRACRI9P2";"Ativa";"IPCA + 9,5000% a.a.";"1";"375";"";"23/09/2031";"15.000,00";"Recel";"";"";"ICVM476"
"Opea";"CRI 1ª Emissão 404ª Série";"21I0802805";"BRRBRACRI9Q0";"Ativa";"IPCA + 9,5000% a.a.";"1";"404";"";"23/09/2031";"4.000,00";"Recel";"";"";"ICVM476"
"Opea";"CRI 1ª Emissão 435ª Série";"21I0683349";"BRAPCSCRIB19";"Ativa";"IPCA + 7,5000% a.a.";"1";"435";"";"14/09/2028";"110.000,00";"3Z";"";"";"ICVM476"
"Opea";"CRI 1ª Emissão 443ª Série";"21I0855537";"BRAPCSCRIB76";"Ativa";"IPCA + 8,2000% a.a.";"1";"443";"";"18/09/2033";"90.000,00";"Rede Duque";"";"";"ICVM476"
"Opea";"CRI 1ª Emissão 444ª Série";"21I0855623";"BRAPCSCRIB84";"Ativa";"IPCA + 8,2000% a.a.";"1";"444";"";"18/09/2033";"90.000,00";"Rede Duque";"";"";"ICVM476"
"Opea";"CRI 26ª Emissão 3ª Série";"CRA021002SR";"CRA021002SR";"Quitada";"100,0000% CDI";"26";"3";"";"21/09/2025";"16.113,00";"SUPERBAC PRODUTORES";"";"";"ICVM476"
"Opea";"CRI 26ª Emissão 1ª Série";"CRA021002SP";"BRGAIACRA110";"Resgatada";"CDI + 3,0000% a.a.";"26";"1";"";"28/08/2025";"89.316,00";"SUPERBAC PRODUTORES";"";"";"ICVM476"
"Opea";"CRI 26ª Emissão 2ª Série";"CRA021002SQ";"BRGAIACRA128";"Resgatada";"CDI + 7,0000% a.a.";"26";"2";"";"28/08/2025";"5.254,00";"SUPERBAC PRODUTORES";"";"";"ICVM476"
"Opea";"CRI 1ª Emissão 454ª Série";"21I0566602";"BRAPCSCRIAZ7";"Ativa";"IPCA + 12,0000% a.a.";"1";"454";"";"29/12/2026";"160.000,00";"BAIT";"";"";"ICVM476"
"Opea";"CRI 1ª Emissão 455ª Série";"21I0566648";"BRAPCSCRIB01";"Ativa";"IPCA + 13,0000% a.a.";"1";"455";"";"29/12/2026";"20.000,00";"BAIT";"";"";"ICVM476"
"Opea";"CRI 1ª Emissão 463ª Série";"21I0661127";"BRAPCSCRIB27";"Ativa";"IPCA + 8,5000% a.a.";"1";"463";"";"24/09/2034";"24.410,00";"RZK";"";"";"ICVM476"
"Opea";"CRI 1ª Emissão 383ª Série";"21I0277499";"BRRBRACRI9I7";"Ativa";"IPCA + 7,5000% a.a.";"1";"383";"";"19/09/2033";"29.865,00";"Verticale";"";"";"ICVM476"
"Opea";"CRI 1ª Emissão 378ª Série";"21I0140051";"BRRBRACRI9A4";"Ativa";"IPCA + 7,0000% a.a.";"1";"378";"";"25/08/2026";"5.285,00";"Villa de Gaia";"";"";"ICVM476"
"Opea";"CRI 1ª Emissão 379ª Série";"21I0148113";"BRRBRACRI9B2";"Ativa";"IPCA + 7,0000% a.a.";"1";"379";"";"25/08/2026";"1.321,00";"Villa de Gaia";"";"";"ICVM476"
"Opea";"CRI 1ª Emissão 445ª Série";"21H0950730";"BRAPCSCRIAT0";"Ativa";"CDI + 6,0000% a.a.";"1";"445";"";"19/10/2026";"30.000,00";"Prestes";"";"";"ICVM476"
"Opea";"CRI 1ª Emissão 360ª Série";"21H1034619";"BRRBRACRI960";"Ativa";"IPCA + 9,6500% a.a.";"1";"360";"";"25/08/2027";"60.000,00";"Hot Beach";"";"";"ICVM476"
"Opea";"CRI 1ª Emissão 398ª Série";"21H1035009";"BRRBRACRI986";"Ativa";"IPCA + 12,5000% a.a.";"1";"398";"";"25/08/2027";"60.000,00";"Hot Beach";"";"";"ICVM476"
"Opea";"CRI 1ª Emissão 361ª Série";"21H1035398";"BRRBRACRI978";"Ativa";"IPCA + 10,7500% a.a.";"1";"361";"";"25/08/2027";"20.000,00";"Hot Beach";"";"";"ICVM476"
"Opea";"CRI 1ª Emissão 399ª Série";"21H1035558";"BRRBRACRI994";"Ativa";"IPCA + 14,5000% a.a.";"1";"399";"";"25/08/2027";"20.000,00";"Hot Beach";"";"";"ICVM476"
"Opea";"CRI 4ª Emissão 159ª Série";"21H0975635";"BRGAIACRI5V3";"Ativa";"IPCA + 5,5000% a.a.";"4";"159";"";"09/11/2033";"56.000,00";"FEMSA";"";"";"ICVM476"
"Opea";"CRI 1ª Emissão 385ª Série";"21H0974929";"BRRBRACRI8Z3";"Ativa";"IPCA + 5,7500% a.a.";"1";"385";"";"21/08/2036";"110.000,00";"JFL VO";"";"";"ICVM476"
"Opea";"CRI 1ª Emissão 386ª Série";"21H0979490";"BRRBRACRI952";"Ativa";"IPCA + 6,0000% a.a.";"1";"386";"";"27/08/2046";"8.097,00";"Navi";"";"";"ICVM476"
"Opea";"CRI 1ª Emissão 414ª Série";"21H1002745";"BRAPCSCRIAU8";"Ativa";"IPCA + 6,5000% a.a.";"1";"414";"";"24/08/2031";"1.000.000,00";"Tourmalet";"";"";"ICVM476"
"Opea";"CRI 1ª Emissão 416ª Série";"21H1011071";"BRAPCSCRIAW4";"Ativa";"IGPM + 6,0000% a.a.";"1";"416";"";"23/07/2053";"1.000.000,00";"Tourmalet";"";"";"ICVM476"
"Opea";"CRI 1ª Emissão 415ª Série";"21H1029266";"BRAPCSCRIAV6";"Ativa";"IGPM + 7,7500% a.a.";"1";"415";"";"08/07/2053";"1.000.000,00";"Tourmalet";"";"";"ICVM476"
"Opea";"CRI 1ª Emissão 417ª Série";"21H1029284";"BRAPCSCRIAX2";"Ativa";"0,0000% a.a.";"1";"417";"";"23/07/2053";"1.000,00";"Tourmalet";"";"";"ICVM476"
"Opea";"CRI 1ª Emissão 1ª Série";"SFCL11";"BRRBRACRI9J5";"Ativa";"IPCA + 6,7500% a.a.";"1";"1";"";"19/08/2029";"17.049,00";"Solfácil";"";"";"ICVM476"
"Opea";"CRI 1ª Emissão 2ª Série";"SFCL21";"BRRBRACRI9K3";"Ativa";"IPCA + 9,2500% a.a.";"1";"2";"";"19/08/2029";"3.339,00";"Solfácil";"";"";"ICVM476"
"Opea";"CRI 1ª Emissão 3ª Série";"SFCL31";"BRRBRACRI9L1";"Ativa";"IPCA + 11,2500% a.a.";"1";"3";"";"19/08/2029";"1.592,00";"Solfácil";"";"";"ICVM476"
"Opea";"CRI 1ª Emissão 4ª Série";"SFCL41";"BRRBRACRI9M9";"Ativa";"IPCA + 11,2500% a.a.";"1";"4";"";"19/08/2029";"1.822,00";"Solfácil";"";"";"ICVM476"
"Opea";"CRI 1ª Emissão 412ª Série";"21H0822020";"BRAPCSCRIAN3";"Ativa";"IPCA + 10,0000% a.a.";"1";"412";"";"14/08/2030";"105.000,00";"Evolua";"";"";"ICVM476"
"Opea";"CRI 1ª Emissão 374ª Série";"21H0850158";"BRRBRACRI937";"Ativa";"IPCA + 12,0000% a.a.";"1";"374";"";"19/08/2031";"58.500,00";"Bewiki";"";"";"ICVM476"
"Opea";"CRI 1ª Emissão 381ª Série";"21H0850177";"BRRBRACRI945";"Ativa";"IPCA + 12,0000% a.a.";"1";"381";"";"19/08/2031";"11.500,00";"Bewiki";"";"";"ICVM476"
"Opea";"CRI 1ª Emissão 369ª Série";"21H0770067";"BRRBRACRI9X6";"Resgatada";"CDI + 5,0000% a.a.";"1";"369";"";"27/07/2025";"29.800,00";"Tarjab Freguesia";"";"";"ICVM476"
"Opea";"CRI 1ª Emissão 366ª Série";"21G0185812";"BRAPCSCRIA77";"Ativa";"IPCA + 5,2649% a.a.";"1";"366";"";"05/07/2033";"80.000,00";"Puras";"";"";"ICVM476"
"Opea";"CRI 1ª Emissão 371ª Série";"21G0856704";"BRRBRACRI8X8";"Ativa";"IPCA + 10,5000% a.a.";"1";"371";"";"25/01/2029";"100.675,00";"Alphaville II";"";"";"ICVM476"
"Opea";"CRI 1ª Emissão 436ª Série";"21G0759091";"BRAPCSCRIAF9";"Ativa";"IPCA + 9,2000% a.a.";"1";"436";"";"11/12/2034";"10.414.874,00";"BFabbriani";"";"";"ICVM476"
"Opea";"CRI 1ª Emissão 427ª Série";"21G0864353";"BRAPCSCRIAJ1";"Ativa";"IPCA + 8,5000% a.a.";"1";"427";"";"28/07/2026";"6.950,00";"Impperial";"";"";"ICVM476"
"Opea";"CRI 1ª Emissão 347ª Série";"21G0065100";"BRARBRCRI002";"Ativa";"IPCA + 4,6197% a.a.";"1";"347";"";"16/07/2028";"415.000,00";"Allos";"";"";"ICVM400"
"Opea";"CRI 1ª Emissão 370ª Série";"21G0637148";"BRRBRACRI8Y6";"Ativa";"IPCA + 6,4500% a.a.";"1";"370";"";"14/07/2031";"40.000,00";"Global Apartamentos";"";"";"ICVM476"
"Opea";"CRI 1ª Emissão 304ª Série";"21G0864335";"BRAPCSCRIAG7";"Ativa";"IPCA + 7,5000% a.a.";"1";"304";"";"14/08/2035";"24.500,00";"Athon - BRK";"";"";"ICVM476"
"Opea";"CRI 1ª Emissão 305ª Série";"21G0864337";"BRAPCSCRIAH5";"Ativa";"IPCA + 7,5000% a.a.";"1";"305";"";"14/08/2035";"35.500,00";"Athon - Vivo";"";"";"ICVM476"
"Opea";"CRI 1ª Emissão 399ª Série";"21G0864339";"BRAPCSCRIAI3";"Ativa";"IPCA + 6,5000% a.a.";"1";"399";"";"14/08/2033";"22.850,00";"Athon III";"";"";"ICVM476"
"Opea";"CRI 16ª Emissão 1ª Série";"CRA021001PQ";"BRRBRACRA0V7";"Ativa";"IPCA + 4,5000% a.a.";"16";"1";"";"16/07/2028";"777.131,00";"Marfrig";"";"";"ICVM400"
"Opea";"CRI 16ª Emissão 2ª Série";"CRA021001VA";"BRRBRACRA0W5";"Ativa";"IPCA + 4,6000% a.a.";"16";"2";"";"14/07/2031";"422.869,00";"Marfrig";"";"";"ICVM400"
"Opea";"CRI 1ª Emissão 388ª Série";"21G0186913";"BRAPCSCRIA85";"Ativa";"IPCA + 6,2637% a.a.";"1";"388";"";"14/06/2026";"100.000,00";"Fibra";"";"";"ICVM476"
"Opea";"CRI 1ª Emissão 434ª Série";"21G0479417";"BRAPCSCRIA93";"Ativa";"IPCA + 7,5000% a.a.";"1";"434";"";"19/07/2027";"20.000,00";"WTorre";"";"";"ICVM476"
"Opea";"CRI 1ª Emissão 424ª Série";"21G0063228";"BRAPCSCRIA44";"Ativa";"IPCA + 6,2500% a.a.";"1";"424";"";"07/07/2041";"54.133,00";"Thera";"";"";"ICVM476"
"Opea";"CRI 1ª Emissão 425ª Série";"21G0063256";"BRAPCSCRIA51";"Ativa";"IPCA + 6,2500% a.a.";"1";"425";"";"07/07/2041";"54.133,00";"Thera";"";"";"ICVM476"
"Opea";"CRI 1ª Emissão 426ª Série";"21G0063257";"BRAPCSCRIA69";"Ativa";"IPCA + 6,2500% a.a.";"1";"426";"";"07/07/2041";"54.133,00";"Thera";"";"";"ICVM476"
"Opea";"CRI 1ª Emissão 336ª Série";"21G0048448";"BRRBRACRI8N9";"Ativa";"IPCA + 5,0000% a.a.";"1";"336";"";"14/03/2030";"45.514,00";"GLP Midway";"";"";"ICVM476"
"Opea";"CRI 1ª Emissão 395ª Série";"21F1151178";"BRAPCSCRIAD4";"Ativa";"IPCA + 0,0001% a.a.";"1";"395";"";"13/01/2030";"4.000,00";"BRZ II";"";"";"ICVM476"
"Opea";"CRI 1ª Emissão 394ª Série";"21F1151176";"BRAPCSCRIAC6";"Resgatada";"IPCA + 8,2500% a.a.";"1";"394";"";"11/02/2026";"20.000,00";"BRZ II";"";"";"ICVM476"
"Opea";"CRI 1ª Emissão 365ª Série";"21F1076950";"BRRBRACRI8R0";"Ativa";"CDI + 4,7500% a.a.";"1";"365";"";"26/06/2031";"50.000,00";"HM Engenharia";"";"";"ICVM476"
"Opea";"CRI 1ª Emissão 366ª Série";"21F1076974";"BRRBRACRI8S8";"Ativa";"CDI + 4,7500% a.a.";"1";"366";"";"26/06/2031";"50.000,00";"HM Engenharia";"";"";"ICVM476"
"Opea";"CRI 1ª Emissão 362ª Série";"21F1035597";"BRAPCSCRIA28";"Ativa";"IPCA + 5,5000% a.a.";"1";"362";"";"22/06/2032";"100.000,00";"Cassol";"";"";"ICVM476"
"Opea";"CRI 1ª Emissão 359ª Série";"21F0968392";"BRRBRACRI8U4";"Ativa";"IPCA + 6,0000% a.a.";"1";"359";"";"20/06/2033";"24.750,00";"Fujitsu";"";"";"ICVM476"
"Opea";"CRI 15ª Emissão 1ª Série";"CRA021001EM";"BRRBRACRA0X3";"Ativa";"IPCA + 5,9641% a.a.";"15";"1";"";"15/06/2028";"80.000,00";"Jacarezinho";"";"";"ICVM476"
"Opea";"CRI 1ª Emissão 383ª Série";"21F0880938";"BRAPCSCRI9Y4";"Ativa";"IPCA + 10,5000% a.a.";"1";"383";"";"21/06/2026";"48.000,00";"Damha";"";"";"ICVM476"
"Opea";"CRI 1ª Emissão 386ª Série";"21F0243328";"BRAPCSCRI9W8";"Execução";"IPCA + 8,0000% a.a.";"1";"386";"";"16/12/2025";"55.000,00";"Ekko IV";"";"";"ICVM476"
"Opea";"CRI 1ª Emissão 352ª Série";"21E0608916";"BRRBRACRI8H1";"Resgatada";"CDI + 5,0000% a.a.";"1";"352";"";"27/05/2026";"41.501,00";"You Stella";"";"";"ICVM476"
"Opea";"CRI 4ª Emissão 178ª Série";"21E0379796";"BRGAIACRI5L4";"Ativa";"IPCA + 10,7500% a.a.";"4";"178";"";"19/06/2034";"8.800,00";"VILLA BELA";"";"";"ICVM476"
"Opea";"CRI 1ª Emissão 340ª Série";"21E0407810";"BRAPCSCRI9Q0";"Ativa";"IPCA + 5,8926% a.a.";"1";"340";"";"14/05/2037";"650.000,00";"GAZIT";"";"";"ICVM476"
"Opea";"CRI 1ª Emissão 392ª Série";"21E0514204";"BRAPCSCRI9S6";"Ativa";"IPCA + 5,6000% a.a.";"1";"392";"";"27/05/2031";"142.350,00";"NewPort";"";"";"ICVM476"
"Opea";"CRI 1ª Emissão 339ª Série";"21E0611276";"BRRBRACRI8I9";"Ativa";"IPCA + 7,7500% a.a.";"1";"339";"";"28/05/2031";"38.000,00";"Fashion Mall";"";"";"ICVM476"
"Opea";"CRI 1ª Emissão 340ª Série";"21E0611378";"BRRBRACRI8J7";"Ativa";"IPCA + 7,7500% a.a.";"1";"340";"";"28/05/2031";"38.000,00";"Fashion Mall";"";"";"ICVM476"
"Opea";"CRI 1ª Emissão 355ª Série";"21E0407330";"BRAPCSCRI9P2";"Ativa";"IPCA + 8,5500% a.a.";"1";"355";"";"12/05/2031";"75.000,00";"Superfrio";"";"";"ICVM476"
"Opea";"CRI 1ª Emissão 344ª Série";"21D0733768";"BRRBRACRI8A6";"Ativa";"IPCA + 7,0000% a.a.";"1";"344";"";"24/04/2034";"96.500,00";"JFL Luminus";"";"";"ICVM476"
"Opea";"CRI 20ª Emissão 2ª Série";"CRA021000S0";"BRGAIACRA0Y6";"Ativa";"IPCA + 7,6400% a.a.";"20";"2";"";"14/04/2027";"10.000,00";"SOLINFTEC II";"";"";"ICVM476"
"Opea";"CRI 1ª Emissão 372ª Série";"21D0453486";"BRAPCSCRI9I7";"Ativa";"IPCA + 6,0000% a.a.";"1";"372";"";"18/07/2027";"155,00";"Cogna";"";"";"ICVM476"
"Opea";"CRI 1ª Emissão 333ª Série";"21D0695469";"BRRBRACRI8G3";"Ativa";"IPCA + 9,5000% a.a.";"1";"333";"";"27/04/2031";"100.000,00";"SG Aquiraz";"";"";"ICVM476"
"Opea";"CRI 1ª Emissão 379ª Série";"21D0001232";"BRAPCSCRI9D8";"Ativa";"IPCA + 5,4328% a.a.";"1";"379";"";"16/04/2031";"400.000,00";"MRV";"";"";"ICVM476"
"Opea";"CRI 1ª Emissão 316ª Série";"21D0457416";"BRRBRACRI887";"Ativa";"IPCA + 10,0000% a.a.";"1";"316";"";"17/04/2029";"60.000,00";"Finvest";"";"";"ICVM476"
"Opea";"CRI 1ª Emissão 335ª Série";"21D0543780";"BRRBRACRI895";"Ativa";"IPCA + 8,0000% a.a.";"1";"335";"";"14/03/2038";"30.286,00";"Cassi";"";"";"ICVM476"
"Opea";"CRI 1ª Emissão 324ª Série";"21D0862572";"BRRBRACRI846";"Ativa";"IPCA + 4,9347% a.a.";"1";"324";"";"14/05/2036";"1.500.000,00";"Rede Dor VI";"";"";"ICVM400"
"Opea";"CRI 4ª Emissão 175ª Série";"21D0695098";"BRGAIACRI5H2";"Ativa";"IPCA + 9,4000% a.a.";"4";"175";"";"21/01/2035";"41.000,00";"EA3 URBANISMO";"";"";"ICVM476"
"Opea";"CRI 1ª Emissão 371ª Série";"21D0737500";"BRAPCSCRI9N7";"Ativa";"IPCA + 4,8444% a.a.";"1";"371";"";"16/04/2028";"200.000,00";"Direcional";"";"";"ICVM476"
"Opea";"CRI 1ª Emissão 373ª Série";"21D0546741";"BRAPCSCRI9L1";"Ativa";"IPCA + 8,2000% a.a.";"1";"373";"";"15/04/2036";"64.000,00";"Fasano";"";"";"ICVM476"
"Opea";"CRI 1ª Emissão 376ª Série";"21D0402879";"BRAPCSCRI9G1";"Ativa";"IPCA + 6,5000% a.a.";"1";"376";"";"13/04/2036";"25.000,00";"Mauá Pontte";"";"";"ICVM476"
"Opea";"CRI 1ª Emissão 377ª Série";"21D0402922";"BRAPCSCRI9H9";"Ativa";"IPCA + 32,5200% a.a.";"1";"377";"";"13/04/2036";"6.250,00";"Mauá Pontte";"";"";"ICVM476"
"Opea";"CRI 1ª Emissão 348ª Série";"21D0524654";"BRAPCSCRI9K3";"Resgatada";"CDI + 7,7200% a.a.";"1";"348";"";"14/10/2025";"40.000,00";"Construtora Capital";"";"";"ICVM476"
"Opea";"CRI 1ª Emissão 330ª Série";"21C0749579";"BRRBRACRI853";"Ativa";"CDI + 2,7500% a.a.";"1";"330";"";"16/03/2031";"11.500,00";"Core Metropolis FII";"";"";"ICVM476"
"Opea";"CRI 1ª Emissão 331ª Série";"21C0749580";"BRRBRACRI861";"Ativa";"IPCA + 6,2000% a.a.";"1";"331";"";"16/03/2031";"41.500,00";"Core Metropolis FII";"";"";"ICVM476"
"Opea";"CRI 4ª Emissão 160ª Série";"21C0818332";"BRGAIACRI5F6";"Ativa";"IPCA + 5,2000% a.a.";"4";"160";"";"23/08/2032";"63.348,00";"LATAM GRU III";"";"";"ICVM476"
"Opea";"CRI 4ª Emissão 161ª Série";"21C0818334";"BRGAIACRI5G4";"Ativa";"IPCA + 5,2000% a.a.";"4";"161";"";"23/08/2032";"15.400,00";"LATAM GRU III";"";"";"ICVM476"
"Opea";"CRI 1ª Emissão 360ª Série";"21C0619335";"BRAPCSCRI986";"Quitada";"CDI + 2,1500% a.a.";"1";"360";"";"10/03/2026";"160.000,00";"JHSF Cyclone";"";"";"ICVM476"
"Opea";"CRI 1ª Emissão 361ª Série";"21C0619340";"BRAPCSCRI994";"Quitada";"9,4639% a.a.";"1";"361";"";"10/03/2026";"100.000,00";"JHSF Cyclone";"";"";"ICVM476"
"Opea";"CRI 1ª Emissão 325ª Série";"21C0483517";"BRRBRACRI7X0";"Ativa";"IPCA + 4,4657% a.a.";"1";"325";"";"14/02/2033";"400.000,00";"Votorantim Cimentos II";"";"";"ICVM476"
"Opea";"CRI 1ª Emissão 374ª Série";"21C0776201";"BRAPCSCRI9B2";"Ativa";"IPCA + 6,7500% a.a.";"1";"374";"";"11/03/2036";"62.500,00";"Mauá";"";"";"ICVM476"
"Opea";"CRI 1ª Emissão 375ª Série";"21C0777201";"BRAPCSCRI9C0";"Ativa";"IPCA + 29,7300% a.a.";"1";"375";"";"11/03/2036";"10.000,00";"Mauá";"";"";"ICVM476"
"Opea";"CRI 29ª Emissão 1ª Série";"CRA021000GR";"BRGAFLCRA139";"Resgatada";"8,0000% a.a.";"29";"1";"";"29/06/2025";"50.676,00";"Produzindo Certo";"";"";"ICVM476"
"Opea";"CRI 1ª Emissão 358ª Série";"21B0666971";"BRAPCSCRI937";"Ativa";"IPCA + 6,2500% a.a.";"1";"358";"";"23/02/2033";"26.250,00";"Panorama";"";"";"ICVM476"
"Opea";"CRI 1ª Emissão 359ª Série";"21B0667100";"BRAPCSCRI945";"Ativa";"IPCA + 6,2500% a.a.";"1";"359";"";"23/02/2033";"30.000,00";"Panorama";"";"";"ICVM476"
"Opea";"CRI 1ª Emissão 350ª Série";"21B0695075";"BRAPCSCRI911";"Ativa";"IGPM + 8,0000% a.a.";"1";"350";"";"18/09/2030";"16.000,00";"BRZ Sr.";"";"";"ICVM476"
"Opea";"CRI 1ª Emissão 351ª Série";"21B0695399";"BRAPCSCRI929";"Ativa";"IPCA + 0,0001% a.a.";"1";"351";"";"18/09/2030";"4.000,00";"BRZ Jr.";"";"";"ICVM476"
"Opea";"CRI 1ª Emissão 332ª Série";"21B0566715";"BRAPCSCRI903";"Ativa";"IGPM + 7,5000% a.a.";"1";"332";"";"08/01/2030";"18.020,00";"Encompi";"";"";"ICVM476"
"Opea";"CRI 4ª Emissão 173ª Série";"21B0631104";"BRGAIACRI5E9";"Ativa";"IPCA + 6,2500% a.a.";"4";"173";"";"09/12/2036";"27.917,00";"SOTREQ";"";"";"ICVM476"
"Opea";"CRI 1ª Emissão 325ª Série";"21B0117468";"BRAPCSCRI8X8";"Ativa";"IPCA + 10,0000% a.a.";"1";"325";"";"06/03/2031";"64.066.609,00";"Origo";"";"";"ICVM476"
"Opea";"CRI 1ª Emissão 349ª Série";"21A0772615";"BRAPCSCRI8T6";"Ativa";"IGPM + 12,7000% a.a.";"1";"349";"";"30/01/2041";"60.000,00";"Química Amparo";"";"";"ICVM476"
"Opea";"CRI 4ª Emissão 172ª Série";"21A0677775";"21A0677775";"Ativa";"IPCA + 6,0000% a.a.";"4";"172";"";"19/06/2034";"250,00";"LEAD TF II";"";"";"ICVM476"
"Opea";"CRI 1ª Emissão 354ª Série";"21A0859622";"BRAPCSCRI8Z3";"Ativa";"IPCA + 6,2000% a.a.";"1";"354";"";"23/01/2033";"54.000,00";"Shopping Raposo";"";"";"ICVM476"
"Opea";"CRI 1ª Emissão 337ª Série";"21A0857929";"BRAPCSCRI8W0";"Ativa";"IPCA + 7,2000% a.a.";"1";"337";"";"06/12/2028";"5.000,00";"Riachuelo";"";"";"ICVM476"
"Opea";"CRI 1ª Emissão 313ª Série";"20L0710860";"BRRBRACRI7L5";"Ativa";"IPCA + 5,7000% a.a.";"1";"313";"";"13/05/2030";"44.871,00";"Ascenty Vinhedo";"";"";"ICVM476"
"Opea";"CRI 4ª Emissão 154ª Série";"20L0610250";"BRGAIACRI568";"Ativa";"IPCA + 8,0000% a.a.";"4";"154";"";"21/12/2031";"73.210,00";"SFORZA";"";"";"ICVM476"
"Opea";"CRI 1ª Emissão 345ª Série";"20L0687041";"BRAPCSCRI8Q2";"Ativa";"IPCA + 5,3000% a.a.";"1";"345";"";"25/12/2029";"82.589.574,00";"GPA";"";"";"ICVM476"
"Opea";"CRI 1ª Emissão 346ª Série";"20L0687133";"BRAPCSCRI8R0";"Ativa";"IPCA + 5,6000% a.a.";"1";"346";"";"25/12/2035";"98.160.580,00";"GPA";"";"";"ICVM476"
"Opea";"CRI 4ª Emissão 171ª Série";"20L0673034";"BRGAIACRI5A7";"Ativa";"IPCA + 6,0000% a.a.";"4";"171";"";"19/06/2034";"500,00";"LEAD HBR II";"";"";"ICVM476"
"Opea";"CRI 1ª Emissão 309ª Série";"20L0630618";"BRRBRACRI7M3";"Ativa";"IPCA + 7,5000% a.a.";"1";"309";"";"15/12/2030";"33.000,00";"Premoaço";"";"";"ICVM476"
"Opea";"CRI 4ª Emissão 169ª Série";"20L0653519";"20L0653519";"Ativa";"IPCA + 5,2300% a.a.";"4";"169";"";"14/12/2035";"71.464,00";"DASA";"";"";"ICVM476"
"Opea";"CRI 1ª Emissão 297ª Série";"20L0613475";"BRRBRACRI7N1";"Ativa";"IGPM + 8,0000% a.a.";"1";"297";"";"25/10/2028";"29.287,00";"Estrela Alta";"";"";"ICVM476"
"Opea";"CRI 4ª Emissão 153ª Série";"20L0610216";"BRGAIACRI550";"Ativa";"CDI + 4,8500% a.a.";"4";"153";"";"21/12/2031";"57.566,00";"SFORZA";"";"";"ICVM476"
"Opea";"CRI 1ª Emissão 290ª Série";"20K0696607";"BRAPCSCRI8D0";"Ativa";"IPCA + 7,9000% a.a.";"1";"290";"";"18/11/2040";"28.700,00";"Brasol";"";"";"ICVM476"
"Opea";"CRI 1ª Emissão 330ª Série";"20K0777893";"BRAPCSCRI8H1";"Ativa";"CDI + 2,7000% a.a.";"1";"330";"";"28/11/2028";"150.000,00";"Tibério";"";"";"ICVM476"
"Opea";"CRI 1ª Emissão 331ª Série";"20K0660743";"BRAPCSCRI8G3";"Ativa";"IPCA + 6,8500% a.a.";"1";"331";"";"21/11/2032";"50.000,00";"Skipton";"";"";"ICVM476"
"Opea";"CRI 4ª Emissão 166ª Série";"20K0115319";"20K0115319";"Ativa";"IPCA + 5,0000% a.a.";"4";"166";"";"24/12/2026";"14.503,00";"MAPFRE II";"";"";"ICVM476"
"Opea";"CRI 13ª Emissão 1ª Série";"CRA020003PO";"BRAPCSCRA0W5";"Resgatada";"IPCA + 4,6374% a.a.";"13";"1";"";"18/11/2025";"100.000,00";"Alibem II";"";"";"ICVM476"
"Opea";"CRI 1ª Emissão 300ª Série";"20K0789466";"BRRBRACRI7I1";"Ativa";"IPCA + 6,0000% a.a.";"1";"300";"";"12/11/2031";"31.943,00";"Credihome";"";"";"ICVM476"
"Opea";"CRI 1ª Emissão 301ª Série";"20K0789469";"BRRBRACRI7J9";"Ativa";"IPCA + 13,0000% a.a.";"1";"301";"";"12/02/2033";"3.991,00";"Credihome";"";"";"ICVM476"
"Opea";"CRI 1ª Emissão 302ª Série";"20K0789493";"BRRBRACRI7K7";"Ativa";"IPCA + 13,0000% a.a.";"1";"302";"";"12/03/2034";"3.991,00";"Credihome";"";"";"ICVM476"
"Opea";"CRI 1ª Emissão 317ª Série";"20K0816978";"BRAPCSCRI8K5";"Ativa";"IPCA + 9,0856% a.a.";"1";"317";"";"11/11/2032";"44.000.000,00";"GS Souto";"";"";"ICVM476"
"Opea";"CRI 1ª Emissão 327ª Série";"20K0659367";"BRAPCSCRI8E8";"Ativa";"IPCA + 11,2500% a.a.";"1";"327";"";"11/11/2026";"6.500,00";"Real Parque";"";"";"ICVM476"
"Opea";"CRI 1ª Emissão 328ª Série";"20K0659884";"BRAPCSCRI8F5";"Ativa";"IPCA + 11,2500% a.a.";"1";"328";"";"13/12/2026";"9.500,00";"Real Parque";"";"";"ICVM476"
"Opea";"CRI 1ª Emissão 296ª Série";"20K0010253";"BRRBRACRI7F7";"Ativa";"IPCA + 5,0000% a.a.";"1";"296";"";"18/10/2035";"21.454,00";"GPA";"";"";"ICVM476"
"Opea";"CRI 1ª Emissão 295ª Série";"20K0549411";"BRRBRACRI7C4";"Ativa";"IPCA + 8,7500% a.a.";"1";"295";"";"26/11/2028";"35.000,00";"Dinamo";"";"";"ICVM476"
"Opea";"CRI 1ª Emissão 304ª Série";"20J0894746";"BRRBRACRI7E0";"Ativa";"IPCA + 5,5750% a.a.";"1";"304";"";"07/10/2035";"50.000,00";"HADDOCK IPCA";"";"";"ICVM476"
"Opea";"CRI 1ª Emissão 303ª Série";"20J0894745";"BRRBRACRI7D2";"Quitada";"CDI + 2,4750% a.a.";"1";"303";"";"07/10/2025";"20.000,00";"HADDOCK DI";"";"";"ICVM476"
"Opea";"CRI 1ª Emissão 245ª Série";"20I0815541";"BRRBRACRI796";"Ativa";"IPCA + 5,4500% a.a.";"1";"245";"";"24/09/2035";"68.750,00";"Boulevard Belém";"";"";"ICVM476"
"Opea";"CRI 1ª Emissão 269ª Série";"20I0815543";"BRRBRACRI7A8";"Ativa";"IPCA + 7,2100% a.a.";"1";"269";"";"24/09/2035";"31.250,00";"Boulevard Belém";"";"";"ICVM476"
"Opea";"CRI 1ª Emissão 262ª Série";"20I0795196";"BRRBRACRI788";"Ativa";"IPCA + 8,5000% a.a.";"1";"262";"";"26/09/2030";"68.000,00";"Shopping Sinop";"";"";"ICVM476"
"Opea";"CRI 1ª Emissão 544ª Série";"20I0941573";"20I0941573";"Ativa";"IPCA + 8,5000% a.a.";"1";"544";"";"26/09/2030";"12.000,00";"Shopping Sinop";"";"";"ICVM476"
"Opea";"CRI 1ª Emissão 260ª Série";"20I0851693";"BRAPCSCRI8A6";"Ativa";"FIXO + 10,0000% a.a.";"1";"260";"";"20/07/2035";"30.000,00";"Cidade Universitária";"";"";"ICVM476"
"Opea";"CRI 1ª Emissão 308ª Série";"20I0135149";"BRAPCSCRI861";"Ativa";"IPCA + 8,5000% a.a.";"1";"308";"";"10/09/2035";"45.000,00";"Socicam";"";"";"ICVM476"
"Opea";"CRI 1ª Emissão 282ª Série";"20G0798867";"BRRBRACRI721";"Ativa";"IPCA + 5,0000% a.a.";"1";"282";"";"13/04/2030";"13.832,00";"Ascenty Paulinia";"";"";"ICVM476"
"Opea";"CRI 1ª Emissão 288ª Série";"20G0683236";"BRAPCSCRI7X0";"Ativa";"IPCA + 7,7000% a.a.";"1";"288";"";"21/07/2032";"38.250.000,00";"Morumbi";"";"";"ICVM476"
"Opea";"CRI 1ª Emissão 236ª Série";"20G0800227";"BRAPCSCRI804";"Ativa";"IPCA + 5,0000% a.a.";"1";"236";"";"18/07/2032";"650.000.000,00";"General Shopping III";"";"";"ICVM476"
"Opea";"CRI 1ª Emissão 275ª Série";"20F0834225";"BRAPCSCRI7V4";"Ativa";"IPCA + 7,0000% a.a.";"1";"275";"";"16/03/2031";"99.801,00";"Obe";"";"";"ICVM476"
"Opea";"CRI 1ª Emissão 227ª Série";"20F0734290";"BRRBRACRI705";"Ativa";"IPCA + 7,2500% a.a.";"1";"227";"";"19/06/2032";"36.800,00";"Shopping Boa Vista";"";"";"ICVM476"
"Opea";"CRI 4ª Emissão 127ª Série";"20E0979858";"BRGAIACRI4K9";"Resgatada";"IPCA + 7,0000% a.a.";"4";"127";"";"19/06/2025";"35.000,00";"TSEA";"";"";"ICVM476"
"Opea";"CRI 1ª Emissão 277ª Série";"20C1055632";"BRRBRACRI6Y0";"Ativa";"IPCA + 13,0000% a.a.";"1";"277";"";"04/01/2037";"2.061,00";"Credihome";"";"";"ICVM476"
"Opea";"CRI 1ª Emissão 278ª Série";"20C1055633";"BRRBRACRI6Z7";"Ativa";"IPCA + 13,0000% a.a.";"1";"278";"";"04/10/2048";"2.061,00";"Credihome";"";"";"ICVM476"
"Opea";"CRI 1ª Emissão 276ª Série";"20C1055672";"BRRBRACRI6X2";"Ativa";"IPCA + 6,0000% a.a.";"1";"276";"";"04/04/2031";"16.645,00";"Credihome";"";"";"ICVM476"
"Opea";"CRI 1ª Emissão 284ª Série";"19L0932719";"BRAPCSCRI754";"Ativa";"IGPM + 7,0000% a.a.";"1";"284";"";"06/05/2031";"9.900.327,00";"Ser Educacional";"";"";"ICVM476"
"Opea";"CRI 1ª Emissão 249ª Série";"20C1006770";"BRAPCSCRI7I1";"Ativa";"IGPM + 6,0000% a.a.";"1";"249";"";"13/03/2030";"10.000,00";"Estácio ll";"";"";"ICVM476"
"Opea";"CRI 1ª Emissão 293ª Série";"20B0929306";"BRAPCSCRI788";"Ativa";"IPCA + 8,0000% a.a.";"1";"293";"";"19/12/2039";"58.000,00";"JFL II";"";"";"ICVM476"
"Opea";"CRI 1ª Emissão 294ª Série";"20B0929384";"BRAPCSCRI796";"Ativa";"IPCA + 8,0000% a.a.";"1";"294";"";"19/12/2039";"58.000,00";"JFL II";"";"";"ICVM476"
"Opea";"CRI 4ª Emissão 139ª Série";"20C0157849";"BRGAIACRI4I3";"Ativa";"IPCA + 4,5000% a.a.";"4";"139";"";"17/08/2032";"86.454,00";"LATAM_II";"";"";"ICVM476"
"Opea";"CRI 1ª Emissão 212ª Série";"20B0980166";"BRAPCSCRI770";"Ativa";"IPCA + 4,7000% a.a.";"1";"212";"";"15/02/2032";"200.000,00";"Mateus II";"";"";"ICVM476"
"Opea";"CRI 4ª Emissão 136ª Série";"20B0817201";"BRGAIACRI4G7";"Ativa";"IPCA + 5,9000% a.a.";"4";"136";"";"19/03/2035";"143.000,00";"PREVENT SENIOR";"";"";"ICVM476"
"Opea";"CRI 1ª Emissão 261ª Série";"20A0977906";"BRRBRACRI6R4";"Ativa";"IPCA + 6,0000% a.a.";"1";"261";"";"24/01/2035";"102.840,00";"Ribeira";"";"";"ICVM476"
"Opea";"CRI 1ª Emissão 268ª Série";"20A0978038";"BRRBRACRI6S2";"Ativa";"IPCA + 6,0000% a.a.";"1";"268";"";"24/01/2035";"102.840,00";"Ribeira II";"";"";"ICVM476"
"Opea";"CRI 1ª Emissão 254ª Série";"20A0882847";"BRRBRACRI6N3";"Ativa";"IPCA + 7,0000% a.a.";"1";"254";"";"23/01/2032";"39.435,00";"Shopping Botucatu";"";"";"ICVM476"
"Opea";"CRI 4ª Emissão 123ª Série";"19L0909256";"BRGAIACRI4F9";"Ativa";"IPCA + 5,0000% a.a.";"4";"123";"";"17/08/2032";"83.542,00";"LATAM GRU";"";"";"ICVM476"
"Opea";"CRI 1ª Emissão 217ª Série";"19L0882447";"BRRBRACRI6E2";"Ativa";"IPCA + 5,1280% a.a.";"1";"217";"";"27/12/2034";"196.000,00";"Partage I";"";"";"ICVM476"
"Opea";"CRI 1ª Emissão 218ª Série";"19L0882449";"BRRBRACRI6M5";"Ativa";"IPCA + 5,1280% a.a.";"1";"218";"";"27/12/2034";"234.000,00";"Partage II";"";"";"ICVM476"
"Opea";"CRI 1ª Emissão 238ª Série";"19L0907914";"BRRBRACRI6F9";"Ativa";"IPCA + 8,6600% a.a.";"1";"238";"";"19/12/2034";"50.000,00";"FLBC";"";"";"ICVM476"
"Opea";"CRI 1ª Emissão 239ª Série";"19L0907949";"BRRBRACRI6G7";"Ativa";"IPCA + 8,6600% a.a.";"1";"239";"";"14/12/2034";"140.000,00";"Green Towers";"";"";"ICVM476"
"Opea";"CRI 1ª Emissão 281ª Série";"19L0867734";"BRAPCSCRI6Y0";"Ativa";"CDI + 1,5000% a.a.";"1";"281";"";"29/11/2034";"350,00";"Sendas";"";"";"ICVM476"
"Opea";"CRI 1ª Emissão 282ª Série";"19L0882479";"BRAPCSCRI6Z7";"Ativa";"IPCA + 4,9000% a.a.";"1";"282";"";"29/11/2034";"470,00";"Sendas";"";"";"ICVM476"
"Opea";"CRI 1ª Emissão 247ª Série";"19L0882396";"BRRBRACRI6I3";"Ativa";"IPCA + 5,5500% a.a.";"1";"247";"";"23/12/2027";"83.975,00";"Alianza I";"";"";"ICVM476"
"Opea";"CRI 1ª Emissão 259ª Série";"19L0882397";"BRRBRACRI6K9";"Ativa";"IPCA + 5,5500% a.a.";"1";"259";"";"23/12/2027";"126.025,00";"Alianza II";"";"";"ICVM476"
"Opea";"CRI 1ª Emissão 248ª Série";"19L0882417";"BRRBRACRI6J1";"Ativa";"IPCA + 7,5485% a.a.";"1";"248";"";"23/12/2027";"74.578,00";"Alianza I";"";"";"ICVM476"
"Opea";"CRI 1ª Emissão 260ª Série";"19L0882419";"BRRBRACRI6L7";"Ativa";"IPCA + 7,5485% a.a.";"1";"260";"";"23/12/2027";"111.922,00";"Alianza II";"";"";"ICVM476"
"Opea";"CRI 1ª Emissão 277ª Série";"19L0882468";"BRAPCSCRI705";"Ativa";"IPCA + 6,5000% a.a.";"1";"277";"";"19/12/2034";"203.045,00";"Balneário";"";"";"ICVM476"
"Opea";"CRI 1ª Emissão 278ª Série";"19L0882476";"BRAPCSCRI713";"Ativa";"CDI + 1,5000% a.a.";"1";"278";"";"18/12/2029";"203.045,00";"Balneário";"";"";"ICVM476"
"Opea";"CRI 1ª Emissão 243ª Série";"19L0853159";"BRRBRACRI6H5";"Ativa";"CDI + 4,2000% a.a.";"1";"243";"";"23/12/2031";"51.200,00";"GJP";"";"";"ICVM476"
"Opea";"CRI 1ª Emissão 229ª Série";"19L0987016";"BRRBRACRI614";"Ativa";"CDI + 2,2000% a.a.";"1";"229";"";"11/12/2031";"30.600,00";"Natone";"";"";"ICVM476"
"Opea";"CRI 1ª Emissão 264ª Série";"19L0069199";"BRAPCSCRI6P8";"Ativa";"100,0000% CDI";"1";"264";"";"11/12/2029";"48.000,00";"JHSF";"";"";"ICVM476"
"Opea";"CRI 1ª Emissão 265ª Série";"19L0104222";"BRAPCSCRI6O1";"Ativa";"100,0000% CDI";"1";"265";"";"11/12/2029";"72.000,00";"JHSF";"";"";"ICVM476"
"Opea";"CRI 1ª Emissão 251ª Série";"19K1007971";"BRRBRACRI6A0";"Ativa";"IPCA + 7,7500% a.a.";"1";"251";"";"10/07/2034";"32.000,00";"REC | Ed. Barra";"";"";"ICVM476"
"Opea";"CRI 4ª Emissão 130ª Série";"19K1003755";"BRGAIACRI477";"Ativa";"CDI + 3,5000% a.a.";"4";"130";"";"23/11/2031";"181,00";"PHV";"";"";"ICVM476"
"Opea";"CRI 1ª Emissão 242ª Série";"19K1034250";"BRRBRACRI697";"Ativa";"IPCA + 8,2500% a.a.";"1";"242";"";"24/12/2031";"40.480,00";"Platamon";"";"";"ICVM476"
"Opea";"CRI 1ª Emissão 233ª Série";"19K1145372";"BRRBRACRI630";"Ativa";"IPCA + 3,8000% a.a.";"1";"233";"";"17/12/2029";"527.772,00";"Votorantim Cimentos";"";"";"ICVM400"
"Opea";"CRI 1ª Emissão 244ª Série";"19K1139670";"BRAPCSCRI6S2";"Ativa";"IPCA + 6,0000% a.a.";"1";"244";"";"14/10/2027";"1.000,00";"Estácio";"";"";"ICVM476"
"Opea";"CRI 1ª Emissão 254ª Série";"19K0093569";"BRAPCSCRI6G7";"Ativa";"IPCA + 8,0000% a.a.";"1";"254";"";"19/12/2039";"20.000,00";"JFL";"";"";"ICVM476"
"Opea";"CRI 1ª Emissão 255ª Série";"19K0093591";"BRAPCSCRI6H5";"Ativa";"IPCA + 8,0000% a.a.";"1";"255";"";"19/12/2039";"20.000,00";"JFL";"";"";"ICVM476"
"Opea";"CRI 1ª Emissão 256ª Série";"19K0093603";"BRAPCSCRI6I3";"Ativa";"IPCA + 8,0000% a.a.";"1";"256";"";"19/12/2039";"20.000,00";"JFL";"";"";"ICVM476"
"Opea";"CRI 1ª Emissão 257ª Série";"19K0093608";"BRAPCSCRI6J1";"Ativa";"IPCA + 8,0000% a.a.";"1";"257";"";"19/12/2039";"20.000,00";"JFL";"";"";"ICVM476"
"Opea";"CRI 1ª Emissão 258ª Série";"19K0093963";"BRAPCSCRI6K9";"Ativa";"IPCA + 8,0000% a.a.";"1";"258";"";"19/12/2039";"20.000,00";"JFL";"";"";"ICVM476"
"Opea";"CRI 1ª Emissão 259ª Série";"19K0093990";"BRAPCSCRI6L7";"Ativa";"IPCA + 8,0000% a.a.";"1";"259";"";"19/12/2039";"20.000,00";"JFL";"";"";"ICVM476"
"Opea";"CRI 1ª Emissão 219ª Série";"19J0133907";"BRRBRACRI5Z9";"Ativa";"CDI + 3,0000% a.a.";"1";"219";"";"23/10/2029";"114.521,00";"Balaroti";"";"";"ICVM476"
"Opea";"CRI 1ª Emissão 216ª Série";"19I0200836";"BRAPCSCRI5Y2";"Ativa";"IGPM + 8,3000% a.a.";"1";"216";"";"19/07/2028";"16.815,00";"Bossa Nova";"";"";"ICVM476"
"Opea";"CRI 4ª Emissão 124ª Série";"19I0745122";"BRGAIACRI451";"Quitada";"IPCA + 6,0000% a.a.";"4";"124";"";"15/09/2025";"3.527,00";"GOL";"";"";"ICVM476"
"Opea";"CRI 4ª Emissão 125ª Série";"19I0360674";"BRGAIACRI444";"Ativa";"IPCA + 5,5000% a.a.";"4";"125";"";"06/09/2035";"23.474,00";"LATAM";"";"";"ICVM476"
"Opea";"CRI 1ª Emissão 226ª Série";"19H0135701";"BRRBRACRI5U0";"Ativa";"IGPDI + 4,0000% a.a.";"1";"226";"";"27/03/2028";"30.535,00";"GBT II";"";"";"ICVM476"
"Opea";"CRI 1ª Emissão 228ª Série";"19H0135754";"BRRBRACRI5V8";"Ativa";"IGPDI + 4,5000% a.a.";"1";"228";"";"27/03/2028";"3.253,00";"GBT II";"";"";"ICVM476"
"Opea";"CRI 1ª Emissão 215ª Série";"19H0760077";"BRAPCSCRI5X4";"Ativa";"IPCA + 11,0000% a.a.";"1";"215";"";"21/10/2037";"380,00";"Monte Hilaire";"";"";"ICVM476"
"Opea";"CRI 1ª Emissão 214ª Série";"19H0235501";"BRAPCSCRI5T2";"Ativa";"IPCA + 3,8830% a.a.";"1";"214";"";"01/07/2031";"551.100,00";"Northwest";"";"";"ICVM476"
"Opea";"CRI 1ª Emissão 163ª Série";"19H0221304";"BRAPCSCRI5U0";"Ativa";"IPCA + 7,0000% a.a.";"1";"163";"";"22/07/2031";"780,00";"CRI JFL";"";"";"ICVM476"
"Opea";"CRI 1ª Emissão 221ª Série";"19H0262186";"BRRBRACRI5T2";"Ativa";"IPCA + 3,4465% a.a.";"1";"221";"";"14/08/2029";"538.328,00";"Rede Dor | Corporativo V";"";"";"ICVM400"
"Opea";"CRI 4ª Emissão 116ª Série";"19H0182182";"BRGAIACRI428";"Ativa";"IGPM + 5,0000% a.a.";"4";"116";"";"07/12/2027";"385,00";"DIALOGO III";"";"";"ICVM476"
"Opea";"CRI 4ª Emissão 117ª Série";"19H0205086";"BRGAIACRI436";"Ativa";"IGPM + 10,1200% a.a.";"4";"117";"";"07/07/2034";"899,00";"DIALOGO III";"";"";"ICVM476"
"Opea";"CRI 1ª Emissão 137ª Série";"19G0802622";"BRAPCSCRI5Q8";"Resgatada";"IGPM + 10,0000% a.a.";"1";"137";"";"16/09/2025";"1.000,00";"Ibiuna";"";"";"ICVM476"
"Opea";"CRI 4ª Emissão 118ª Série";"19G0161450";"19G0161450";"Ativa";"IPCA + 6,0000% a.a.";"4";"118";"";"16/08/2029";"2.650,00";"GLP_MERCADO LIVRE";"";"";"ICVM476"
"Opea";"CRI 1ª Emissão 220ª Série";"19G0311435";"BRAPCSCRI5M7";"Ativa";"IPCA + 8,2500% a.a.";"1";"220";"";"23/07/2029";"8.000,00";"BRDU Toscana";"";"";"ICVM476"
"Opea";"CRI 1ª Emissão 221ª Série";"19G0311514";"BRAPCSCRI5N5";"Ativa";"IPCA + 8,2500% a.a.";"1";"221";"";"23/07/2029";"8.000,00";"BRDU Toscana";"";"";"ICVM476"
"Opea";"CRI 1ª Emissão 222ª Série";"19G0311543";"BRAPCSCRI5O3";"Ativa";"IPCA + 8,2500% a.a.";"1";"222";"";"23/07/2029";"10.000,00";"BRDU Toscana";"";"";"ICVM476"
"Opea";"CRI 1ª Emissão 215ª Série";"19G0026527";"BRRBRACRI5P0";"Ativa";"IPCA + 8,2500% a.a.";"1";"215";"";"04/07/2034";"35.000,00";"REC | Ed. Barra";"";"";"ICVM476"
"Opea";"CRI 1ª Emissão 220ª Série";"19G0026749";"BRRBRACRI5R6";"Ativa";"IPCA + 8,2500% a.a.";"1";"220";"";"10/07/2034";"35.000,00";"REC | Ed. Barra";"";"";"ICVM476"
"Opea";"CRI 1ª Emissão 193ª Série";"19G0269138";"BRAPCSCRI523";"Quitada";"104,0000% CDI";"1";"193";"";"03/07/2025";"250.000,00";"Direcional 400";"";"";"ICVM400"
"Opea";"CRI 1ª Emissão 216ª Série";"19F0923004";"BRRBRACRI5S4";"Ativa";"CDI + 1,0900% a.a.";"1";"216";"";"20/06/2034";"200.000,00";"Sao Carlos";"";"";"ICVM476"
"Opea";"CRI 4ª Emissão 119ª Série";"19F0210606";"BRGAIACRI3Y2";"Ativa";"IPCA + 6,2500% a.a.";"4";"119";"";"19/06/2034";"1.528,00";"LEAD HBR";"";"";"ICVM476"
"Opea";"CRI 4ª Emissão 120ª Série";"19F0211868";"BRGAIACRI3Z9";"Ativa";"IPCA + 6,2500% a.a.";"4";"120";"";"19/06/2034";"766,00";"LEAD TF";"";"";"ICVM476"
"Opea";"CRI 1ª Emissão 182ª Série";"19E0311712";"BRAPCSCRI4Z2";"Ativa";"IPCA + 6,9000% a.a.";"1";"182";"";"27/03/2035";"310.000,00";"JHSF I";"";"";"ICVM476"
"Opea";"CRI 1ª Emissão 181ª Série";"19E0322333";"BRAPCSCRI4Y5";"Ativa";"CDI + 1,9000% a.a.";"1";"181";"";"28/05/2034";"310.000,00";"JHSF I";"";"";"ICVM476"
"Opea";"CRI 1ª Emissão 189ª Série";"19D0043266";"BRAPCSCRI4U3";"Resgatada";"IPCA + 10,5000% a.a.";"1";"189";"";"02/04/2026";"11.000,00";"Ilhas II";"";"";"ICVM476"
"Opea";"CRI 2ª Emissão 2ª Série";"CRA019000GT";"BRRBRACRA0F0";"Execução";"IPCA + 4,0400% a.a.";"2";"2";"";"15/03/2026";"600.000,00";"Raizen IV";"";"";"ICVM400"
"Opea";"CRI 1ª Emissão 195ª Série";"19B0166684";"BRRBRACRI5D6";"Ativa";"CDI + 2,2500% a.a.";"1";"195";"";"15/06/2031";"27.692,00";"Core | Ed. Flamengo";"";"";"ICVM476"
"Opea";"CRI 1ª Emissão 196ª Série";"19B0168093";"BRRBRACRI5E4";"Ativa";"CDI + 8,6700% a.a.";"1";"196";"";"15/06/2031";"2.307,00";"Core | Ed. Flamengo";"";"";"ICVM476"
"Opea";"CRI 1ª Emissão 209ª Série";"19B0276807";"BRRBRACRI5H7";"Quitada";"IPCA + 3,9317% a.a.";"1";"209";"";"14/02/2026";"30.100,00";"Rede Dor | Corporativo IV";"";"";"ICVM400"
"Opea";"CRI 1ª Emissão 206ª Série";"19B0176445";"BRRBRACRI5J3";"Resgatada";"IPCA + 6,8500% a.a.";"1";"206";"";"22/02/2026";"28.942,00";"Brookfield | Ed. Brazilian Finance Center II";"";"";"ICVM476"
"Opea";"CRI 1ª Emissão 204ª Série";"19A1316806";"BRRBRACRI598";"Ativa";"IPCA + 6,8500% a.a.";"1";"204";"";"19/07/2026";"136.442,00";"Brookfield | Ed. Eldorado II";"";"";"ICVM476"
"Opea";"CRI 1ª Emissão 193ª Série";"19A1316808";"BRRBRACRI5B0";"Ativa";"CDI + 1,6000% a.a.";"1";"193";"";"20/01/2031";"120.000,00";"Brookfield | Ed. Eldorado";"";"";"ICVM476"
"Opea";"CRI 1ª Emissão 185ª Série";"19A0698738";"BRRBRACRI002";"Ativa";"IGPM + 5,9571% a.a.";"1";"185";"";"14/06/2028";"15.715,00";"Kroton | Campus Unopar Palmas";"";"";"ICVM476"
"Opea";"CRI 1ª Emissão 189ª Série";"18L1085826";"BRRBRACRI549";"Quitada";"IPCA + 4,6572% a.a.";"1";"189";"";"14/12/2025";"372.949,00";"Rede Dor | Corporativo III";"";"";"ICVM400"
"Opea";"CRI 1ª Emissão 200ª Série";"18L1368412";"BRRBRACRI556";"Ativa";"110,0000% CDI";"1";"200";"";"09/04/2048";"890,00";"Cereais Bramil";"";"";"ICVM476"
"Opea";"CRI 1ª Emissão 201ª Série";"18L1368427";"BRRBRACRI564";"Ativa";"12,0000% a.a.";"1";"201";"";"09/04/2048";"70,00";"Cereais Bramil";"";"";"ICVM476"
"Opea";"CRI 1ª Emissão 166ª Série";"18J0796632";"BRAPCSCRI4E7";"Ativa";"IPCA + 7,3000% a.a.";"1";"166";"";"14/10/2033";"155.000,00";"XPML";"";"";"ICVM476"
"Opea";"CRI 1ª Emissão 167ª Série";"18J0797066";"BRAPCSCRI4F4";"Ativa";"IPCA + 7,3000% a.a.";"1";"167";"";"14/10/2033";"145.000,00";"XPML";"";"";"ICVM476"
"Opea";"CRI 1000ª Emissão 1ª Série";"CCPIB";"CCPIB";"Ativa";"IPCA + 6,8215% a.a.";"1000";"1";"";"14/10/2028";"300.000,00";"Shopping Cidade de Sao Paulo";"";"";"ICVM476"
"Opea";"CRI 1ª Emissão 172ª Série";"18I0295172";"BRAPCSCRI4H0";"Ativa";"IPCA + 9,5000% a.a.";"1";"172";"";"27/10/2032";"8.000,00";"Mombuca Sênior";"";"";"ICVM476"
"Opea";"CRI 1ª Emissão 173ª Série";"18I0295174";"BRAPCSCRI4I8";"Ativa";"IPCA + 10,5000% a.a.";"1";"173";"";"27/10/2032";"2.500,00";"Mombuca Mezanino";"";"";"ICVM476"
"Opea";"CRI 1ª Emissão 174ª Série";"18I0295182";"BRAPCSCRI4J6";"Ativa";"IPCA + 34,1500% a.a.";"1";"174";"";"27/10/2032";"1.200,00";"Mombuca Subordinado";"";"";"ICVM476"
"Opea";"CRI 1ª Emissão 154ª Série";"18I0295213";"BRRBRACRI432";"Ativa";"IGPM + 5,6333% a.a.";"1";"154";"";"25/07/2030";"14.060,00";"Vale Amec";"";"";"ICVM476"
"Opea";"CRI 10ª Emissão 2ª Série";"CRA01800466";"BRGAIACRA011";"Quitada";"CDI + 3,0000% a.a.";"10";"2";"";"21/09/2025";"1.950,00";"COMBIO II";"";"";"ICVM476"
"Opea";"CRI 1ª Emissão 153ª Série";"18H0193630";"BRAPCSCRI440";"Ativa";"IPCA + 9,0500% a.a.";"1";"153";"";"06/09/2033";"34,00";"Sumaúma";"";"";"ICVM476"
"Opea";"CRI 1ª Emissão 154ª Série";"18H0193742";"BRAPCSCRI457";"Ativa";"IPCA + 9,0500% a.a.";"1";"154";"";"06/09/2033";"34,00";"Sumaúma";"";"";"ICVM476"
"Opea";"CRI 1ª Emissão 155ª Série";"18H0193767";"BRAPCSCRI465";"Ativa";"IPCA + 9,0500% a.a.";"1";"155";"";"06/09/2033";"34,00";"Sumaúma";"";"";"ICVM476"
"Opea";"CRI 1ª Emissão 156ª Série";"18H0193821";"BRAPCSCRI473";"Ativa";"IPCA + 9,0500% a.a.";"1";"156";"";"06/09/2033";"34,00";"Sumaúma";"";"";"ICVM476"
"Opea";"CRI 1ª Emissão 157ª Série";"18H0193841";"BRAPCSCRI481";"Ativa";"IPCA + 9,0500% a.a.";"1";"157";"";"06/09/2033";"34,00";"Sumaúma";"";"";"ICVM476"
"Opea";"CRI 1ª Emissão 103ª Série";"18H0014828";"BRAPCSCRI3D1";"Quitada";"97,0000% CDI";"1";"103";"";"14/08/2025";"400.000,00";"Albert Einstein";"";"";"ICVM400"
"Opea";"CRI 1ª Emissão 161ª Série";"18H0104549";"BRRBRACRI507";"Ativa";"IPCA + 7,2500% a.a.";"1";"161";"";"18/11/2035";"166.000,00";"Cabreuva Harmonia";"";"";"ICVM476"
"Opea";"CRI 1ª Emissão 162ª Série";"18H0104568";"BRRBRACRI515";"Ativa";"IPCA + 7,2500% a.a.";"1";"162";"";"19/03/2029";"110.000,00";"Brookfield | CD Guarulhos";"";"";"ICVM476"
"Opea";"CRI 1ª Emissão 182ª Série";"18G0704721";"BRRBRACRI4Z2";"Ativa";"IGPM + 7,5846% a.a.";"1";"182";"";"15/07/2031";"22.504,00";"Cencosud";"";"";"ICVM476"
"Opea";"CRI 1ª Emissão 184ª Série";"18G0687521";"BRRBRACRI4Y5";"Quitada";"IPCA + 6,0563% a.a.";"1";"184";"";"14/07/2025";"300.000,00";"Rede Dor | Corporativo II";"";"";"ICVM476"
"Opea";"CRI 1ª Emissão 144ª Série";"18F0922802";"BRAPCSCRI3O8";"Resgatada";"FIXO + 0,0000% a.a.";"1";"144";"";"24/02/2026";"7.418,00";"Mauá Subordinado";"";"";"ICVM476"
"Opea";"CRI 1ª Emissão 143ª Série";"18F0922803";"BRAPCSCRI3N0";"Resgatada";"IGPM + 7,5000% a.a.";"1";"143";"";"24/06/2025";"40.214,00";"Mauá Senior";"";"";"ICVM476"
"Opea";"CRI 1ª Emissão 149ª Série";"18F0879525";"BRAPCSCRI3J8";"Ativa";"IPCA + 8,5000% a.a.";"1";"149";"";"28/11/2032";"20.672,00";"Creditas Sênior";"";"";"ICVM476"
"Opea";"CRI 1ª Emissão 150ª Série";"18F0879529";"BRAPCSCRI3K6";"Ativa";"IPCA + 10,3000% a.a.";"1";"150";"";"28/11/2032";"2.297,00";"Creditas Mezanino";"";"";"ICVM476"
"Opea";"CRI 1ª Emissão 151ª Série";"18F0879604";"BRAPCSCRI3L4";"Ativa";"10,0000% a.a.";"1";"151";"";"29/06/2033";"1,00";"Creditas Subordinado I";"";"";"ICVM476"
"Opea";"CRI 1ª Emissão 152ª Série";"18F0879606";"BRAPCSCRI3M2";"Ativa";"10,0000% a.a.";"1";"152";"";"29/06/2033";"1,00";"Creditas Subordinado II";"";"";"ICVM476"
"Opea";"CRI 1ª Emissão 13ª Série";"CRA018001E1";"BRRBRACRA0C7";"Ativa";"IPCA + 7,5000% a.a.";"1";"13";"";"25/12/2027";"12.185,00";"TFA Edifica | Shopping Ponteio Lar";"";"";"ICVM476"
"Opea";"CRI 1ª Emissão 170ª Série";"18B0899873";"BRRBRACRI4K4";"Ativa";"IGPM + 5,3033% a.a.";"1";"170";"";"14/12/2026";"32.330,00";"Magna";"";"";"ICVM476"
"Opea";"CRI 4ª Emissão 107ª Série";"18C0804986";"18C0804986";"Ativa";"IGPM + 10,0200% a.a.";"4";"107";"";"09/04/2033";"1.480,00";"DIALOGO II";"";"";"ICVM476"
"Opea";"CRI 1ª Emissão 120ª Série";"17L0959863";"BRAPCSCRI358";"Ativa";"IPCA + 9,0000% a.a.";"1";"120";"";"27/09/2032";"103,00";"JDC I";"";"";"ICVM476"
"Opea";"CRI 1ª Emissão 121ª Série";"17L0959864";"BRAPCSCRI366";"Ativa";"IPCA + 11,0000% a.a.";"1";"121";"";"27/09/2032";"42,00";"JDC I";"";"";"ICVM476"
"Opea";"CRI 1ª Emissão 122ª Série";"17L0959865";"BRAPCSCRI374";"Ativa";"IPCA + 11,0500% a.a.";"1";"122";"";"27/09/2032";"56,00";"JDC I";"";"";"ICVM476"
"Opea";"CRI 1ª Emissão 169ª Série";"17K0231156";"BRRBRACRI4L2";"Ativa";"99,0000% CDI";"1";"169";"";"20/11/2032";"274.208,00";"Localiza";"";"";"ICVM400"
"Opea";"CRI 1ª Emissão 110ª Série";"17I0904616";"BRAPCSCRI3S9";"Ativa";"IGPM + 10,0339% a.a.";"1";"110";"";"28/06/2032";"5.545,00";"Ravena Araraquara";"";"";"ICVM476"
"Opea";"CRI 1ª Emissão 111ª Série";"17I0904617";"BRAPCSCRI3T7";"Ativa";"IGPM + 10,0339% a.a.";"1";"111";"";"28/06/2032";"978,00";"Zitune";"";"";"ICVM476"
"Opea";"CRI 1ª Emissão 113ª Série";"17I0905816";"BRAPCSCRI3R1";"Ativa";"IPC + 12,0000% a.a.";"1";"113";"";"28/11/2029";"932,00";"Parque dos Passaros";"";"";"ICVM476"
"Opea";"CRI 1ª Emissão 173ª Série";"17I0141606";"BRRBRACRI4M0";"Ativa";"CDI + 1,7500% a.a.";"1";"173";"";"17/11/2032";"260.000,00";"BTG | Ed. EZ Tower I";"";"";"ICVM476"
"Opea";"CRI 1ª Emissão 174ª Série";"17I0141643";"BRRBRACRI4N8";"Ativa";"CDI + 1,7500% a.a.";"1";"174";"";"17/11/2032";"260.000,00";"BTG | Ed. EZ Tower I";"";"";"ICVM476"
"Opea";"CRI 1ª Emissão 108ª Série";"17H0909907";"BRAPCSCRI2W3";"Ativa";"IPCA + 14,7100% a.a.";"1";"108";"";"25/08/2030";"8.610.000,00";"Captalys";"";"";"ICVM476"
"Opea";"CRI 1ª Emissão 102ª Série";"17H0894273";"BRAPCSCRI2V5";"Ativa";"IPCA + 7,0148% a.a.";"1";"102";"";"15/12/2031";"53.909,00";"Saneatins";"";"";"ICVM476"
"Opea";"CRI 1ª Emissão 165ª Série";"17H0164854";"BRRBRACRI4G2";"Ativa";"IPCA + 6,3491% a.a.";"1";"165";"";"05/11/2027";"212.596,00";"Rede Dor | Santa Helena";"";"";"ICVM400"
"Opea";"CRI 1ª Emissão 160ª Série";"17F0035000";"BRRBRACRI4C1";"Ativa";"CDI + 1,0000% a.a.";"1";"160";"";"18/06/2029";"100.000,00";"Allos | Shopping Via Parque";"";"";"ICVM476"
"Opea";"CRI 1ª Emissão 87ª Série";"17B0060409";"BRAPCSCRI2C5";"Quitada";"IGPM + 7,5014% a.a.";"1";"87";"";"18/02/2026";"39,00";"La Violetera";"";"";"ICVM476"
"Opea";"CRI 1ª Emissão 88ª Série";"17B0060420";"BRAPCSCRI2D3";"Quitada";"IGPM + 7,5014% a.a.";"1";"88";"";"18/02/2026";"39,00";"La Violetera";"";"";"ICVM476"
"Opea";"CRI 1ª Emissão 152ª Série";"16L0194496";"BRRBRACRI416";"Ativa";"CDI + 1,6500% a.a.";"1";"152";"";"14/12/2028";"120.000,00";"CS | Ed. Vivo";"";"";"ICVM476"
"Opea";"CRI 1ª Emissão 83ª Série";"16L0152594";"BRAPCSCRI2A9";"Ativa";"FIXO + 11,0000% a.a.";"1";"83";"";"15/07/2031";"6,00";"Montanini";"";"";"ICVM476"
"Opea";"CRI 4ª Emissão 99ª Série";"16L0152423";"16L0152423";"Ativa";"IGPM + 11,6800% a.a.";"4";"99";"";"19/07/2031";"870,00";"DIALOGO";"";"";"ICVM476"
"Opea";"CRI 1ª Emissão 73ª Série";"16I0000002";"BRAPCSCRI1Z8";"Ativa";"IGPM + 5,7913% a.a.";"1";"73";"";"22/05/2029";"140.000,00";"VBI";"";"";"ICVM400"
"Opea";"CRI 1ª Emissão 3ª Série";"16D0718054";"BRGAIACRI386";"Ativa";"TR + 7,7151% a.a.";"1";"3";"";"09/04/2031";"1.100,00";"BB V";"";"";"ICVM476"
"Opea";"CRI 1ª Emissão 4ª Série";"16D0718055";"BRGAIACRI394";"Ativa";"TR + 10,0300% a.a.";"1";"4";"";"09/06/2040";"1,00";"BB V";"";"";"ICVM476"
"Opea";"CRI 1ª Emissão 137ª Série";"16C0208472";"BRRBRACRI3M2";"Ativa";"CDI + 1,3000% a.a.";"1";"137";"";"18/03/2035";"105.000,00";"Iguatemi | Shopping Ribeirao Preto";"";"";"ICVM476"
"Opea";"CRI 1ª Emissão 134ª Série";"15L0736524";"BRRBRACRI3G4";"Ativa";"CDI + 1,3000% a.a.";"1";"134";"";"18/12/2034";"105.000,00";"Iguatemi | Shopping JK";"";"";"ICVM476"
"Opea";"CRI 1ª Emissão 131ª Série";"15L0648916";"BRRBRACRI3E9";"Ativa";"CDI + 1,3000% a.a.";"1";"131";"";"24/01/2028";"102,00";"SYN | Ed. JK D";"";"";"ICVM476"
"Opea";"CRI 1ª Emissão 129ª Série";"15L0652383";"BRRBRACRI3D1";"Ativa";"CDI + 1,3000% a.a.";"1";"129";"";"24/01/2028";"261,00";"SYN | Ed. JK E";"";"";"ICVM476"
"Opea";"CRI 1ª Emissão 62ª Série";"15L0676664";"BRAPCSCRI1X3";"Ativa";"CDI + 2,5000% a.a.";"1";"62";"";"13/12/2027";"1.040,00";"Havan";"";"";"ICVM476"
"Opea";"CRI 1ª Emissão 55ª Série";"15L0676117";"BRAPCSCRI1V7";"Execução";"0,0001% a.a.";"1";"55";"";"14/01/2026";"3,00";"Summerville II";"";"";"ICVM476"
"Opea";"CRI 1ª Emissão 22ª Série";"15L0542353";"BRAPCSCRI1U9";"Ativa";"IPCA + 9,6700% a.a.";"1";"22";"";"06/12/2027";"525,00";"CRAL";"";"";"ICVM476"
"Opea";"CRI 3ª Emissão 5ª Série";"15L0660708";"15L0660708";"Ativa";"IGPM + 12,0000% a.a.";"3";"5";"";"09/10/2027";"90,00";"SwissPark";"";"";"ICVM476"
"Opea";"CRI 1ª Emissão 123ª Série";"15I0673724";"BRRBRACRI3J8";"Ativa";"TR + 6,3800% a.a.";"1";"123";"";"09/09/2035";"1.796,00";"Caixa III";"";"";"ICVM476"
"Opea";"CRI 1ª Emissão 124ª Série";"15I0673725";"BRRBRACRI3K6";"Ativa";"TR + 12,0000% a.a.";"1";"124";"";"09/03/2048";"531,00";"Caixa III";"";"";"ICVM476"
"Opea";"CRI 4ª Emissão 82ª Série";"15I0138541";"15I0138541";"Resgatada";"IPCA + 12,5000% a.a.";"4";"82";"";"14/09/2025";"24,00";"GSP V";"";"";"ICVM476"
"Opea";"CRI 1ª Emissão 108ª Série";"15I0011480";"BRRBRACRI366";"Resgatada";"CDI + 0,1500% a.a.";"1";"108";"";"16/09/2025";"181.246,00";"Iguatemi | Shopping Galleria";"";"";"ICVM400"
"Opea";"CRI 4ª Emissão 83ª Série";"15H0699075";"BRGAIACRI329";"Ativa";"TR + 6,3800% a.a.";"4";"83";"";"09/09/2035";"177,00";"BB IV";"";"";"ICVM476"
"Opea";"CRI 4ª Emissão 84ª Série";"15H0699076";"BRGAIACRI337";"Ativa";"TR + 9,3600% a.a.";"4";"84";"";"09/04/2045";"1,00";"BB IV";"";"";"ICVM476"
"Opea";"CRI 4ª Emissão 73ª Série";"14I0139153";"BRGAIACRI2U2";"Ativa";"TR + 6,3800% a.a.";"4";"73";"";"09/09/2034";"432,00";"BB III";"";"";"ICVM476"
"Opea";"CRI 4ª Emissão 74ª Série";"14I0139157";"14I0139157";"Ativa";"TR + 8,9000% a.a.";"4";"74";"";"09/05/2044";"1,00";"BB III";"";"";"ICVM476"
"Opea";"CRI 1ª Emissão 111ª Série";"14I0139226";"BRRBRACRI2X1";"Ativa";"TR + 12,0000% a.a.";"1";"111";"";"09/11/2048";"702,00";"Caixa II";"";"";"ICVM476"
"Opea";"CRI 1ª Emissão 14ª Série";"14C0039136";"BRAPCSCRI0K2";"Ativa";"TR + 9,4000% a.a.";"1";"14";"";"10/03/2027";"132,00";"Vinci II";"";"";"ICVM476"
"Opea";"CRI 1ª Emissão 9ª Série";"13K0112831";"BRAPCSCRI0H8";"Resgatada";"IGPM + 9,2500% a.a.";"1";"9";"";"29/09/2025";"13,00";"AGV II";"";"";"ICVM476"
"Opea";"CRI 4ª Emissão 45ª Série";"13J0119962";"BRGAIACRI2E6";"Ativa";"TR + 6,3800% a.a.";"4";"45";"";"09/10/2033";"419,00";"BB II";"";"";"ICVM476"
"Opea";"CRI 4ª Emissão 46ª Série";"13J0119971";"BRGAIACRI2F3";"Ativa";"TR + 9,7400% a.a.";"4";"46";"";"09/12/2042";"1,00";"BB II";"";"";"ICVM476"
"Opea";"CRI 4ª Emissão 44ª Série";"13I0117197";"BRGAIACRI2D8";"Ativa";"TR + 8,7400% a.a.";"4";"44";"";"09/07/2042";"1,00";"CEF II";"";"";"ICVM476"
"Opea";"CRI 1ª Emissão 13ª Série";"13H0038950";"BRAPCSCRI077";"Quitada";"TR + 9,2000% a.a.";"1";"13";"";"18/08/2025";"100,00";"Vinci";"";"";"ICVM476"
"Opea";"CRI 1ª Emissão 77ª Série";"13G0249947";"BRRBRACRI200";"Resgatada";"IPCA + 5,8473% a.a.";"1";"77";"";"12/03/2026";"483.637,00";"Petrobras CBD";"";"";"ICVM400"
"Opea";"CRI 1ª Emissão 81ª Série";"12L0023493";"BRRBRACRI234";"Ativa";"IPCA + 4,4807% a.a.";"1";"81";"";"06/11/2027";"133,00";"Kroton | Campus Anhanguera ABC";"";"";"ICVM476"
"Opea";"CRI 5ª Emissão 22ª Série";"12L0018386";"BRGAIACRI1M1";"Ativa";"TR + 6,3800% a.a.";"5";"22";"";"09/11/2032";"288,00";"BB I";"";"";"ICVM476"
"Opea";"CRI 5ª Emissão 23ª Série";"12L0019695";"BRGAIACRI1N9";"Ativa";"TR + 10,0000% a.a.";"5";"23";"";"09/11/2042";"1,00";"BB I";"";"";"ICVM476"
"Opea";"CRI 1ª Emissão 69ª Série";"12J0037879";"BRRBRACRI1X3";"Ativa";"IPCA + 5,0769% a.a.";"1";"69";"";"14/07/2031";"430.192,00";"Vibra Energia | Synthesis";"";"";"ICVM400"
"Opea";"CRI 1ª Emissão 75ª Série";"12I0031780";"BRRBRACRI1T1";"Ativa";"TR + 6,3800% a.a.";"1";"75";"";"09/09/2032";"6.572,00";"Caixa";"";"";"ICVM476"
"Opea";"CRI 1ª Emissão 76ª Série";"12I0031781";"BRRBRACRI1Y1";"Ativa";"TR + 12,0000% a.a.";"1";"76";"";"09/08/2041";"178,00";"Caixa";"";"";"ICVM476"
"Opea";"CRI 1ª Emissão 106ª Série";"12F0023442";"BRRBCSCRI2T6";"Ativa";"TR + 11,2500% a.a.";"1";"106";"";"10/06/2027";"130,00";"Allos | Shopping Leblon";"";"";"ICVM476"
"Opea";"CRI 1ª Emissão 100ª Série";"12E0025287";"BRRBCSCRI2Q2";"Ativa";"IPCA + 4,9781% a.a.";"1";"100";"";"17/02/2032";"358.658,00";"Vibra Energia III";"";"";"ICVM400"
"Opea";"CRI 1ª Emissão 86ª Série";"11L0018734";"BRRBCSCRI2F5";"Ativa";"IPCA + 5,3900% a.a.";"1";"86";"";"14/12/2026";"354,00";"Santos Macae";"";"";"ICVM400"
"Opea";"CRI 1ª Emissão 87ª Série";"11L0018829";"BRRBCSCRI2G3";"Ativa";"IPCA + 5,3700% a.a.";"1";"87";"";"14/12/2028";"302,00";"Santos Macae";"";"";"ICVM400"
"Opea";"CRI 4ª Emissão 32ª Série";"11I0021439";"BRGAIACRI105";"Ativa";"TR + 12,0000% a.a.";"4";"32";"";"09/08/2040";"85,00";"CEF I";"";"";"ICVM476"
"Opea";"CRI 4ª Emissão 30ª Série";"11F0042226";"BRGAIACRI162";"Ativa";"IGPM + 11,5000% a.a.";"4";"30";"";"10/06/2030";"45,00";"BROOKFIELD VI";"";"";"ICVM476"
"Opea";"CRI 1ª Emissão 62ª Série";"10B0002537";"BRRBRACRI1K0";"Ativa";"TR + 7,4130% a.a.";"1";"62";"";"31/12/2026";"1,00";"FCVS";"";"";"ICVM400"
"Opea";"CRI 1ª Emissão 2ª Série";"09H0003245";"BRGAIACRI014";"Ativa";"TR + 14,5000% a.a.";"1";"2";"";"09/01/2035";"13,00";"MATONE";"";"";"ICVM476"
"Habitasec";"Abecker Florescer";"26E2786908";"BRHBSCCRIEG4";"Ativo";"IPCA + 14% a.a.";"980";"";"";"";"";"Abecker Florescer";"";"";"CRI"
"Habitasec";"Abecker Florescer";"26K0010401";"BRHBSCCRIEH2";"Ativo";"IPCA";"981";"";"";"";"";"Abecker Florescer";"";"";"CRI"
"Habitasec";"Abecker Florescer";"27I0000801";"BRHBSCCRIEI0";"Ativo";"IPCA";"982";"";"";"";"";"Abecker Florescer";"";"";"CRI"
"Habitasec";"Ditolvo III";"19D0671987";"BRHBSCCRI379";"Ativo";"CDI";"954";"";"";"";"";"Ditolvo III";"";"";"CRI"
"Habitasec";"Praias II";"19H0293120";"BRHBSCCRI3P4";"Ativo";"CDI";"955";"";"";"";"";"Praias II";"";"";"CRI"
"Habitasec";"CHB";"19D0515876";"BRHBSCCRI338";"Ativo";"CDI";"953";"";"";"";"";"CHB";"";"";"CRI"
"Habitasec";"Tatinha";"26C4273912";"BRHBSCCRIE72";"Ativo";"IPCA + 12% a.a.";"875";"";"";"";"";"Tatinha";"";"";"CRI"
"Habitasec";"Setin II";"19E0281174";"BRHBSCCRI3B4";"Ativo";"CDI + 4% a.a.";"451";"";"";"";"";"Setin II";"";"";"CRI"
"Habitasec";"Scopel Capitânia";"11L0005889";"BRHBSCCRI031";"Ativo";"IPCA + 11.052% a.a.";"217";"";"";"";"";"Scopel Capitânia";"";"";"CRI"
"Habitasec";"Scopel Capitânia";"11L0005713";"BRHBSCCRI023";"Ativo";"IPCA + 15% a.a.";"216";"";"";"";"";"Scopel Capitânia";"";"";"CRI"
"Habitasec";"Scopel Capitânia";"11L0004764";"BRHBSCCRI015";"Ativo";"IPCA + 9% a.a.";"215";"";"";"";"";"Scopel Capitânia";"";"";"CRI"
"Habitasec";"Aloes";"12E0031990";"&#8212;";"Ativo";"IPCA + 12.041365% a.a.";"218";"";"";"";"";"Aloes";"";"";"CRI"
"Habitasec";"Scopel III";"12J0018024";"BRHBSCCRI0C8";"Ativo";"IPCA";"974";"";"";"";"";"Scopel III";"";"";"CRI"
"Habitasec";"Scopel III";"12J0017781";"BRHBSCCRI0B0";"Ativo";"IPCA";"943";"";"";"";"";"Scopel III";"";"";"CRI"
"Habitasec";"Scopel III";"12J0017777";"BRHBSCCRI0A2";"Ativo";"IPCA";"942";"";"";"";"";"Scopel III";"";"";"CRI"
"Habitasec";"Reserva Real";"13F0037678";"BRHBSCCRI0N5";"Ativo";"IGP-M + 7.5% a.a.";"554";"";"";"";"";"Reserva Real";"";"";"CRI"
"Habitasec";"Reserva Real";"13F0034990";"BRHBSCCRI0M7";"Ativo";"IGP-M + 7.5% a.a.";"553";"";"";"";"";"Reserva Real";"";"";"CRI"
"Habitasec";"Green Club";"13H0051110";"BRHBSCCRI0P0";"Ativo";"IGP-M";"947";"";"";"";"";"Green Club";"";"";"CRI"
"Habitasec";"Green Club";"13H0051104";"BRHBSCCRI0O3";"Ativo";"IGP-M";"946";"";"";"";"";"Green Club";"";"";"CRI"
"Habitasec";"Mamoré";"16F0242080";"BRHBSCCRI1H5";"Ativo";"IGP-M";"952";"";"";"";"";"Mamoré";"";"";"CRI"
"Habitasec";"Helbor V";"19A0625067";"BRHBSCCRI312";"Ativo";"CDI";"949";"";"";"";"";"Helbor V";"";"";"CRI"
"Habitasec";"Trisul II";"19C0337001";"BRHBSCCRI346";"Ativo";"CDI";"950";"";"";"";"";"Trisul II";"";"";"CRI"
"Habitasec";"Partage II";"19G0311661";"BRHBSCCRI3F5";"Ativo";"CDI + 1.8% a.a.";"435";"";"";"";"";"Partage II";"";"";"CRI"
"Habitasec";"Setin III";"19I0307144";"BRHBSCCRI3Q2";"Ativo";"CDI + 4.25% a.a.";"418";"";"";"";"";"Setin III";"";"";"CRI"
"Habitasec";"Longitude";"19K1145467";"BRHBSCCRI4K3";"Ativo";"CDI + 5% a.a.";"419";"";"";"";"";"Longitude";"";"";"CRI"
"Habitasec";"Helbor VII";"19L0906036";"BRHBSCCRI4L1";"Ativo";"CDI + 1.5% a.a.";"421";"";"";"";"";"Helbor VII";"";"";"CRI"
"Habitasec";"Colmeia";"20A1026890";"BRHBSCCRI4P2";"Ativo";"IPCA + 10% a.a.";"411";"";"";"";"";"Colmeia";"";"";"CRI"
"Habitasec";"Nex";"20E1055012";"BRHBSCCRI4W8";"Ativo";"CDI + 5% a.a.";"441";"";"";"";"";"Nex";"";"";"CRI"
"Habitasec";"Infinita Town";"20F0718722";"BRHBSCCRI4V0";"Ativo";"IPCA + 11% a.a.";"391";"";"";"";"";"Infinita Town";"";"";"CRI"
"Habitasec";"Infinita Town";"20F0718024";"BRHBSCCRI4U2";"Ativo";"IPCA + 15.9% a.a.";"390";"";"";"";"";"Infinita Town";"";"";"CRI"
"Habitasec";"Infinita Town";"20F0718010";"BRHBSCCRI4T4";"Ativo";"IPCA + 14% a.a.";"389";"";"";"";"";"Infinita Town";"";"";"CRI"
"Habitasec";"Infinita Town";"20F0717398";"BRHBSCCRI4S6";"Ativo";"IPCA + 13% a.a.";"388";"";"";"";"";"Infinita Town";"";"";"CRI"
"Habitasec";"MEL";"20I0573995";"BRHBSCCRI544";"Ativo";"IPCA + 5.9% a.a.";"226";"";"";"";"";"MEL";"";"";"CRI"
"Habitasec";"Vitacon III";"20I0718827";"BRHBSCCRI593";"Ativo";"CDI + 6.5% a.a.";"400";"";"";"";"";"Vitacon III";"";"";"CRI"
"Habitasec";"Vitacon III";"20I0718383";"BRHBSCCRI585";"Ativo";"CDI + 5.5% a.a.";"399";"";"";"";"";"Vitacon III";"";"";"CRI"
"Habitasec";"Vitacon III";"20I0718026";"BRHBSCCRI577";"Ativo";"CDI + 4% a.a.";"398";"";"";"";"";"Vitacon III";"";"";"CRI"
"Habitasec";"Vitacon IV";"20J0847216";"BRHBSCCRI5I4";"Ativo";"IPCA + 8.5% a.a.";"397";"";"";"";"";"Vitacon IV";"";"";"CRI"
"Habitasec";"Vitacon IV";"20J0846991";"BRHBSCCRI5H6";"Ativo";"IPCA + 7.25% a.a.";"396";"";"";"";"";"Vitacon IV";"";"";"CRI"
"Habitasec";"Vitacon IV";"20J0837296";"BRHBSCCRI5G8";"Ativo";"IPCA + 5.75% a.a.";"395";"";"";"";"";"Vitacon IV";"";"";"CRI"
"Habitasec";"Infinita Parque II";"20K0797915";"BRHBSCCRI5L8";"Ativo";"IPCA + 14% a.a.";"408";"";"";"";"";"Infinita Parque II";"";"";"CRI"
"Habitasec";"Bento Capitão &#8211; Nex Like";"20L0789249";"BRHBSCCRI5P9";"Ativo";"IPCA + 12.68% a.a.";"280";"";"";"";"";"Bento Capitão &#8211; Nex Like";"";"";"CRI"
"Habitasec";"Bento Capitão &#8211; Nex Like";"20L0789248";"BRHBSCCRI5O2";"Ativo";"IPCA + 12.68% a.a.";"279";"";"";"";"";"Bento Capitão &#8211; Nex Like";"";"";"CRI"
"Habitasec";"Infinita Life III";"21B0760585";"BRHBSCCRI619";"Ativo";"IPCA + 14% a.a.";"339";"";"";"";"";"Infinita Life III";"";"";"CRI"
"Habitasec";"Infinita Life III";"21B0760584";"BRHBSCCRI601";"Ativo";"IPCA + 14% a.a.";"338";"";"";"";"";"Infinita Life III";"";"";"CRI"
"Habitasec";"Infinita Life III";"21B0760582";"BRHBSCCRI5Z8";"Ativo";"IPCA + 14% a.a.";"337";"";"";"";"";"Infinita Life III";"";"";"CRI"
"Habitasec";"Extrema";"21D0543868";"BRHBSCCRI6A9";"Ativo";"IPCA + 20% a.a.";"269";"";"";"";"";"Extrema";"";"";"CRI"
"Habitasec";"Econ";"21F1036910";"BRHBSCCRI6O0";"Ativo";"CDI + 2.5% a.a.";"351";"";"";"";"";"Econ";"";"";"CRI"
"Habitasec";"Vanguarda";"22A1127471";"BRHBSCCRI825";"Ativo";"IPCA + 12.6825% a.a.";"288";"";"";"";"";"Vanguarda";"";"";"CRI"
"Habitasec";"Raum";"22B0468118";"BRHBSCCRI8D9";"Ativo";"IPCA + 13% a.a.";"250";"";"";"";"";"Raum";"";"";"CRI"
"Habitasec";"Infinita Parque II";"22G1166026";"BRHBSCCRI9J4";"Ativo";"CDI + 7% a.a.";"430";"";"";"";"";"Infinita Parque II";"";"";"CRI"
"Habitasec";"Infinita Town";"22J1411300";"BRHBSCCRI9O4";"Ativo";"CDI + 7.5% a.a.";"431";"";"";"";"";"Infinita Town";"";"";"CRI"
"Habitasec";"Infinita Life III";"23B0432351";"BRHBSCCRI9Z0";"Ativo";"CDI + 7% a.a.";"340";"";"";"";"";"Infinita Life III";"";"";"CRI"
"Habitasec";"Scopel III";"12J0017781";"&#8212;";"Ativo";"IPCA";"943";"";"";"";"";"Scopel III";"";"";"CRI"
"Habitasec";"Scopel III";"12J0017777";"&#8212;";"Ativo";"IPCA";"942";"";"";"";"";"Scopel III";"";"";"CRI"
"Habitasec";"Green Club";"13H0051110";"&#8212;";"Ativo";"IGP-M";"947";"";"";"";"";"Green Club";"";"";"CRI"
"Habitasec";"Green Club";"13H0051104";"&#8212;";"Ativo";"IGP-M";"946";"";"";"";"";"Green Club";"";"";"CRI"
"Habitasec";"Mamoré";"16F0242080";"&#8212;";"Ativo";"IGP-M";"952";"";"";"";"";"Mamoré";"";"";"CRI"
"Habitasec";"Porto Quality";"16H0156564";"&#8212;";"Ativo";"IPCA + 10.5% a.a.";"944";"";"";"";"";"Porto Quality";"";"";"CRI"
"Habitasec";"Summer";"16K2085767";"&#8212;";"Ativo";"IPCA + 10.5% a.a.";"945";"";"";"";"";"Summer";"";"";"CRI"
"Habitasec";"Even II";"18C0765059";"&#8212;";"Ativo";"CDI + 0.03% a.a.";"948";"";"";"";"";"Even II";"";"";"CRI"
"Habitasec";"Helbor V";"19A0625067";"&#8212;";"Ativo";"CDI";"949";"";"";"";"";"Helbor V";"";"";"CRI"
"Habitasec";"Trisul II";"19C0337001";"&#8212;";"Ativo";"CDI";"950";"";"";"";"";"Trisul II";"";"";"CRI"
"Habitasec";"CHB";"19D0515876";"&#8212;";"Ativo";"CDI";"953";"";"";"";"";"CHB";"";"";"CRI"
"Habitasec";"Divolto III";"19D0671987";"&#8212;";"Ativo";"CDI";"954";"";"";"";"";"Divolto III";"";"";"CRI"
"Habitasec";"Helbor VI";"19F0260959";"&#8212;";"Ativo";"CDI + 0.0215% a.a.";"951";"";"";"";"";"Helbor VI";"";"";"CRI"
"Habitasec";"Praias II";"19H0293120";"&#8212;";"Ativo";"CDI";"955";"";"";"";"";"Praias II";"";"";"CRI"
"Habitasec";"Rovic II";"19I0307536";"&#8212;";"Ativo";"CDI + 0.055% a.a.";"956";"";"";"";"";"Rovic II";"";"";"CRI"
"Habitasec";"Praias III";"19J0231267";"&#8212;";"Ativo";"CDI + 0.06% a.a.";"957";"";"";"";"";"Praias III";"";"";"CRI"
"Habitasec";"Embraed III &#8211; Iridium";"20I0000001";"&#8212;";"Ativo";"CDI + 0.065% a.a.";"959";"";"";"";"";"Embraed III &#8211; Iridium";"";"";"CRI"
"Habitasec";"Embraed VBI";"20K0778773";"&#8212;";"Ativo";"IPCA + 7% a.a.";"958";"";"";"";"";"Embraed VBI";"";"";"CRI"
"Habitasec";"Atlantico Bautico";"21E0823280";"&#8212;";"Ativo";"IPCA + 6.2% a.a.";"960";"";"";"";"";"Atlantico Bautico";"";"";"CRI"
"Habitasec";"LBraga";"21H0889576";"&#8212;";"Ativo";"INCC-M + 11.5% a.a.";"965";"";"";"";"";"LBraga";"";"";"CRI"
"Habitasec";"LBraga";"21H0889518";"&#8212;";"Ativo";"INCC-M + 11.5% a.a.";"964";"";"";"";"";"LBraga";"";"";"CRI"
"Habitasec";"LBraga";"21H0889464";"&#8212;";"Ativo";"INCC-M + 11.5% a.a.";"963";"";"";"";"";"LBraga";"";"";"CRI"
"Habitasec";"LBraga";"21H0889352";"&#8212;";"Ativo";"INCC-M + 11.5% a.a.";"962";"";"";"";"";"LBraga";"";"";"CRI"
"Habitasec";"Pernambuco";"21H1031213";"&#8212;";"Ativo";"CDI + 0.0575% a.a.";"961";"";"";"";"";"Pernambuco";"";"";"CRI"
"Habitasec";"Ditolvo VI";"21J0703978";"&#8212;";"Ativo";"CDI + 0.06% a.a.";"966";"";"";"";"";"Ditolvo VI";"";"";"CRI"
"Habitasec";"Vokkan";"21K1073037";"&#8212;";"Ativo";"IPCA + 8% a.a.";"967";"";"";"";"";"Vokkan";"";"";"CRI"
"Habitasec";"Fragnani";"21L1280777";"&#8212;";"Ativo";"IPCA + 8.5% a.a.";"968";"";"";"";"";"Fragnani";"";"";"CRI"
"Habitasec";"Fragnani";"21L1280777";"&#8212;";"Ativo";"IPCA + 8.5% a.a.";"968";"";"";"";"";"Fragnani";"";"";"CRI"
"Habitasec";"Ativos Residenciais Diversificados";"25K3255796";"BRHBSCCRIDF8";"Ativo";"CDI";"941";"";"";"";"";"Ativos Residenciais Diversificados";"";"";"CRI"
"Habitasec";"Evoke";"26E0012601";"BRHBSCCRIDQ5";"Ativo";"CDI + 0.045% a.a.";"936";"";"";"";"";"Evoke";"";"";"CRI"
"Habitasec";"Evoke";"26H0006201";"BRHBSCCRIDR3";"Ativo";"CDI + 0.045% a.a.";"937";"";"";"";"";"Evoke";"";"";"CRI"
"Habitasec";"Evoke";"26K0007002";"BRHBSCCRIDS1";"Ativo";"CDI + 0.045% a.a.";"938";"";"";"";"";"Evoke";"";"";"CRI"
"Habitasec";"Evoke";"27B0000801";"BRHBSCCRIDT9";"Ativo";"CDI + 0.045% a.a.";"939";"";"";"";"";"Evoke";"";"";"CRI"
"Habitasec";"Evoke";"27E0000401";"BRHBSCCRIDU7";"Ativo";"CDI + 0.045% a.a.";"940";"";"";"";"";"Evoke";"";"";"CRI"
"Habitasec";"CRA Minerva III";"CRA026001UT";"BRHBSCCRA0A0";"Ativo";"CDI + 1% a.a.";"913";"";"";"";"";"CRA Minerva III";"";"";"CRI"
"Habitasec";"Econ V";"26D4571142";"BRHBSCCRIE98";"Ativo";"CDI + 1% a.a.";"911";"";"";"";"";"Econ V";"";"";"CRI"
"Habitasec";"FGR";"26E2220723";"BRHBSCCRIEF6";"Ativo";"Não definido";"909";"";"";"";"";"FGR";"";"";"CRI"
"Habitasec";"FGR";"26E2217761";"BRHBSCCRIEE9";"Ativo";"IPCA";"908";"";"";"";"";"FGR";"";"";"CRI"
"Habitasec";"FGR";"26E2121948";"BRHBSCCRIED1";"Ativo";"IPCA";"907";"";"";"";"";"FGR";"";"";"CRI"
"Habitasec";"FGR";"26E2121897";"BRHBSCCRIEC3";"Ativo";"IPCA";"905";"";"";"";"";"FGR";"";"";"CRI"
"Habitasec";"FGR";"26E2096092";"BRHBSCCRIEB5";"Ativo";"IPCA + 10% a.a.";"904";"";"";"";"";"FGR";"";"";"CRI"
"Habitasec";"Econ IV";"26D5393866";"BRHBSCCRIEA7";"Ativo";"CDI + 3.66% a.a.";"892";"";"";"";"";"Econ IV";"";"";"CRI"
"Habitasec";"Econ IV";"BRHBSCCRIEA7";"26D5393866";"Ativo";"CDI + 3.66% a.a.";"892";"";"";"";"";"Econ IV";"";"";"CRI"
"Habitasec";"Artis";"26D0303109";"BRHBSCCRIE80";"Ativo";"IPCA + 12.3% a.a.";"890";"";"";"";"";"Artis";"";"";"CRI"
"Habitasec";"EBM Permuta Financeira";"24D3468496";"BRHBSCCRIBC9";"Ativo";"INCC-M + 8% a.a.";"503";"";"";"";"";"EBM Permuta Financeira";"";"";"CRI"
"Habitasec";"Evoke";"26B0019801";"BRHBSCCRIDP7";"Ativo";"CDI + 4.5% a.a.";"888";"";"";"";"";"Evoke";"";"";"CRI"
"Habitasec";"Cidade Verde";"26C2996517";"BRHBSCCRIE56";"Ativo";"IPCA + 18% a.a.";"880";"";"";"";"";"Cidade Verde";"";"";"CRI"
"Habitasec";"Cidade Verde";"26C2971464";"BRHBSCCRIE64";"Ativo";"IPCA + 10.5% a.a.";"879";"";"";"";"";"Cidade Verde";"";"";"CRI"
"Habitasec";"Trinity";"26C3661623";"BRHBSCCRIE49";"Ativo";"CDI";"885";"";"";"";"";"Trinity";"";"";"CRI"
"Habitasec";"Trinity";"26C3631552";"BRHBSCCRIE31";"Ativo";"CDI + 3.25% a.a.";"881";"";"";"";"";"Trinity";"";"";"CRI"
"Habitasec";"Crediblue Aquisição Residencial";"25K2622192";"BRHBSCCRID99";"Ativo";"IPCA + 9.5% a.a.";"613";"";"";"";"";"Crediblue Aquisição Residencial";"";"";"CRI"
"Habitasec";"Basesul";"26A5175273";"BRHBSCCRIDW3";"Ativo";"IPCA + 9.3% a.a.";"887";"";"";"";"";"Basesul";"";"";"CRI"
"Habitasec";"B&#038;B";"21H0720107";"BRHBSCCRI6Y9";"Ativo";"IPCA + 7.5% a.a.";"335";"";"";"";"";"B&#038;B";"";"";"CRI"
"Habitasec";"Cidade Verde";"26C2996517";"BRHBSCCRIE64";"Ativo";"IPCA + 18% a.a.";"879";"";"";"";"";"Cidade Verde";"";"";"CRI"
"Habitasec";"Tatinha";"26C4273912";"&#8212;";"Ativo";"IPCA + 12% a.a.";"875";"";"";"";"";"Tatinha";"";"";"CRI"
"Habitasec";"SCOPEL O.A";"11C0035926";"&#8212;";"Ativo";"IPCA + 9.5% a.a.";"462";"";"";"";"";"SCOPEL O.A";"";"";"CRI"
"Habitasec";"Scopel";"12F0028554";"BRHBSCCRI098";"Ativo";"IPCA + 16.4515% a.a.";"223";"";"";"";"";"Scopel";"";"";"CRI"
"Habitasec";"Scopel";"12F0028545";"BRHBSCCRI080";"Ativo";"IPCA + 12% a.a.";"222";"";"";"";"";"Scopel";"";"";"CRI"
"Habitasec";"Embraed";"19L0907825";"BRHBSCCRI4O5";"Ativo";"CDI + 3.5% a.a.";"234";"";"";"";"";"Embraed";"";"";"CRI"
"Habitasec";"Embraed";"19L0906443";"BRHBSCCRI4N7";"Ativo";"CDI + 3.5% a.a.";"243";"";"";"";"";"Embraed";"";"";"CRI"
"Habitasec";"VIC II";"20H0838579";"BRHBSCCRI536";"Ativo";"CDI + 7% a.a.";"266";"";"";"";"";"VIC II";"";"";"CRI"
"Habitasec";"Guarapuava";"21B0591517";"BRHBSCCRI5W5";"Ativo";"IPCA + 8.5% a.a.";"256";"";"";"";"";"Guarapuava";"";"";"CRI"
"Habitasec";"Guarapuava";"21B0591458";"BRHBSCCRI5U9";"Ativo";"IPCA + 8.5% a.a.";"254";"";"";"";"";"Guarapuava";"";"";"CRI"
"Habitasec";"Pernambuco II";"21H1031323";"BRHBSCCRI783";"Ativo";"CDI + 5.75% a.a.";"262";"";"";"";"";"Pernambuco II";"";"";"CRI"
"Habitasec";"Viver Fama";"21I0940474";"BRHBSCCRI7E9";"Ativo";"IPCA + 12.6825% a.a.";"360";"";"";"";"";"Viver Fama";"";"";"CRI"
"Habitasec";"Viver Fama";"21I0940473";"BRHBSCCRI7D1";"Ativo";"IPCA + 12.6825% a.a.";"359";"";"";"";"";"Viver Fama";"";"";"CRI"
"Habitasec";"Helbor XI";"23F1689784";"BRHBSCCRIA76";"Ativo";"CDI + 3% a.a.";"230";"";"";"";"";"Helbor XI";"";"";"CRI"
"Habitasec";"Realiza IV";"24A2786450";"BRHBSCCRIAT5";"Ativo";"CDI + 6% a.a.";"480";"";"";"";"";"Realiza IV";"";"";"CRI"
"Habitasec";"QSJRN";"25K3783044";"BRHBSCCRIDN2";"Ativo";"CDI + 12.49% a.a.";"625";"";"";"";"";"QSJRN";"";"";"CRI"
"Habitasec";"Evoke";"25L3391401";"BRHBSCCRIDO0";"Ativo";"CDI + 4.5% a.a.";"626";"";"";"";"";"Evoke";"";"";"CRI"
"Habitasec";"OR Loteamentos";"25L3861195";"BRHBSCCRIDV5";"Ativo";"IPCA + 12.5% a.a.";"624";"";"";"";"";"OR Loteamentos";"";"";"CRI"
"Habitasec";"CRA Minerva";"CRA02500B9O";"BRHBSCCRA087";"Ativo";"Não definido + 14.89% a.a.";"630";"";"";"";"";"CRA Minerva";"";"";"CRI"
"Habitasec";"CRA Minerva";"CRA02500B9N";"BRHBSCCRA079";"Ativo";"CDI + 1.0827% a.a.";"629";"";"";"";"";"CRA Minerva";"";"";"CRI"
"Habitasec";"CRA Minerva";"CRA02500B9M";"BRHBSCCRA061";"Ativo";"CDI + 1% a.a.";"628";"";"";"";"";"CRA Minerva";"";"";"CRI"
"Habitasec";"CRA Minerva II";"CRA0260005Q";"BRHBSCCRA095";"Ativo";"CDI + 1% a.a.";"631";"";"";"";"";"CRA Minerva II";"";"";"CRI"
"Habitasec";"Ares das Brás";"26B2938203";"BRHBSCCRIE23";"Ativo";"IPCA";"636";"";"";"";"";"Ares das Brás";"";"";"CRI"
"Habitasec";"Ares das Brás";"26B2931914";"BRHBSCCRIE15";"Ativo";"IPCA";"635";"";"";"";"";"Ares das Brás";"";"";"CRI"
"Habitasec";"Ares das Brás";"26B2853042";"BRHBSCCRIE07";"Ativo";"IPCA";"634";"";"";"";"";"Ares das Brás";"";"";"CRI"
"Habitasec";"Ares das Brás";"26B2850203";"BRHBSCCRIDZ6";"Ativo";"IPCA";"633";"";"";"";"";"Ares das Brás";"";"";"CRI"
"Habitasec";"Ares das Brás";"26B2841429";"BRHBSCCRIDY9";"Ativo";"IPCA + 13% a.a.";"632";"";"";"";"";"Ares das Brás";"";"";"CRI"
"Habitasec";"Raum";"22B0468118";"BRHBSCCRI8D9";"Ativo";"IPCA + 13% a.a.";"224";"";"";"";"";"Raum";"";"";"CRI"
"Habitasec";"Partage";"15K0641039";"BRHBSCCRI1E2";"Ativo";"CDI + 2% a.a.";"514";"";"";"";"";"Partage";"";"";"CRI"
"Habitasec";"Participa";"18K1252620";"BRHBSCCRI2T8";"Ativo";"CDI + 1.35% a.a.";"503";"";"";"";"";"Participa";"";"";"CRI"
"Habitasec";"Participa";"18K1252555";"BRHBSCCRI2S0";"Ativo";"IPCA + 9.75% a.a.";"502";"";"";"";"";"Participa";"";"";"CRI"
"Habitasec";"Setin II";"19E0281174";"BRHBSCCRI3B4";"Ativo";"CDI + 4% a.a.";"489";"";"";"";"";"Setin II";"";"";"CRI"
"Habitasec";"Partage II";"19G0312147";"BRHBSCCRI3G3";"Ativo";"IPCA + 5.41% a.a.";"447";"";"";"";"";"Partage II";"";"";"CRI"
"Habitasec";"Setin III";"19I0307144";"BRHBSCCRI3Q2";"Ativo";"CDI + 4.25% a.a.";"451";"";"";"";"";"Setin III";"";"";"CRI"
"Habitasec";"Embraed II";"20F0870073";"BRHBSCCRI4Y4";"Ativo";"CDI + 5.5% a.a.";"477";"";"";"";"";"Embraed II";"";"";"CRI"
"Habitasec";"Participa II";"20I0719882";"BRHBSCCRI5F0";"Ativo";"IPCA + 7.35% a.a.";"418";"";"";"";"";"Participa II";"";"";"CRI"
"Habitasec";"Participa II";"20I0719744";"BRHBSCCRI5E3";"Ativo";"IPCA + 5.35% a.a.";"417";"";"";"";"";"Participa II";"";"";"CRI"
"Habitasec";"Participa II";"20I0719702";"BRHBSCCRI5D5";"Ativo";"CDI + 2.8% a.a.";"416";"";"";"";"";"Participa II";"";"";"CRI"
"Habitasec";"Shopping-Alegria";"21B0716603";"BRHBSCCRI5X3";"Ativo";"IPCA + 12.6825% a.a.";"351";"";"";"";"";"Shopping-Alegria";"";"";"CRI"
"Habitasec";"Infinita Life III";"21B0760585";"BRHBSCCRI619";"Ativo";"IPCA + 14% a.a.";"348";"";"";"";"";"Infinita Life III";"";"";"CRI"
"Habitasec";"Infinita Life III";"21B0760584";"BRHBSCCRI601";"Ativo";"IPCA + 14% a.a.";"347";"";"";"";"";"Infinita Life III";"";"";"CRI"
"Habitasec";"Infinita Life III";"21B0760582";"BRHBSCCRI5Z8";"Ativo";"IPCA + 14% a.a.";"346";"";"";"";"";"Infinita Life III";"";"";"CRI"
"Habitasec";"Andali";"21C0730879";"BRHBSCCRI650";"Ativo";"IPCA + 6.75% a.a.";"350";"";"";"";"";"Andali";"";"";"CRI"
"Habitasec";"Embraed Rec";"21D0779954";"BRHBSCCRI6L6";"Ativo";"IPCA + 7% a.a.";"356";"";"";"";"";"Embraed Rec";"";"";"CRI"
"Habitasec";"Cataguases";"21G0090798";"BRHBSCCRI6P7";"Ativo";"CDI + 6.5% a.a.";"199";"";"";"";"";"Cataguases";"";"";"CRI"
"Habitasec";"Extrema Via Varejo";"21G0864354";"BRHBSCCRI6X1";"Ativo";"IPCA + 6.5% a.a.";"358";"";"";"";"";"Extrema Via Varejo";"";"";"CRI"
"Habitasec";"Viver Fama";"21I0940472";"BRHBSCCRI7C3";"Ativo";"IPCA + 12.6825% a.a.";"358";"";"";"";"";"Viver Fama";"";"";"CRI"
"Habitasec";"Viver Fama";"21I0566608";"BRHBSCCRI7B5";"Ativo";"IPCA + 12.6825% a.a.";"357";"";"";"";"";"Viver Fama";"";"";"CRI"
"Habitasec";"Extrema Via Varejo II";"21J0585266";"BRHBSCCRI4A4";"Ativo";"IPCA + 6.5% a.a.";"386";"";"";"";"";"Extrema Via Varejo II";"";"";"CRI"
"Habitasec";"JSL";"21K0728271";"BRHBSCCRI411";"Ativo";"IPCA + 6.5% a.a.";"388";"";"";"";"";"JSL";"";"";"CRI"
"Habitasec";"Vanguarda";"22A1127471";"BRHBSCCRI825";"Ativo";"IPCA + 12.6825% a.a.";"282";"";"";"";"";"Vanguarda";"";"";"CRI"
"Habitasec";"Frio Peças";"22B0582974";"BRHBSCCRI8C1";"Ativo";"IPCA + 7% a.a.";"201";"";"";"";"";"Frio Peças";"";"";"CRI"
"Habitasec";"Extrema Pulverizado";"22F1296971";"BRHBSCCRI916";"Ativo";"IPCA + 7% a.a.";"173";"";"";"";"";"Extrema Pulverizado";"";"";"CRI"
"Habitasec";"Extrema Pulverizado II";"22H0194042";"BRHBSCCRI924";"Ativo";"IPCA + 7% a.a.";"248";"";"";"";"";"Extrema Pulverizado II";"";"";"CRI"
"Habitasec";"Extrema Pulverizada III";"22K0024321";"BRHBSCCRI9N6";"Ativo";"IPCA + 7% a.a.";"283";"";"";"";"";"Extrema Pulverizada III";"";"";"CRI"
"Habitasec";"Extrema Pulverizado IV";"22L1464124";"BRHBSCCRI9Y3";"Ativo";"IPCA + 7% a.a.";"195";"";"";"";"";"Extrema Pulverizado IV";"";"";"CRI"
"Habitasec";"Infinita Life III";"23B0432351";"BRHBSCCRI9Z0";"Ativo";"CDI + 7% a.a.";"349";"";"";"";"";"Infinita Life III";"";"";"CRI"
"Habitasec";"Helbor X";"23D1860605";"BRHBSCCRIA43";"Ativo";"CDI + 2.25% a.a.";"191";"";"";"";"";"Helbor X";"";"";"CRI"
"Habitasec";"Arquiplan";"24E1885543";"BRHBSCCRIBH8";"Ativo";"CDI + 4.5% a.a.";"568";"";"";"";"";"Arquiplan";"";"";"CRI"
"Habitasec";"CRA Minerva";"CRA02500B9L";"BRHBSCCRA053";"Ativo";"CDI + 0.8% a.a.";"627";"";"";"";"";"CRA Minerva";"";"";"CRI"
"Habitasec";"Montrecom Trend Vila Madalena";"26B0018801";"BRHBSCCRIDM4";"Ativo";"IPCA + 10.9% a.a.";"620";"";"";"";"";"Montrecom Trend Vila Madalena";"";"";"CRI"
"Habitasec";"Montrecom Trend Vila Madalena";"26A0022601";"BRHBSCCRIDL6";"Ativo";"IPCA + 10.95% a.a.";"619";"";"";"";"";"Montrecom Trend Vila Madalena";"";"";"CRI"
"Habitasec";"Montrecom Trend Vila Madalena";"25L2191977";"BRHBSCCRIDK8";"Ativo";"IPCA + 11% a.a.";"618";"";"";"";"";"Montrecom Trend Vila Madalena";"";"";"CRI"
"Habitasec";"Abecker Ingo";"25K3419968";"BRHBSCCRIDI2";"Ativo";"IPCA + 14% a.a.";"617";"";"";"";"";"Abecker Ingo";"";"";"CRI"
"Habitasec";"Abecker Mirante da Serra";"25K3493414";"BRHBSCCRIDJ0";"Ativo";"IPCA + 14% a.a.";"616";"";"";"";"";"Abecker Mirante da Serra";"";"";"CRI"
"Habitasec";"Crediblue Aquisição Residencial";"25K2620703";"BRHBSCCRID81";"Ativo";"IPCA + 10.5% a.a.";"615";"";"";"";"";"Crediblue Aquisição Residencial";"";"";"CRI"
"Habitasec";"Crediblue Aquisição Residencial";"25K2582347";"BRHBSCCRID73";"Ativo";"IPCA + 9.5% a.a.";"614";"";"";"";"";"Crediblue Aquisição Residencial";"";"";"CRI"
"Habitasec";"Concase";"25K3165372";"BRHBSCCRIDE1";"Ativo";"CDI + 6% a.a.";"612";"";"";"";"";"Concase";"";"";"CRI"
"Habitasec";"Concase";"25K3148566";"BRHBSCCRIDD3";"Ativo";"CDI + 6% a.a.";"611";"";"";"";"";"Concase";"";"";"CRI"
"Habitasec";"Concase";"25K3177746";"BRHBSCCRIDC5";"Ativo";"CDI + 6% a.a.";"610";"";"";"";"";"Concase";"";"";"CRI"
"Habitasec";"Concase";"25K3164259";"BRHBSCCRIDB7";"Ativo";"CDI + 6% a.a.";"609";"";"";"";"";"Concase";"";"";"CRI"
"Habitasec";"Concase";"25K3094209";"BRHBSCCRIDA9";"Ativo";"CDI + 6% a.a.";"608";"";"";"";"";"Concase";"";"";"CRI"
"Habitasec";"Legacy";"25K3285301";"BRHBSCCRIDH4";"Ativo";"CDI + 4% a.a.";"607";"";"";"";"";"Legacy";"";"";"CRI"
"Habitasec";"Alameda 75";"25J5539575";"BRHBSCCRID65";"Ativo";"IPCA + 16.25% a.a.";"606";"";"";"";"";"Alameda 75";"";"";"CRI"
"Habitasec";"Ativos Residenciais Diversificados 2";"25J4656723";"BRHBSCCRID57";"Ativo";"CDI + 3% a.a.";"605";"";"";"";"";"Ativos Residenciais Diversificados 2";"";"";"CRI"
"Habitasec";"Abecker Ziel";"25J3111372";"BRHBSCCRID40";"Ativo";"IPCA + 14% a.a.";"603";"";"";"";"";"Abecker Ziel";"";"";"CRI"
"Habitasec";"Longitude III";"25I3986648";"BRHBSCCRID32";"Ativo";"Não definido + 0.0001% a.a.";"601";"";"";"";"";"Longitude III";"";"";"CRI"
"Habitasec";"Cantu Pneus";"25I3990145";"BRHBSCCRID16";"Ativo";"CDI + 3.5% a.a.";"600";"";"";"";"";"Cantu Pneus";"";"";"CRI"
"Habitasec";"Longitude III";"25I3974985";"BRHBSCCRID24";"Ativo";"CDI + 4.5% a.a.";"599";"";"";"";"";"Longitude III";"";"";"CRI"
"Habitasec";"Colmeia Felicita";"21C0731423";"BRHBSCCRI627";"Ativo";"IPCA + 15% a.a.";"344";"";"";"";"";"Colmeia Felicita";"";"";"CRI"
"Habitasec";"Colmeia Felicita";"21C0912079";"&#8212;";"Ativo";"IPCA + 15% a.a.";"547";"";"";"";"";"Colmeia Felicita";"";"";"CRI"
"Habitasec";"SCOPEL O.A";"11C0037320";"&#8212;";"Ativo";"IPCA + 11% a.a.";"461";"";"";"";"";"SCOPEL O.A";"";"";"CRI"
"Habitasec";"Scopel";"12F0028370";"BRHBSCCRI072";"Ativo";"IPCA + 8.75% a.a.";"221";"";"";"";"";"Scopel";"";"";"CRI"
"Habitasec";"Shop Jaraguá";"13F0056986";"BRHBSCCRI0L9";"Ativo";"IPCA + 6% a.a.";"471";"";"";"";"";"Shop Jaraguá";"";"";"CRI"
"Habitasec";"TRX Contax";"14I0103933";"&#8212;";"Ativo";"IPCA + 7.1215% a.a.";"544";"";"";"";"";"TRX Contax";"";"";"CRI"
"Habitasec";"Hotel Atlântico Sul";"15D0493675";"BRHBSCCRI155";"Ativo";"IPCA + 10.5% a.a.";"232";"";"";"";"";"Hotel Atlântico Sul";"";"";"CRI"
"Habitasec";"Fll BRL";"15E0135588";"BRHBSCCRI171";"Ativo";"TR + 9.85% a.a.";"249";"";"";"";"";"Fll BRL";"";"";"CRI"
"Habitasec";"Vinci";"15E0135577";"BRHBSCCRI163";"Ativo";"TR + 9.85% a.a.";"248";"";"";"";"";"Vinci";"";"";"CRI"
"Habitasec";"Buritis";"15K0592011";"BRHBSCCRI1D4";"Ativo";"IPCA + 10% a.a.";"470";"";"";"";"";"Buritis";"";"";"CRI"
"Habitasec";"Setin";"17D0192368";"BRHBSCCRI1T0";"Ativo";"CDI + 2.3% a.a.";"468";"";"";"";"";"Setin";"";"";"CRI"
"Habitasec";"Setin";"17D0192369";"BRHBSCCRI1U8";"Ativo";"CDI + 3% a.a.";"469";"";"";"";"";"Setin";"";"";"CRI"
"Habitasec";"SuperFrio II";"18J0811268";"BRHBSCCRI2R2";"Ativo";"IPCA + 9.85% a.a.";"504";"";"";"";"";"SuperFrio II";"";"";"CRI"
"Habitasec";"SuperFrio";"18J0811182";"BRHBSCCRI2Q4";"Ativo";"IPCA + 9.85% a.a.";"505";"";"";"";"";"SuperFrio";"";"";"CRI"
"Habitasec";"Pitangueira";"18K1383003";"BRHBSCCRI2Z5";"Ativo";"IPCA + 12% a.a.";"453";"";"";"";"";"Pitangueira";"";"";"CRI"
"Habitasec";"Castanheira";"18K1383002";"BRHBSCCRI2Y8";"Ativo";"IPCA + 12% a.a.";"454";"";"";"";"";"Castanheira";"";"";"CRI"
"Habitasec";"Jatoba";"18K1383001";"BRHBSCCRI2X0";"Ativo";"IPCA + 12% a.a.";"455";"";"";"";"";"Jatoba";"";"";"CRI"
"Habitasec";"BRDU II";"18L1128777";"BRHBSCCRI304";"Ativo";"IPCA + 9.5% a.a.";"452";"";"";"";"";"BRDU II";"";"";"CRI"
"Habitasec";"Vilg";"19A0093844";"BRHBSCCRI320";"Ativo";"IPCA + 7.5% a.a.";"412";"";"";"";"";"Vilg";"";"";"CRI"
"Habitasec";"Aracaju";"19C0281298";"BRHBSCCRI361";"Ativo";"IPCA + 9.5% a.a.";"413";"";"";"";"";"Aracaju";"";"";"CRI"
"Habitasec";"HBR";"19G0228153";"BRHBSCCRI3H1";"Ativo";"IPCA + 6% a.a.";"208";"";"";"";"";"HBR";"";"";"CRI"
"Habitasec";"Outlet";"19F0922610";"BRHBSCCRI3E8";"Ativo";"CDI + 2.5% a.a.";"235";"";"";"";"";"Outlet";"";"";"CRI"
"Habitasec";"JCC II";"19I0737682";"BRHBSCCRI3W0";"Ativo";"CDI + 1.5% a.a.";"434";"";"";"";"";"JCC II";"";"";"CRI"
"Habitasec";"JCC II";"19I0737681";"BRHBSCCRI3V2";"Ativo";"CDI + 1.4% a.a.";"433";"";"";"";"";"JCC II";"";"";"CRI"
"Habitasec";"JCC II";"19I0737680";"BRHBSCCRI3U4";"Ativo";"CDI + 1.3% a.a.";"417";"";"";"";"";"JCC II";"";"";"CRI"
"Habitasec";"Manhattan";"19J0327167";"BRHBSCCRI4B2";"Ativo";"CDI + 5.7% a.a.";"415";"";"";"";"";"Manhattan";"";"";"CRI"
"Habitasec";"Codepe";"19J0713613";"BRHBSCCRI4E6";"Ativo";"IPCA + 7.67% a.a.";"416";"";"";"";"";"Codepe";"";"";"CRI"
"Habitasec";"Catuai";"19J0713612";"BRHBSCCRI4G1";"Ativo";"IPCA + 6% a.a.";"432";"";"";"";"";"Catuai";"";"";"CRI"
"Habitasec";"Catuai";"19J0713611";"BRHBSCCRI4F3";"Ativo";"IPCA + 6% a.a.";"420";"";"";"";"";"Catuai";"";"";"CRI"
"Habitasec";"Project Bread";"19K1139274";"BRHBSCCRI4I7";"Ativo";"IPCA + 15% a.a.";"446";"";"";"";"";"Project Bread";"";"";"CRI"
"Habitasec";"Project Bread";"19K1139273";"BRHBSCCRI4H9";"Ativo";"IPCA + 8.12% a.a.";"445";"";"";"";"";"Project Bread";"";"";"CRI"
"Habitasec";"Evolution";"19L0823309";"BRHBSCCRI4J5";"Ativo";"IPCA + 6.25% a.a.";"228";"";"";"";"";"Evolution";"";"";"CRI"
"Habitasec";"Calçada";"19L0906182";"BRHBSCCRI4M9";"Ativo";"IPCA + 12% a.a.";"444";"";"";"";"";"Calçada";"";"";"CRI"
"Habitasec";"Spot";"20B0797175";"BRHBSCCRI4Q0";"Ativo";"CDI + 5% a.a.";"278";"";"";"";"";"Spot";"";"";"CRI"
"Habitasec";"Nabileque II";"20H0835015";"BRHBSCCRI569";"Ativo";"IGP-DI + 11% a.a.";"259";"";"";"";"";"Nabileque II";"";"";"CRI"
"Habitasec";"Quero-Quero";"20G0926014";"BRHBSCCRI510";"Ativo";"IPCA + 5.7% a.a.";"405";"";"";"";"";"Quero-Quero";"";"";"CRI"
"Habitasec";"Sol Panamby";"20J0947705";"BRHBSCCRIAA5";"Ativo";"IPCA + 5.38% a.a.";"403";"";"";"";"";"Sol Panamby";"";"";"CRI"
"Habitasec";"Sol Panamby";"20J0947706";"BRHBSCCRIA92";"Ativo";"IPCA + 5.38% a.a.";"402";"";"";"";"";"Sol Panamby";"";"";"CRI"
"Habitasec";"Sol Panamby";"20J0947707";"BRHBSCCRIA84";"Ativo";"IPCA + 5.38% a.a.";"401";"";"";"";"";"Sol Panamby";"";"";"CRI"
"Habitasec";"Sol Panamby";"20J0033610";"BRHBSCCRI5C7";"Ativo";"IPCA + 5.38% a.a.";"387";"";"";"";"";"Sol Panamby";"";"";"CRI"
"Habitasec";"Sol Panamby";"20J0030180";"BRHBSCCRI5B9";"Ativo";"IPCA + 5.38% a.a.";"386";"";"";"";"";"Sol Panamby";"";"";"CRI"
"Habitasec";"Sol Panamby";"20J0030144";"BRHBSCCRI5A1";"Ativo";"IPCA + 5.38% a.a.";"385";"";"";"";"";"Sol Panamby";"";"";"CRI"
"Habitasec";"Ekkopark";"20J0864669";"BRHBSCCRI5J2";"Ativo";"IPCA + 8.5% a.a.";"428";"";"";"";"";"Ekkopark";"";"";"CRI"
"Habitasec";"MSB";"20L0551394";"BRHBSCCRI5Q7";"Ativo";"IPCA + 12% a.a.";"409";"";"";"";"";"MSB";"";"";"CRI"
"Habitasec";"Bread III";"20L0687995";"BRHBSCCRI5R5";"Ativo";"IPCA + 7.85% a.a.";"406";"";"";"";"";"Bread III";"";"";"CRI"
"Habitasec";"Manhattan II";"20L0870667";"BRHBSCCRI5S3";"Ativo";"IPCA + 4% a.a.";"407";"";"";"";"";"Manhattan II";"";"";"CRI"
"Habitasec";"Aura Rebouças";"20L0765928";"BRHBSCCRI5N4";"Ativo";"IPCA + 7.5% a.a.";"410";"";"";"";"";"Aura Rebouças";"";"";"CRI"
"Habitasec";"Guarapuava";"21B0591503";"BRHBSCCRI5V7";"Ativo";"IPCA + 8.5% a.a.";"255";"";"";"";"";"Guarapuava";"";"";"CRI"
"Habitasec";"Guarapuava";"21B0564516";"BRHBSCCRI5T1";"Ativo";"IPCA + 8.5% a.a.";"253";"";"";"";"";"Guarapuava";"";"";"CRI"
"Habitasec";"Estrutura";"21C0164377";"BRHBSCCRI5Y1";"Ativo";"CDI + 9% a.a.";"267";"";"";"";"";"Estrutura";"";"";"CRI"
"Habitasec";"Colmeia Vision";"21C0731447";"BRHBSCCRI643";"Ativo";"IPCA + 11.52% a.a.";"346";"";"";"";"";"Colmeia Vision";"";"";"CRI"
"Habitasec";"Colmeia Living Garden";"21C0731381";"BRHBSCCRI635";"Ativo";"IPCA + 11.52% a.a.";"345";"";"";"";"";"Colmeia Living Garden";"";"";"CRI"
"Habitasec";"Ekkopark II";"21C0731719";"BRHBSCCRI668";"Ativo";"IPCA + 8.5% a.a.";"343";"";"";"";"";"Ekkopark II";"";"";"CRI"
"Habitasec";"Manara II";"21C0813125";"BRHBSCCRI692";"Ativo";"IPCA + 9% a.a.";"252";"";"";"";"";"Manara II";"";"";"CRI"
"Habitasec";"Manara II";"21C0813120";"BRHBSCCRI684";"Ativo";"IPCA + 9% a.a.";"251";"";"";"";"";"Manara II";"";"";"CRI"
"Habitasec";"Quero Quero II";"21C0774127";"BRHBSCCRI676";"Ativo";"IPCA + 5.9% a.a.";"427";"";"";"";"";"Quero Quero II";"";"";"CRI"
"Habitasec";"Jardins Boulevard";"21D0864265";"BRHBSCCRI6G6";"Ativo";"IPCA + 9.5% a.a.";"277";"";"";"";"";"Jardins Boulevard";"";"";"CRI"
"Habitasec";"Jardins Boulevard";"21D0864264";"BRHBSCCRI6F8";"Ativo";"IPCA + 9.5% a.a.";"276";"";"";"";"";"Jardins Boulevard";"";"";"CRI"
"Habitasec";"Jardins Boulevard";"21D0864263";"BRHBSCCRI6E1";"Ativo";"IPCA + 9.5% a.a.";"275";"";"";"";"";"Jardins Boulevard";"";"";"CRI"
"Habitasec";"Jardins Boulevard";"21D0864254";"BRHBSCCRI6D3";"Ativo";"IPCA + 9.5% a.a.";"274";"";"";"";"";"Jardins Boulevard";"";"";"CRI"
"Habitasec";"Jardins Boulevard";"21D0864253";"BRHBSCCRI6C5";"Ativo";"IPCA + 9.5% a.a.";"273";"";"";"";"";"Jardins Boulevard";"";"";"CRI"
"Habitasec";"Jardins Boulevard";"21D0864252";"BRHBSCCRI6B7";"Ativo";"IPCA + 9.5% a.a.";"272";"";"";"";"";"Jardins Boulevard";"";"";"CRI"
"Habitasec";"CRA ERB";"CRA021000SE";"BRHBSCCRA012";"Ativo";"IPCA + 9% a.a.";"213";"";"";"";"";"CRA ERB";"";"";"CRI"
"Habitasec";"Aura Vila Mascote";"21E0048439";"BRHBSCCRI6H4";"Ativo";"IPCA + 7.5% a.a.";"261";"";"";"";"";"Aura Vila Mascote";"";"";"CRI"
"Habitasec";"VIC III";"21F0189140";"BRHBSCCRI612";"Ativo";"IPCA + 8% a.a.";"268";"";"";"";"";"VIC III";"";"";"CRI"
"Habitasec";"Rio Ave";"21F0211653";"BRHBSCCRI6J0";"Ativo";"IPCA + 6% a.a.";"336";"";"";"";"";"Rio Ave";"";"";"CRI"
"Habitasec";"Bussolaro";"21F1037235";"BRHBSCCRI6M4";"Ativo";"Não definido + 12.5% a.a.";"348";"";"";"";"";"Bussolaro";"";"";"CRI"
"Habitasec";"JPS IV";"21F1076965";"BRHBSCCRI6N2";"Ativo";"IPCA + 6.5% a.a.";"350";"";"";"";"";"JPS IV";"";"";"CRI"
"Habitasec";"HBR Comvem";"21G0507867";"BRHBSCCRI6Q5";"Ativo";"IPCA + 5% a.a.";"270";"";"";"";"";"HBR Comvem";"";"";"CRI"
"Habitasec";"Carvalho Hosken";"21G0734354";"BRHBSCCRI6W3";"Ativo";"CDI + 7.7% a.a.";"354";"";"";"";"";"Carvalho Hosken";"";"";"CRI"
"Habitasec";"Joaquim Távora";"21G0733026";"BRHBSCCRI6S1";"Ativo";"IPCA + 10% a.a.";"353";"";"";"";"";"Joaquim Távora";"";"";"CRI"
"Habitasec";"Joaquim Távora";"21G0733018";"BRHBSCCRI6R3";"Ativo";"IPCA + 10% a.a.";"352";"";"";"";"";"Joaquim Távora";"";"";"CRI"
"Habitasec";"Vila Madalena";"21I0940486";"BRHBSCCRI7K6";"Ativo";"IPCA + 10% a.a.";"366";"";"";"";"";"Vila Madalena";"";"";"CRI"
"Habitasec";"Vila Madalena";"21I0940485";"BRHBSCCRI7J8";"Ativo";"IPCA + 10% a.a.";"365";"";"";"";"";"Vila Madalena";"";"";"CRI"
"Habitasec";"Vila Madalena";"21I0940484";"BRHBSCCRI7I0";"Ativo";"IPCA + 10% a.a.";"364";"";"";"";"";"Vila Madalena";"";"";"CRI"
"Habitasec";"Vila Madalena";"21I0940482";"BRHBSCCRI7H2";"Ativo";"IPCA + 10% a.a.";"363";"";"";"";"";"Vila Madalena";"";"";"CRI"
"Habitasec";"Vila Madalena";"21I0940475";"BRHBSCCRI7G4";"Ativo";"IPCA + 10% a.a.";"362";"";"";"";"";"Vila Madalena";"";"";"CRI"
"Habitasec";"Vila Madalena";"21I0600458";"BRHBSCCRI7F6";"Ativo";"IPCA + 10% a.a.";"361";"";"";"";"";"Vila Madalena";"";"";"CRI"
"Habitasec";"VCA";"21I0798465";"BRHBSCCRI7A7";"Ativo";"IPCA + 7% a.a.";"356";"";"";"";"";"VCA";"";"";"CRI"
"Habitasec";"VCA";"21I0776342";"BRHBSCCRI791";"Ativo";"IPCA + 7% a.a.";"355";"";"";"";"";"VCA";"";"";"CRI"
"Habitasec";"Realiza II";"21I0826412";"BRHBSCCRI7L4";"Ativo";"IPCA + 9% a.a.";"367";"";"";"";"";"Realiza II";"";"";"CRI"
"Habitasec";"Chemin";"21G0881444";"BRHBSCCRI7M2";"Ativo";"IPCA + 12% a.a.";"209";"";"";"";"";"Chemin";"";"";"CRI"
"Habitasec";"Shopping Alegria II";"21L0868658";"BRHBSCCRI7O8";"Ativo";"IPCA + 13% a.a.";"258";"";"";"";"";"Shopping Alegria II";"";"";"CRI"
"Habitasec";"Shopping Alegria II";"21L0868593";"BRHBSCCRI7N0";"Ativo";"IPCA + 13% a.a.";"257";"";"";"";"";"Shopping Alegria II";"";"";"CRI"
"Habitasec";"Gafisa V";"21L0729731";"BRHBSCCRI7Y7";"Ativo";"CDI + 4.5% a.a.";"371";"";"";"";"";"Gafisa V";"";"";"CRI"
"Habitasec";"Gafisa V";"21L0729728";"BRHBSCCRI7X9";"Ativo";"CDI + 4.5% a.a.";"370";"";"";"";"";"Gafisa V";"";"";"CRI"
"Habitasec";"Manhattan NY";"21L0967522";"BRHBSCCRI7W1";"Ativo";"IPCA + 13% a.a.";"381";"";"";"";"";"Manhattan NY";"";"";"CRI"
"Habitasec";"Manhattan NY";"21L0967500";"BRHBSCCRI7V3";"Ativo";"IPCA + 13% a.a.";"379";"";"";"";"";"Manhattan NY";"";"";"CRI"
"Habitasec";"Manhattan NY";"21L0967496";"BRHBSCCRI7U5";"Ativo";"IPCA + 13% a.a.";"377";"";"";"";"";"Manhattan NY";"";"";"CRI"
"Habitasec";"Manhattan NY";"21L0967495";"BRHBSCCRI7T7";"Ativo";"IPCA + 13% a.a.";"375";"";"";"";"";"Manhattan NY";"";"";"CRI"
"Habitasec";"Manhattan NY";"21L0967494";"BRHBSCCRI7S9";"Ativo";"IPCA + 13% a.a.";"373";"";"";"";"";"Manhattan NY";"";"";"CRI"
"Habitasec";"Manhattan NY";"21L0967490";"BRHBSCCRI7R1";"Ativo";"IPCA + 10% a.a.";"380";"";"";"";"";"Manhattan NY";"";"";"CRI"
"Habitasec";"Manhattan NY";"21L0967455";"BRHBSCCRI7Q3";"Ativo";"IPCA + 10% a.a.";"378";"";"";"";"";"Manhattan NY";"";"";"CRI"
"Habitasec";"Manhattan NY";"21L0967448";"BRHBSCCRI7P5";"Ativo";"IPCA + 10% a.a.";"376";"";"";"";"";"Manhattan NY";"";"";"CRI"
"Habitasec";"Manhattan NY";"21L0967444";"BRHBSCCRI460";"Ativo";"IPCA + 10% a.a.";"374";"";"";"";"";"Manhattan NY";"";"";"CRI"
"Habitasec";"Manhattan NY";"21L0967403";"BRHBSCCRI452";"Ativo";"IPCA + 10% a.a.";"372";"";"";"";"";"Manhattan NY";"";"";"CRI"
"Habitasec";"Co Haut";"22A0759371";"BRHBSCCRI8B3";"Ativo";"IPCA + 14.03% a.a.";"265";"";"";"";"";"Co Haut";"";"";"CRI"
"Habitasec";"Co Haut";"22A0759361";"BRHBSCCRI8A5";"Ativo";"IPCA + 14.03% a.a.";"264";"";"";"";"";"Co Haut";"";"";"CRI"
"Habitasec";"Co Haut";"22A0759327";"BRHBSCCRI890";"Ativo";"IPCA + 14.03% a.a.";"263";"";"";"";"";"Co Haut";"";"";"CRI"
"Habitasec";"Aura Campo Belo";"22A0791137";"BRHBSCCRI809";"Ativo";"IPCA + 8.5% a.a.";"285";"";"";"";"";"Aura Campo Belo";"";"";"CRI"
"Habitasec";"Estrutura II";"22B0337860";"BRHBSCCRI882";"Ativo";"CDI + 9% a.a.";"290";"";"";"";"";"Estrutura II";"";"";"CRI"
"Habitasec";"Alinea";"22B0582556";"BRHBSCCRI8H0";"Ativo";"IGP-M + 7.85% a.a.";"299";"";"";"";"";"Alinea";"";"";"CRI"
"Habitasec";"Alinea";"22B0581101";"BRHBSCCRI8G2";"Ativo";"IGP-M + 7.85% a.a.";"298";"";"";"";"";"Alinea";"";"";"CRI"
"Habitasec";"BTS Fortaleza";"21B0767864";"BRHBSCCRI8J6";"Ativo";"IPCA + 18% a.a.";"330";"";"";"";"";"BTS Fortaleza";"";"";"CRI"
"Habitasec";"Carneiro";"22B0680153";"BRHBSCCRI8I8";"Ativo";"IPCA + 9% a.a.";"291";"";"";"";"";"Carneiro";"";"";"CRI"
"Habitasec";"Superfrio III";"22C0911889";"BRHBSCCRI8K4";"Ativo";"CDI + 4.65% a.a.";"331";"";"";"";"";"Superfrio III";"";"";"CRI"
"Habitasec";"Riacho Doce";"22D0845162";"BRHBSCCRI8N8";"Ativo";"IPCA + 13% a.a.";"304";"";"";"";"";"Riacho Doce";"";"";"CRI"
"Habitasec";"Riacho Doce";"22D0845146";"BRHBSCCRI8M0";"Ativo";"IPCA + 13% a.a.";"303";"";"";"";"";"Riacho Doce";"";"";"CRI"
"Habitasec";"Riacho Doce";"22D0844981";"BRHBSCCRI8L2";"Ativo";"IPCA + 13% a.a.";"302";"";"";"";"";"Riacho Doce";"";"";"CRI"
"Habitasec";"Campos do Jordão";"22D1286984";"BRHBSCCRI8W9";"Ativo";"CDI + 6.5% a.a.";"297";"";"";"";"";"Campos do Jordão";"";"";"CRI"
"Habitasec";"Campos do Jordão";"22D1286983";"BRHBSCCRI8V1";"Ativo";"CDI + 5% a.a.";"296";"";"";"";"";"Campos do Jordão";"";"";"CRI"
"Habitasec";"Campos do Jordão";"22D1286982";"BRHBSCCRI8U3";"Ativo";"CDI + 5% a.a.";"295";"";"";"";"";"Campos do Jordão";"";"";"CRI"
"Habitasec";"Campos do Jordão";"22D1286981";"BRHBSCCRI8T5";"Ativo";"CDI + 5% a.a.";"294";"";"";"";"";"Campos do Jordão";"";"";"CRI"
"Habitasec";"Campos do Jordão";"22D1286980";"BRHBSCCRI8S7";"Ativo";"CDI + 5% a.a.";"293";"";"";"";"";"Campos do Jordão";"";"";"CRI"
"Habitasec";"Embraed VI Haitong";"22D1283353";"BRHBSCCRI8R9";"Ativo";"CDI + 3.85% a.a.";"283";"";"";"";"";"Embraed VI Haitong";"";"";"CRI"
"Habitasec";"Montreal Vila Olimpia";"22E0854678";"BRHBSCCRI8Y5";"Ativo";"IPCA + 9% a.a.";"301";"";"";"";"";"Montreal Vila Olimpia";"";"";"CRI"
"Habitasec";"Helbor VIII";"22E1211649";"BRHBSCCRI8X7";"Ativo";"CDI + 3% a.a.";"311";"";"";"";"";"Helbor VIII";"";"";"CRI"
"Habitasec";"VIC IV";"22F1162246";"BRHBSCCRI908";"Ativo";"IPCA + 12% a.a.";"287";"";"";"";"";"VIC IV";"";"";"CRI"
"Habitasec";"VIC IV";"22F1135958";"BRHBSCCRI8Z2";"Ativo";"IPCA + 9.5% a.a.";"286";"";"";"";"";"VIC IV";"";"";"CRI"
"Habitasec";"Carandá II";"22H1737558";"BRHBSCCRI9E5";"Ativo";"CDI + 4% a.a.";"317";"";"";"";"";"Carandá II";"";"";"CRI"
"Habitasec";"Carandá";"22H1737532";"BRHBSCCRI9D7";"Ativo";"IPCA + 9.2% a.a.";"300";"";"";"";"";"Carandá";"";"";"CRI"
"Habitasec";"0246S &#8211; Aura Vila Mariana";"21H0953114";"BRHBSCCRI767";"Ativo";"IPCA + 8.5% a.a.";"237";"";"";"";"";"0246S &#8211; Aura Vila Mariana";"";"";"CRI"
"Habitasec";"Aura Vila Mariana";"21H0953104";"BRHBSCCRI759";"Ativo";"IPCA + 8.5% a.a.";"236";"";"";"";"";"Aura Vila Mariana";"";"";"CRI"
"Habitasec";"QSJRN";"22H1667511";"BRHBSCCRI9B1";"Ativo";"CDI + 12.5% a.a.";"325";"";"";"";"";"QSJRN";"";"";"CRI"
"Habitasec";"QSJRN";"22H1667510";"BRHBSCCRI9A3";"Ativo";"CDI + 12.5% a.a.";"324";"";"";"";"";"QSJRN";"";"";"CRI"
"Habitasec";"QSJRN";"22H1667509";"BRHBSCCRI999";"Ativo";"CDI + 12.5% a.a.";"322";"";"";"";"";"QSJRN";"";"";"CRI"
"Habitasec";"QSJRN";"22H1667508";"BRHBSCCRI981";"Ativo";"CDI + 12.5% a.a.";"321";"";"";"";"";"QSJRN";"";"";"CRI"
"Habitasec";"QSJRN";"22H1667507";"BRHBSCCRI973";"Ativo";"CDI + 12.5% a.a.";"316";"";"";"";"";"QSJRN";"";"";"CRI"
"Habitasec";"QSJRN";"22H1667479";"BRHBSCCRI965";"Ativo";"CDI + 12.5% a.a.";"315";"";"";"";"";"QSJRN";"";"";"CRI"
"Habitasec";"QSJRN";"22H1663473";"BRHBSCCRI957";"Ativo";"CDI + 12.5% a.a.";"314";"";"";"";"";"QSJRN";"";"";"CRI"
"Habitasec";"QSJRN";"22H1663827";"BRHBSCCRI940";"Ativo";"CDI + 12.5% a.a.";"313";"";"";"";"";"QSJRN";"";"";"CRI"
"Habitasec";"QSJRN";"22H1519129";"BRHBSCCRI932";"Ativo";"CDI + 12.5% a.a.";"312";"";"";"";"";"QSJRN";"";"";"CRI"
"Habitasec";"BTS Varginha II";"22I0089943";"BRHBSCCRI9I6";"Ativo";"IPCA + 7.65% a.a.";"306";"";"";"";"";"BTS Varginha II";"";"";"CRI"
"Habitasec";"BTS Varginha II";"22I0089914";"BRHBSCCRI9H8";"Ativo";"IPCA + 7.65% a.a.";"305";"";"";"";"";"BTS Varginha II";"";"";"CRI"
"Habitasec";"BTS Varginha";"22I0089805";"BRHBSCCRI9G0";"Ativo";"IPCA + 7.65% a.a.";"309";"";"";"";"";"BTS Varginha";"";"";"CRI"
"Habitasec";"BTS Varginha";"22I0089753";"BRHBSCCRI9F2";"Ativo";"IPCA + 7.65% a.a.";"308";"";"";"";"";"BTS Varginha";"";"";"CRI"
"Habitasec";"Bread III (V)";"22I1560033";"BRHBSCCRI9K2";"Ativo";"IPCA + 9.25% a.a.";"310";"";"";"";"";"Bread III (V)";"";"";"CRI"
"Habitasec";"Fragnani II";"22J0268409";"BRHBSCCRI9M8";"Ativo";"CDI + 3.5% a.a.";"212";"";"";"";"";"Fragnani II";"";"";"CRI"
"Habitasec";"Fragnani II";"22J0268287";"BRHBSCCRI9L0";"Ativo";"IPCA + 8.5% a.a.";"211";"";"";"";"";"Fragnani II";"";"";"CRI"
"Habitasec";"Bit Barueri";"22J2609555";"BRHBSCCRI9S5";"Ativo";"CDI + 5.5% a.a.";"563";"";"";"";"";"Bit Barueri";"";"";"CRI"
"Habitasec";"Bit Barueri";"22J2609554";"BRHBSCCRI9R7";"Ativo";"CDI + 5.5% a.a.";"562";"";"";"";"";"Bit Barueri";"";"";"CRI"
"Habitasec";"Bit Barueri";"22J1411297";"BRHBSCCRI9Q9";"Ativo";"CDI + 5.5% a.a.";"323";"";"";"";"";"Bit Barueri";"";"";"CRI"
"Habitasec";"Bit Barueri";"22J1411295";"BRHBSCCRI9P1";"Ativo";"CDI + 5.5% a.a.";"307";"";"";"";"";"Bit Barueri";"";"";"CRI"
"Habitasec";"CRA Griffood";"CRA02200CNL";"BRHBSCCRA020";"Ativo";"CDI + 5.25% a.a.";"214";"";"";"";"";"CRA Griffood";"";"";"CRI"
"Habitasec";"HausBau";"22K1685394";"BRHBSCCRI9T3";"Ativo";"IPCA + 10.25% a.a.";"260";"";"";"";"";"HausBau";"";"";"CRI"
"Habitasec";"Helbor IX";"22L1013767";"BRHBSCCRI9U1";"Ativo";"CDI + 3% a.a.";"292";"";"";"";"";"Helbor IX";"";"";"CRI"
"Habitasec";"Luan";"22L1215090";"BRHBSCCRI9V9";"Ativo";"IPCA + 10% a.a.";"284";"";"";"";"";"Luan";"";"";"CRI"
"Habitasec";"Lar";"22L1212138";"BRHBSCCRI9X5";"Ativo";"CDI + 2.45% a.a.";"240";"";"";"";"";"Lar";"";"";"CRI"
"Habitasec";"Lar";"22L1258273";"BRHBSCCRI9W7";"Ativo";"IPCA + 8.72% a.a.";"239";"";"";"";"";"Lar";"";"";"CRI"
"Habitasec";"Poehma";"23C1626751";"BRHBSCCRIA27";"Ativo";"IPCA + 17% a.a.";"246";"";"";"";"";"Poehma";"";"";"CRI"
"Habitasec";"Poehma";"23C1626118";"BRHBSCCRIA19";"Ativo";"IPCA + 17% a.a.";"245";"";"";"";"";"Poehma";"";"";"CRI"
"Habitasec";"Poehma";"23C1625918";"BRHBSCCRIA01";"Ativo";"IPCA + 17% a.a.";"227";"";"";"";"";"Poehma";"";"";"CRI"
"Habitasec";"MSB";"23D1245828";"BRHBSCCRIA35";"Ativo";"IPCA + 12% a.a.";"439";"";"";"";"";"MSB";"";"";"CRI"
"Habitasec";"Moov";"23E1206892";"BRHBSCCRIA68";"Ativo";"IPCA + 12.68% a.a.";"244";"";"";"";"";"Moov";"";"";"CRI"
"Habitasec";"Moov";"23E1202404";"BRHBSCCRIA50";"Ativo";"IPCA + 12.68% a.a.";"224";"";"";"";"";"Moov";"";"";"CRI"
"Habitasec";"Rodaros";"23F1032483";"BRHBSCCR0003";"Ativo";"CDI + 6% a.a.";"247";"";"";"";"";"Rodaros";"";"";"CRI"
"Habitasec";"Realiza Anápolis";"23H1744677";"BRHBSCCRIAC1";"Ativo";"CDI + 5.5% a.a.";"332";"";"";"";"";"Realiza Anápolis";"";"";"CRI"
"Habitasec";"Bonelli";"23H1753231";"BRHBSCCRIAB3";"Ativo";"IPCA + 10.68% a.a.";"333";"";"";"";"";"Bonelli";"";"";"CRI"
"Habitasec";"BTS Varginha";"23I1257019";"BRHBSCCRIAD9";"Ativo";"IPCA + 8.25% a.a.";"331";"";"";"";"";"BTS Varginha";"";"";"CRI"
"Habitasec";"MSB Triu";"23I2066060";"BRHBSCCRIAE7";"Ativo";"IPCA + 10% a.a.";"334";"";"";"";"";"MSB Triu";"";"";"CRI"
"Habitasec";"Pernambuco III";"23J1753853";"BRHBSCCRIAF4";"Ativo";"CDI + 5.75% a.a.";"382";"";"";"";"";"Pernambuco III";"";"";"CRI"
"Habitasec";"HBR Estacionamentos";"23J1928151";"BRHBSCCRIAG2";"Ativo";"CDI + 3.5% a.a.";"422";"";"";"";"";"HBR Estacionamentos";"";"";"CRI"
"Habitasec";"Mirante";"23J2008462";"BRHBSCCRIAH0";"Ativo";"IPCA + 12% a.a.";"428";"";"";"";"";"Mirante";"";"";"CRI"
"Habitasec";"Ditolvo VI";"23K1512153";"BRHBSCCRIAJ6";"Ativo";"IPCA + 10% a.a.";"429";"";"";"";"";"Ditolvo VI";"";"";"CRI"
"Habitasec";"Helbor XII (AF Cotas)";"23K1511855";"BRHBSCCRIAI8";"Ativo";"CDI + 3% a.a.";"438";"";"";"";"";"Helbor XII (AF Cotas)";"";"";"CRI"
"Habitasec";"Econ II";"23K2260145";"BRHBSCCRIAL2";"Ativo";"CDI + 2% a.a.";"436";"";"";"";"";"Econ II";"";"";"CRI"
"Habitasec";"Helbor XIII (Presidente Prudente)";"23K2511595";"BRHBSCCRIAK4";"Ativo";"Não definido + 12.8439% a.a.";"437";"";"";"";"";"Helbor XIII (Presidente Prudente)";"";"";"CRI"
"Habitasec";"Longitude II";"23L1958573";"BRHBSCCRIAN8";"Ativo";"CDI + 5.5% a.a.";"474";"";"";"";"";"Longitude II";"";"";"CRI"
"Habitasec";"Ipiranga";"23L2309173";"BRHBSCCRIAP3";"Ativo";"IPCA + 12% a.a.";"476";"";"";"";"";"Ipiranga";"";"";"CRI"
"Habitasec";"Longitude II";"23L1958694";"BRHBSCCRIAO6";"Ativo";"CDI + 5.5% a.a.";"475";"";"";"";"";"Longitude II";"";"";"CRI"
"Habitasec";"FIDC Empirica";"23L2834856";"BRHBSCCRIAR9";"Ativo";"IGP-M + 7% a.a.";"473";"";"";"";"";"FIDC Empirica";"";"";"CRI"
"Habitasec";"FIDC Empirica";"23L2833549";"BRHBSCCRIAQ1";"Ativo";"IGP-M + 9.3% a.a.";"472";"";"";"";"";"FIDC Empirica";"";"";"CRI"
"Habitasec";"Basesul";"24B1417493";"BRHBSCCRIAV1";"Ativo";"IPCA + 12% a.a.";"478";"";"";"";"";"Basesul";"";"";"CRI"
"Habitasec";"Basesul";"24B1404788";"BRHBSCCRIAU3";"Ativo";"IPCA + 12% a.a.";"477";"";"";"";"";"Basesul";"";"";"CRI"
"Habitasec";"Itaobim";"24B1812864";"BRHBSCCRIAZ2";"Ativo";"IPCA + 12% a.a.";"497";"";"";"";"";"Itaobim";"";"";"CRI"
"Habitasec";"Super Extrema";"24B1669810";"BRHBSCCRIAY5";"Ativo";"IPCA + 7.5% a.a.";"482";"";"";"";"";"Super Extrema";"";"";"CRI"
"Habitasec";"Super Extrema";"24B1669805";"BRHBSCCRIAX7";"Ativo";"IPCA + 7.5% a.a.";"481";"";"";"";"";"Super Extrema";"";"";"CRI"
"Habitasec";"Boa";"24B1813276";"BRHBSCCRIB00";"Ativo";"IPCA + 9.5% a.a.";"506";"";"";"";"";"Boa";"";"";"CRI"
"Habitasec";"Helbor BRAP";"24C1583302";"BRHBSCCRIB26";"Ativo";"CDI + 1.2004% a.a.";"494";"";"";"";"";"Helbor BRAP";"";"";"CRI"
"Habitasec";"Helbor BRAP";"24C1582978";"BRHBSCCRIB18";"Ativo";"CDI + 2% a.a.";"491";"";"";"";"";"Helbor BRAP";"";"";"CRI"
"Habitasec";"Manhattan NY";"24C1630594";"BRHBSCCRIB67";"Ativo";"IPCA + 13% a.a.";"493";"";"";"";"";"Manhattan NY";"";"";"CRI"
"Habitasec";"Manhattan NY";"24C1630587";"BRHBSCCRIB59";"Ativo";"IPCA + 10% a.a.";"492";"";"";"";"";"Manhattan NY";"";"";"CRI"
"Habitasec";"Level";"24C2208771";"BRHBSCCRIB91";"Ativo";"IPCA + 12.68% a.a.";"558";"";"";"";"";"Level";"";"";"CRI"
"Habitasec";"Level";"24C2203838";"BRHBSCCRIB83";"Ativo";"IPCA + 12.68% a.a.";"557";"";"";"";"";"Level";"";"";"CRI"
"Habitasec";"Level";"24C2199746";"BRHBSCCRIB75";"Ativo";"IPCA + 12.68% a.a.";"556";"";"";"";"";"Level";"";"";"CRI"
"Habitasec";"Helbor BRAP";"24C1586480";"BRHBSCCRIB42";"Ativo";"IPCA + 7.704% a.a.";"495";"";"";"";"";"Helbor BRAP";"";"";"CRI"
"Habitasec";"Helbor BRAP";"24C1589518";"BRHBSCCRIB34";"Ativo";"Não definido + 12.5908% a.a.";"496";"";"";"";"";"Helbor BRAP";"";"";"CRI"
"Habitasec";"Pernambuco Aurora Prince";"24D3062404";"BRHBSCCRIBB1";"Ativo";"CDI + 5% a.a.";"502";"";"";"";"";"Pernambuco Aurora Prince";"";"";"CRI"
"Habitasec";"MSB AXIS";"24D2858481";"BRHBSCCRIBA3";"Ativo";"IPCA + 11% a.a.";"501";"";"";"";"";"MSB AXIS";"";"";"CRI"
"Habitasec";"EBM Permuta Financeira";"24D3470625";"BRHBSCCRIBE5";"Ativo";"INCC-M + 8% a.a.";"505";"";"";"";"";"EBM Permuta Financeira";"";"";"CRI"
"Habitasec";"EBM Permuta Financeira";"24D3470114";"BRHBSCCRIBD7";"Ativo";"INCC-M + 8% a.a.";"504";"";"";"";"";"EBM Permuta Financeira";"";"";"CRI"
"Habitasec";"Econ IV";"24E1394847";"BRHBSCCRIBF2";"Ativo";"CDI + 3.75% a.a.";"507";"";"";"";"";"Econ IV";"";"";"CRI"
"Habitasec";"Realiza V (Goiânia)";"24F2010440";"BRHBSCCRIBL0";"Ativo";"CDI + 4.75% a.a.";"512";"";"";"";"";"Realiza V (Goiânia)";"";"";"CRI"
"Habitasec";"Realiza V (Goiânia)";"24F2009551";"BRHBSCCRIBJ4";"Ativo";"CDI + 5% a.a.";"510";"";"";"";"";"Realiza V (Goiânia)";"";"";"CRI"
"Habitasec";"Realiza V (Goiânia)";"24F2007358";"BRHBSCCRIBI6";"Ativo";"CDI + 4.75% a.a.";"509";"";"";"";"";"Realiza V (Goiânia)";"";"";"CRI"
"Habitasec";"Franco Ribeiro";"24F2418658";"BRHBSCCRIBM8";"Ativo";"IPCA + 11.5% a.a.";"513";"";"";"";"";"Franco Ribeiro";"";"";"CRI"
"Habitasec";"Montreal Vila Olimpia";"24G1773090";"BRHBT1CRI009";"Ativo";"IPCA + 12% a.a.";"514";"";"";"";"";"Montreal Vila Olimpia";"";"";"CRI"
"Habitasec";"Ariatam";"24H1453741";"BRHBSCCRIBN6";"Ativo";"IPCA + 11% a.a.";"521";"";"";"";"";"Ariatam";"";"";"CRI"
"Habitasec";"PIVÔ";"24H1736123";"BRHBSCCRIBP1";"Ativo";"CDI + 4% a.a.";"523";"";"";"";"";"PIVÔ";"";"";"CRI"
"Habitasec";"Pulverizado Projetos Residenciais";"24H2096783";"BRHBSCCRIBQ9";"Ativo";"IPCA + 10% a.a.";"522";"";"";"";"";"Pulverizado Projetos Residenciais";"";"";"CRI"
"Habitasec";"Nazale";"24I1781546";"BRHBSCCRIBR7";"Ativo";"CDI + 4.5% a.a.";"524";"";"";"";"";"Nazale";"";"";"CRI"
"Habitasec";"Ativos Residenciais Diversificados";"24I2477779";"BRHBSCCRIBS5";"Ativo";"CDI + 8% a.a.";"525";"";"";"";"";"Ativos Residenciais Diversificados";"";"";"CRI"
"Habitasec";"Bonelli Jaboh";"24J4614478";"BRHBSCCRIBW7";"Ativo";"IPCA + 14% a.a.";"530";"";"";"";"";"Bonelli Jaboh";"";"";"CRI"
"Habitasec";"Bonelli Jaboh";"24J4614248";"BRHBSCCRIBV9";"Ativo";"IPCA + 10% a.a.";"529";"";"";"";"";"Bonelli Jaboh";"";"";"CRI"
"Habitasec";"Bonelli Jaboh";"24J4614457";"BRHBSCCRIBU1";"Ativo";"IPCA + 14% a.a.";"528";"";"";"";"";"Bonelli Jaboh";"";"";"CRI"
"Habitasec";"Bonelli Jaboh";"24J4614247";"BRHBSCCRIBT3";"Ativo";"IPCA + 10% a.a.";"527";"";"";"";"";"Bonelli Jaboh";"";"";"CRI"
"Habitasec";"Pernambuco V";"24J4849357";"BRHBSCCRIBX5";"Ativo";"CDI + 5% a.a.";"526";"";"";"";"";"Pernambuco V";"";"";"CRI"
"Habitasec";"Habitasul";"24J5055187";"BRHBSCCRIBY3";"Ativo";"IPCA + 11.9% a.a.";"531";"";"";"";"";"Habitasul";"";"";"CRI"
"Habitasec";"CRA Cultura";"CRA02400ASZ";"BRHBSCCRA046";"Ativo";"CDI + 1% a.a.";"534";"";"";"";"";"CRA Cultura";"";"";"CRI"
"Habitasec";"CRA Cultura";"CRA02400ASY";"BRHBSCCRA038";"Ativo";"CDI + 5.5% a.a.";"533";"";"";"";"";"CRA Cultura";"";"";"CRI"
"Habitasec";"Kreich Ocean";"24K1659470";"BRHBSCCRIBZ0";"Ativo";"IPCA + 10% a.a.";"532";"";"";"";"";"Kreich Ocean";"";"";"CRI"
"Habitasec";"Uniq";"24K3207575";"BRHBSCCRIC33";"Ativo";"IPCA + 13.01% a.a.";"543";"";"";"";"";"Uniq";"";"";"CRI"
"Habitasec";"Uniq";"24K3106577";"BRHBSCCRIC25";"Ativo";"IPCA + 13% a.a.";"542";"";"";"";"";"Uniq";"";"";"CRI"
"Habitasec";"Uniq";"24K3051531";"BRHBSCCRIC17";"Ativo";"IPCA + 10.5% a.a.";"541";"";"";"";"";"Uniq";"";"";"CRI"
"Habitasec";"Umã Apeninos";"24K2830257";"BRHBSCCRIC09";"Ativo";"CDI + 6% a.a.";"535";"";"";"";"";"Umã Apeninos";"";"";"CRI"
"Habitasec";"Ditolvo Raízes";"24L2169426";"BRHBSCCRIC41";"Ativo";"IPCA + 11% a.a.";"536";"";"";"";"";"Ditolvo Raízes";"";"";"CRI"
"Habitasec";"Salas";"24L2289535";"BRHBSCCRIC66";"Ativo";"CDI + 5.5% a.a.";"540";"";"";"";"";"Salas";"";"";"CRI"
"Habitasec";"Salas";"24L2283691";"BRHBSCCRIC58";"Ativo";"IPCA + 13.29% a.a.";"539";"";"";"";"";"Salas";"";"";"CRI"
"Habitasec";"Helbor XV";"24L2814870";"BRHBSCCRIC74";"Ativo";"CDI + 3% a.a.";"545";"";"";"";"";"Helbor XV";"";"";"CRI"
"Habitasec";"QSJRN";"24L3363983";"BRHBSCCRIC90";"Ativo";"CDI + 11.99% a.a.";"538";"";"";"";"";"QSJRN";"";"";"CRI"
"Habitasec";"QSJRN";"24L3363976";"BRHBSCCRIC82";"Ativo";"CDI + 12% a.a.";"537";"";"";"";"";"QSJRN";"";"";"CRI"
"Habitasec";"Intecom";"25A2896965";"BRHBSCCRICB9";"Ativo";"IPCA + 8.8% a.a.";"548";"";"";"";"";"Intecom";"";"";"CRI"
"Habitasec";"Intecom";"25A2889666";"BRHBSCCRICA1";"Ativo";"IPCA + 8.8% a.a.";"549";"";"";"";"";"Intecom";"";"";"CRI"
"Habitasec";"Bonelli";"23H4498402";"BRHBSCCRICD5";"Ativo";"IPCA + 14.68% a.a.";"551";"";"";"";"";"Bonelli";"";"";"CRI"
"Habitasec";"Nurban Ibirapuera";"25A4463547";"BRHBSCCRICC7";"Ativo";"CDI + 4.45% a.a.";"552";"";"";"";"";"Nurban Ibirapuera";"";"";"CRI"
"Habitasec";"Cristais Log";"25C3750671";"BRHBSCCRICI4";"Ativo";"IPCA + 10.5% a.a.";"559";"";"";"";"";"Cristais Log";"";"";"CRI"
"Habitasec";"Cristais Log";"25C3750670";"BRHBSCCRICH6";"Ativo";"IPCA + 10.5% a.a.";"558";"";"";"";"";"Cristais Log";"";"";"CRI"
"Habitasec";"Cristais Log";"25C3750605";"BRHBSCCRICG8";"Ativo";"IPCA + 10.5% a.a.";"557";"";"";"";"";"Cristais Log";"";"";"CRI"
"Habitasec";"Cristais Log";"25C3746712";"BRHBSCCRICF0";"Ativo";"IPCA + 10.5% a.a.";"556";"";"";"";"";"Cristais Log";"";"";"CRI"
"Habitasec";"Helbor XVI";"25C3846858";"BRHBSCCRICE3";"Ativo";"CDI + 3% a.a.";"555";"";"";"";"";"Helbor XVI";"";"";"CRI"
"Habitasec";"Realiza 2025";"25C5641737";"BRHBSCCRICJ2";"Ativo";"IPCA + 10.5% a.a.";"560";"";"";"";"";"Realiza 2025";"";"";"CRI"
"Habitasec";"Abecker Guimbala";"25D1415700";"BRHBSCCRICM6";"Ativo";"IPCA + 14% a.a.";"561";"";"";"";"";"Abecker Guimbala";"";"";"CRI"
"Habitasec";"Abecker Duvoisin";"25E3131393";"BRHBSCCRICN4";"Ativo";"IPCA + 14% a.a.";"567";"";"";"";"";"Abecker Duvoisin";"";"";"CRI"
"Habitasec";"Basesul";"24B1418674";"BRHBSCCRIAW9";"Ativo";"IPCA + 12% a.a.";"479";"";"";"";"";"Basesul";"";"";"CRI"
"Habitasec";"Realiza 2025";"25E2783735";"BRHBSCCRICK0";"Ativo";"IPCA + 10% a.a.";"569";"";"";"";"";"Realiza 2025";"";"";"CRI"
"Habitasec";"Realiza 2025";"25E2773908";"BRHBSCCRICL8";"Ativo";"IPCA + 9.5% a.a.";"568";"";"";"";"";"Realiza 2025";"";"";"CRI"
"Habitasec";"Abecker Kasulke";"25F7201183";"BRHBSCCRICO2";"Ativo";"IPCA + 14% a.a.";"573";"";"";"";"";"Abecker Kasulke";"";"";"CRI"
"Habitasec";"Realiza V (Goiânia)";"24F2010431";"BRHBSCCRIBK2";"Ativo";"CDI + 5.0001% a.a.";"511";"";"";"";"";"Realiza V (Goiânia)";"";"";"CRI"
"Habitasec";"Poehma";"25F8288064";"BRHBSCCRICP9";"Ativo";"IPCA + 17.01% a.a.";"570";"";"";"";"";"Poehma";"";"";"CRI"
"Habitasec";"Triplice";"25G2885888";"BRHBSCCRICQ7";"Ativo";"CDI + 4.85% a.a.";"571";"";"";"";"";"Triplice";"";"";"CRI"
"Habitasec";"Triplice";"25G2900015";"BRHBSCCRICR5";"Ativo";"CDI + 4.86% a.a.";"572";"";"";"";"";"Triplice";"";"";"CRI"
"Habitasec";"Poehma";"25H3263353";"BRHBSCCRICS3";"Ativo";"IPCA + 17.011% a.a.";"590";"";"";"";"";"Poehma";"";"";"CRI"
"Habitasec";"VCA KAHAKAI";"25H4846072";"BRHBSCCRICU9";"Ativo";"IPCA + 10% a.a.";"593";"";"";"";"";"VCA KAHAKAI";"";"";"CRI"
"Habitasec";"VCA KAHAKAI";"25H4845788";"BRHBSCCRICT1";"Ativo";"IPCA + 9.5% a.a.";"592";"";"";"";"";"VCA KAHAKAI";"";"";"CRI"
"Habitasec";"Pulverizado Lançamentos Residenciais";"25H5089180";"BRHBSCCRICZ8";"Ativo";"IPCA + 10.5% a.a.";"591";"";"";"";"";"Pulverizado Lançamentos Residenciais";"";"";"CRI"
"Habitasec";"Montrecom Vila Mariana";"25I0175369";"BRHBSCCRID08";"Ativo";"CDI + 4% a.a.";"598";"";"";"";"";"Montrecom Vila Mariana";"";"";"CRI"
"Habitasec";"VCA KAHAKAI";"25J0017002";"BRHBSCCRICY1";"Ativo";"IPCA + 10.0002% a.a.";"597";"";"";"";"";"VCA KAHAKAI";"";"";"CRI"
"Habitasec";"VCA KAHAKAI";"25J0017001";"BRHBSCCRICX3";"Ativo";"IPCA + 9.5002% a.a.";"596";"";"";"";"";"VCA KAHAKAI";"";"";"CRI"
"Habitasec";"VCA KAHAKAI";"25I0014461";"BRHBSCCRICW5";"Ativo";"IPCA + 10.0001% a.a.";"595";"";"";"";"";"VCA KAHAKAI";"";"";"CRI"
"Habitasec";"VCA KAHAKAI";"25I0014441";"BRHBSCCRICV7";"Ativo";"IPCA + 9.5001% a.a.";"594";"";"";"";"";"VCA KAHAKAI";"";"";"CRI"
"Bari";"CRI 83ª Emissão 2ª Série";"26E2249728";"BRASTECRI588";"Ativo";"DI";"83";"2";"04/05/2026";"27/04/2029";"38.000.000,00";"";"Notas Comerciais";"OLIVEIRA TRUST";"B3"
"Bari";"CRI 83ª Emissão 1ª Série";"26E2243953";"BRASTECRI570";"Ativo";"DI";"83";"1";"04/05/2026";"26/04/2029";"26.500.000,00";"";"Notas Comerciais";"OLIVEIRA TRUST";"B3"
"Bari";"CRI 82ª Emissão 2ª Série";"26E2846962";"BRASTECRI596";"Ativo";"IPCA + 8,47%";"82";"2";"04/08/2026";"26/04/2041";"39.307.204,27";"";"Contrato de Locação";"VÓRTX";"B3"
"Bari";"CRI 82ª Emissão 1ª Série";"26E2843645";"BRASTECRI547";"Ativo";"IPCA + 8,47%";"82";"1";"07/05/2026";"25/04/2041";"28.816.339,44";"";"Contrato de Locação";"VÓRTX";"B3"
"Bari";"CRI 80ª Emissão 1ª Série";"26D7204859";"BRASTECRI539";"Ativo";"IPCA + 9,1285%";"80";"1";"22/04/2026";"07/11/2036";"112.783.356,11";"";"Contratos de Locação";"OLIVEIRA TRUST";"B3"